/*******************************************************************************
 * Size: 16 px
 * Bpp: 1
 * Opts: --font NotoSansSC.ttf --size 16 --bpp 1 --format lvgl --lv-font-name notosanssc_16 --lv-include lvgl.h -r 0x20-0x7E --symbols 
ΤΧω—‘’“”⊙⑧○　、。《》『』ヾ㈧一丁七万丈三上下不与丑专且世业丛东丝丢两严丧个丫中丰串临丹为主丽举乃久么义之乌乍乎乐乒乓乖乘九也习乡书买乱乳乾了予争事二于亏云互五井亚些亡亢交亦产亩享京亭亮亲人亿什仅仆仇仈今介仍从仑仓仔仕他仗付仙代令以仪们仰件价任份仿伊伍伏伐休众优伙会伟传伤伦伪伯估伴伶伸似伽但位低住佑体何余佛作你佣佩佬佳使侃例侍供依侠侣侥侦侧侮侵便促俊俏俐俗俘保信俩修倍倒倔候倚借债值倾假偌偏做停健偶偷傀傅储催傲傻像僵僻儡儿允元兄充先光克免兑兔党兜入全八公六兰共关兴兵其具典兹养兼兽内册再冒冕写军农冠冤冥冰冲决况冶冷冻净凄准凉凌减凑凛凝几凡凤凭凯凰凶凸凹出击函刀刁刃分切刑划列刘则刚创初删判利别刮到制刷券刹刺刻剂削前剑剔剥剧剩剪副割剿劈力劝办功加务动助努劫励劲劳势勇勉勋勒勘勤勺勾包匆匕化北匙匠匪匹区医十千升午半华协卑卓单卖南博占卡卢卧卫印危即却卷卸卿厅历厉压厌厕厚原厢厦厮去参又叉及友双反发叔取受变叙叛叠口古句另叨只叫召叭叮可台右叶号司叹叼叽吁吃各吆合吉吊同名后吐向吓吗君吞吟否吧吨含听吭启吵吸吹吼呀呃呆告呐呗员呜呢呦周呯呱呲味呵呸呻呼命咆咋和咒咔咕咚咝咣咦咧咬咯咱咳咽哀品哄哇哈哉响哎哑哒哗哟哥哦哨哪哭哮哼哽唇唉唏唐唠唤唬售唯唱唾啃商啊啐啕啥啦啧啪啸啼喂喃善喇喉喊喋喘喜喝喧喳喵喷嗅嗑嗒嗓嗖嗙嗜嗝嗡嗤嗦嗨嗫嗯嗷嗽嘀嘈嘉嘎嘘嘛嘟嘭嘱嘲嘴嘶嘻噌噎噔噗噜器噩噪噼嚎嚓嚣囊囔四回因团园困围固国图圆圈土圣在地场圾址均坎坏坐坑块坚坛坟坠坡坤坦坨坳垂垃型垒垫埃埋城域基堂堆堡堤堪堵塌塑塔塞境墓墙增墟墨壁壤士壮声处备复夏夕外多夜够大天太夫央失头夷夸夺奇奈奋奏契奔奖套奠奢奥女奶奸她好如妃妄妇妈妖妙妞妥妨妩妮妹妻姆始姐姑姓委姗姥姨姿威娃娅娇娘娜娟婆婉婕婚婪婴婷媚媳嫁嫂嫌嫩嬉子孑孔字存季孤学孩孽宁它宅守安完宗官定宜宝实宠审客宣室宫宰害宴宵家容宽宾寂寄密富寒寞察寡寥寨寸对寻导封射将尊小少尓尔尖尘尚尝尤尬就尴尸尺尼尽尾尿局屁层居屈届屋屌屎屏屑展属屠屡履山岁岂岔岛岩岸峡峭峰峻崇崖崩崭嵌川巡工左巧巨巫差己已巴巷币市布帅师希帐帕帜帝带席帮常帽幅幕干平年并幸幻幼幽广庄庆床序库应底店府庞废度座庭康廉廊延建开异弃弄弊式弓引弗弟张弥弦弧弯弱弹强归当录形彤彩彪彬影彻彼往征径待很徊律徒得徘御循微德徽心必忆忌忍忏忐忑志忘忙忠忧快念忽怀态怂怎怒怕怖怜思怡急性怨怪怯怵总恃恋恍恐恕恙恢恤恨恩恭息恰恳恶恼悄悉悍悔悚悟悠患悦您悬悯悲悴悻情惊惑惕惚惜惠惦惧惨惮惯想惹愁愈愉意愚感愣愤愧愿慌慎慑慕慢慧慨慰慷憋憔憾懂懈懊懒懦懵戏成我戒戕或战截戮戴户房所扁扇手才扎扑扒打扔托扛扣执扩扫扬扭扮扯扰扶批找承技抄把抑抓投抖抗折抚抛抠抡抢护报披抬抱抵抹押抽拂拄担拉拌拍拎拐拒拓拔拖拗拙招拜拟拢拣拥拦拧择括拭拯拱拳拼拽拾拿持挂指按挑挖挚挠挡挣挤挥挨挪振挺挽捂捅捆捉捋捎捏捕捞损捡换捣捧据捶捷捻掀掂掉掌掏掐排掖掘掠探掣接控推掩掰掷揉揍描提插握揣揩揪揭援揽搀搁搅搏搐搓搜搞搬搭携摄摆摇摊摒摔摘摞摧摩摸撅撇撑撒撕撞撤播撸擂擅操擞擦攀攒支收改攻放政故效敌敏救教敝敞敢散敦敬数敲整文斗料斜斤斥斧斩断斯新方施旁旅旋族旗无既日旦旧早时旷昂明昏易星映春昨昭是昼显晃晌晕晚晦晨普景晰晶智暂暄暇暖暗暮暴曜曰曲更書曹曾替最月有朋服朗望朝期木未末本札术朴朵机朽杀杂权杆李材村杖杜束杠条来杯杰松板极构枉析枕林枚果枝枢枪枭枯架柄某染柔查柱柳柴柿栅标栋栏树栓栖栗校样核根格栽桀桃框案桌桑档桥桨桩桶梁梅梢梦梧梯械检棍棒棕棘棚森棵棺植椭楚楼概槽樑模横樱橇橙橡檐欠次欢欣欧欲欺款歇歉歌止正此步武歪歹死殆殉殊残段殷殿毁毅母每毒比毕毙毛毫民氓气氛氪水永汀求汇汉汗江池污汪汰汲沃沉沙没沦沧沫沮河油治沼沾泄泉泊法泛泡波泣泥注泪泰泳泼泽洁洋洒洗洛洞洪洲活派流浅浆测济浑浓浪浮海涂消涉涌涎涕涛涡润涨涯液淀淋淘淡淬深混添清渊渐渗渣温港渴游湖湿溃溅源溜溢溪滋滑滔滚滞满滩滴漂漆漏演漠漩漫潇潜潮澄澜澡激瀑灌火灭灯灰灵灾灿炉炒炭炮炳炸点炼烁烂烈烙烟烤烦烧热烽焅焚焦焰然煞照熄熊熔熟熬燃燥爆爪爬爱父爷爸爹爽片版牌牙牛牢牧物牲牵特牺犀犄犟犬犯状犹狂狈狐狗狙狞狠狡独狭狮狰狱狸狼猎猛猜猝猥猩猪猫猬献猾獠獭率玉王玛玩玫环现玲玻珍珑珠班球理琐琢琳瑟瑰璃瓜瓢瓣瓦瓶瓷甘甚甜生用甩田由甲申电男甸画畅界畏畔留畜略番疏疑疗疙疫疮疯疼疾病症痒痔痕痛痪痴痹瘁瘦瘩瘫瘾癌癫登白百的皆皇皑皮皱盆盈益盎监盒盔盖盗盘盛盟目盯盲直相盼盾省眉看真眠眨眩眶眷眼着睁睛睡督睫睬睽瞄瞅瞌瞎瞑瞒瞟瞧瞪瞬矗矛矢知矩矫短矮石矿码砍研砰破砸础硌硕硪硫硬确碌碍碎碗碜碟碧碰碾磕磨磺礁示礼社祀祈祖祝神祟祥票祭祷祸禁福离秀私秋种科秒秘租积称移稀程稍税稚稳稻稽穆穴究穷空穿突窄窍窗窘窝窟窥窿立竖站竞竟章童竭端竹笑笔笛符笨第笼等筋筏筑答策筛筝筹签简算管箭箱篇篝篡篷簇簧籍米类粉粒粗粘粮粹精糊糕糖糙糟系紊素索紧紫累繁纠红纤约级纪纯纱纳纵纷纸纹纺线练组绅细织终绍绎经绑结绕给绚络绝绞统绣继绩绪续绳维绵绷绸综绿缇缓编缘缝缠缩缴缺网罕罗罚罢罩罪置署羊美羞羡群羽翅翎翔翘翠翡翩翱翻翼耀老考者而耍耐耔耗耳耶耻耽聊聋职联聚聪肃肆肉肌肖肚肝肠股肢肤肥肩肮肯育肺肿胀胁胆背胎胖胜胡胳胶胸能脆脉脏脑脖脚脯脱脸脾腐腔腕腥腮腰腹腻腾腿膀膊膛膜膝膨臀臂自臭至致舌舍舒舞舟航般舰舱舵船艇艘良艰色艳艺艾节芒芓芦芬芭花苍苏苔苗苟若苦英苹范茉茨茫茬茶草荐荒荔荡荣荫药荷莉莎莫莱莲获莹莽菇菜菲萄萌萎萝营萨落著葡葩葫葬蒂蒙蒲蒸蓄蓝蔑蔓蕉蕴蕾薄薪藉藏藓蘑虎虏虐虑虔虚虫虹虽蚁蚂蛇蛋蛛蛮蛾蜂蜕蜘蜜蜡蜥蜴蝇蝙蝠蝴蝶蝼螃融螺蟒蟹蠕蠢血衅行衔街衡衣补表衩衫衬衰衷袁袋袍袖袜被袭裁裂装裕裙裤裸裹褐褚西要覆见观规视觉觑角解触言詹誉誓警计订认讥讨让讪训议讯记讲讳讶许讹论讽设访诀证评诅识诈诉诌词试诚话诡询该详诧语误诱说诶请诸诺读课谁调谄谅谈谋谎谓谕谢谦谨谱谷豁豆象豪豫豹貌贝负贡财责败账货质贪贫购贯贱贴贵贸费贺贼赃资赋赎赏赐赔赖赚赛赞赠赢赤赦赫走赴赶起趁趄超越趋趔趟趣足趴跃跌跑跚距跟跤跨跪路跳践跺踏踞踢踩踪踱踹蹄蹑蹒蹦蹬蹲蹿躁身躯躲躺车轨转轮软轰轴轻载较辄辅辆辈辑输辗辛辜辞辟辣辨辱边辽达迁迂迅过迈迎运近返还这进远违连迟迦迪迫述迷迹追退送适逃逆选透逐递途逗通逛逝速造逢逸逻逼逾遁遇遍遏道遗遣遥遭遮避邀邓那邦邪邮邻郁郊郎郑部都鄙配酒酝酬酱酷酸酿醉醋醒采释里重野量金鉴针钉钝钟钢钥钧钩钮钱钻铁铃铅铐铜铠铭铲铳银铺链销锁锃锅锈锋锐错锢锣锤键锻镇镖镜镣镰镶长门闪闭问闯闲间闷闹闺闻阅阔队阱防阳阴阵阶阻阿附际陆陋陌降限陛陡院除陨险陪陵陶陷隆随隐隔隙障难雀雁雄雅集雕雨雪雯雳零雷電雾需霄霆震霉霜露霸霹青静非靠靡面靥革靴鞋鞭音韵页顶顷项顺须顾顿颁预领颇颊频颗题颜额颠颤颦风飒飘飞食饥饭饰饱饲饶饿馆馈馋首香馨马驯驰驱驳驴驶驻驼驾骂骄骇验骑骗骚骜骤骨骷骸骼髅髓高鬓鬼魁魂魄魅魇魔鱼鲁鲜鳄鳞鳟鸟鸡鸣鸥鸯鸳鸵鸽鹈鹕鹰麦麻黄黑默鼓鼠鼬鼻齐齿龄龇龙龟！（），：；？ＴＷＸ＾ -o ../main/font_cn_16.c
 ******************************************************************************/

#ifdef LV_LVGL_H_INCLUDE_SIMPLE
#include "lvgl.h"
#else
#include "lvgl.h"
#endif

#ifndef NOTOSANSSC_16
#define NOTOSANSSC_16 1
#endif

#if NOTOSANSSC_16

/*-----------------
 *    BITMAPS
 *----------------*/

/*Store the image of the glyphs*/
static LV_ATTRIBUTE_LARGE_CONST const uint8_t glyph_bitmap[] = {
    /* U+0020 " " */
    0x0,

    /* U+0021 "!" */
    0xff, 0x90,

    /* U+0022 "\"" */
    0xb6, 0xd0,

    /* U+0023 "#" */
    0x24, 0x89, 0x27, 0xf4, 0x89, 0x12, 0x7e, 0x49,
    0x12, 0x24, 0x80,

    /* U+0024 "$" */
    0x20, 0x87, 0xa0, 0x82, 0x4, 0x8, 0x18, 0x20,
    0x41, 0xb, 0xe2, 0x8,

    /* U+0025 "%" */
    0x70, 0x44, 0x84, 0x22, 0x21, 0x12, 0x8, 0x92,
    0x49, 0x69, 0xd2, 0x20, 0x91, 0x8, 0x88, 0x44,
    0x44, 0x24, 0x20, 0xe0,

    /* U+0026 "&" */
    0x18, 0x12, 0x9, 0x5, 0x3, 0x1, 0x81, 0x43,
    0x12, 0x8d, 0x43, 0x21, 0x8f, 0x30,

    /* U+0027 "'" */
    0xf0,

    /* U+0028 "(" */
    0x29, 0x49, 0x24, 0x92, 0x48, 0x91,

    /* U+0029 ")" */
    0x91, 0x24, 0x49, 0x24, 0xa4, 0xa4,

    /* U+002A "*" */
    0x25, 0x5c, 0xa0,

    /* U+002B "+" */
    0x10, 0x20, 0x40, 0x8f, 0xe2, 0x4, 0x8,

    /* U+002C "," */
    0xd8,

    /* U+002D "-" */
    0xf0,

    /* U+002E "." */
    0x80,

    /* U+002F "/" */
    0x4, 0x10, 0x82, 0x8, 0x41, 0x4, 0x20, 0x82,
    0x10, 0x41, 0x8, 0x20,

    /* U+0030 "0" */
    0x38, 0x8a, 0x14, 0x18, 0x30, 0x60, 0xc1, 0x83,
    0x9, 0x11, 0xc0,

    /* U+0031 "1" */
    0x61, 0x8, 0x42, 0x10, 0x84, 0x21, 0x9, 0xf0,

    /* U+0032 "2" */
    0x7a, 0x20, 0x41, 0x4, 0x20, 0x84, 0x20, 0x84,
    0x3f,

    /* U+0033 "3" */
    0x3c, 0x84, 0x8, 0x10, 0x43, 0x1, 0x1, 0x2,
    0x6, 0x13, 0xc0,

    /* U+0034 "4" */
    0x4, 0xc, 0xc, 0x14, 0x24, 0x24, 0x44, 0x84,
    0xff, 0x4, 0x4, 0x4,

    /* U+0035 "5" */
    0x7c, 0x81, 0x4, 0xb, 0x88, 0x80, 0x81, 0x2,
    0x6, 0x13, 0xc0,

    /* U+0036 "6" */
    0x3c, 0x82, 0x4, 0x9, 0x9c, 0xa0, 0xc1, 0x83,
    0x5, 0x11, 0xc0,

    /* U+0037 "7" */
    0xfc, 0x20, 0x84, 0x10, 0x42, 0x8, 0x20, 0x82,
    0x8,

    /* U+0038 "8" */
    0x3c, 0x89, 0xa, 0x14, 0x46, 0x9b, 0x42, 0x83,
    0x6, 0x13, 0xc0,

    /* U+0039 "9" */
    0x39, 0x8a, 0x14, 0x18, 0x30, 0xde, 0x81, 0x4,
    0x8, 0x13, 0xc0,

    /* U+003A ":" */
    0x80, 0x80,

    /* U+003B ";" */
    0x40, 0x0, 0x58,

    /* U+003C "<" */
    0x6, 0x73, 0x2, 0x3, 0x1, 0xc0,

    /* U+003D "=" */
    0xfe, 0x0, 0x0, 0xf, 0xe0,

    /* U+003E ">" */
    0xc0, 0x70, 0x18, 0x21, 0x9c, 0x0,

    /* U+003F "?" */
    0x74, 0x42, 0x11, 0x8, 0x84, 0x20, 0x0, 0x40,

    /* U+0040 "@" */
    0x7, 0x80, 0xc3, 0x8, 0x4, 0x80, 0x24, 0x38,
    0xc4, 0x46, 0x42, 0x32, 0x21, 0x91, 0x14, 0x88,
    0xa3, 0xb9, 0x80, 0x4, 0x0, 0x10, 0x0, 0x5e,
    0x0,

    /* U+0041 "A" */
    0x8, 0xc, 0x5, 0x2, 0x82, 0x41, 0x10, 0x88,
    0x7c, 0x41, 0x20, 0xa0, 0x50, 0x10,

    /* U+0042 "B" */
    0xf8, 0x84, 0x82, 0x82, 0x84, 0xf8, 0x86, 0x81,
    0x81, 0x81, 0x82, 0xfc,

    /* U+0043 "C" */
    0x1e, 0x61, 0x40, 0x80, 0x80, 0x80, 0x80, 0x80,
    0x80, 0x40, 0x41, 0x3e,

    /* U+0044 "D" */
    0xf8, 0x84, 0x82, 0x82, 0x81, 0x81, 0x81, 0x81,
    0x82, 0x82, 0x84, 0xf8,

    /* U+0045 "E" */
    0xfd, 0x2, 0x4, 0x8, 0x1f, 0xa0, 0x40, 0x81,
    0x2, 0x7, 0xf0,

    /* U+0046 "F" */
    0xfe, 0x8, 0x20, 0x83, 0xf8, 0x20, 0x82, 0x8,
    0x20,

    /* U+0047 "G" */
    0x1f, 0x10, 0x50, 0x10, 0x8, 0x4, 0x2, 0x1f,
    0x1, 0x80, 0xa0, 0x48, 0x23, 0xe0,

    /* U+0048 "H" */
    0x81, 0x81, 0x81, 0x81, 0x81, 0xff, 0x81, 0x81,
    0x81, 0x81, 0x81, 0x81,

    /* U+0049 "I" */
    0xff, 0xf0,

    /* U+004A "J" */
    0x4, 0x10, 0x41, 0x4, 0x10, 0x41, 0x4, 0x18,
    0x9e,

    /* U+004B "K" */
    0x82, 0x84, 0x88, 0x90, 0x90, 0xb0, 0xc8, 0x88,
    0x84, 0x82, 0x82, 0x81,

    /* U+004C "L" */
    0x82, 0x8, 0x20, 0x82, 0x8, 0x20, 0x82, 0x8,
    0x3f,

    /* U+004D "M" */
    0x80, 0xe0, 0xf0, 0x78, 0x5a, 0x2d, 0x16, 0x93,
    0x29, 0x94, 0xcc, 0x62, 0x30, 0x10,

    /* U+004E "N" */
    0x81, 0xc1, 0xc1, 0xa1, 0xa1, 0x91, 0x89, 0x89,
    0x85, 0x85, 0x83, 0x81,

    /* U+004F "O" */
    0x1e, 0x8, 0x44, 0xa, 0x2, 0x80, 0x60, 0x18,
    0x6, 0x1, 0x80, 0x90, 0x22, 0x10, 0x78,

    /* U+0050 "P" */
    0xf9, 0xa, 0xc, 0x18, 0x30, 0xbe, 0x40, 0x81,
    0x2, 0x4, 0x0,

    /* U+0051 "Q" */
    0x1e, 0x8, 0x44, 0xa, 0x2, 0x80, 0x60, 0x18,
    0x6, 0x1, 0x80, 0x90, 0x24, 0x10, 0xf8, 0x4,
    0x1, 0x0, 0x3c,

    /* U+0052 "R" */
    0xf9, 0xa, 0xc, 0x18, 0x30, 0xbe, 0x48, 0x89,
    0xa, 0x14, 0x10,

    /* U+0053 "S" */
    0x79, 0xa, 0x4, 0x4, 0x6, 0x3, 0x2, 0x2,
    0x6, 0x13, 0xc0,

    /* U+0054 "T" */
    0xff, 0x84, 0x2, 0x1, 0x0, 0x80, 0x40, 0x20,
    0x10, 0x8, 0x4, 0x2, 0x1, 0x0,

    /* U+0055 "U" */
    0x81, 0x81, 0x81, 0x81, 0x81, 0x81, 0x81, 0x81,
    0x81, 0x81, 0x42, 0x3c,

    /* U+0056 "V" */
    0x81, 0x81, 0x41, 0x42, 0x42, 0x42, 0x24, 0x24,
    0x24, 0x18, 0x18, 0x8,

    /* U+0057 "W" */
    0x84, 0x18, 0x41, 0x8a, 0x28, 0xa2, 0x8a, 0x28,
    0xa2, 0x51, 0x45, 0x14, 0x51, 0x46, 0x14, 0x60,
    0xc2, 0x8,

    /* U+0058 "X" */
    0x82, 0x42, 0x24, 0x24, 0x18, 0x8, 0x18, 0x28,
    0x24, 0x42, 0x42, 0x81,

    /* U+0059 "Y" */
    0x83, 0x5, 0x12, 0x24, 0x85, 0x4, 0x8, 0x10,
    0x20, 0x40, 0x80,

    /* U+005A "Z" */
    0x7e, 0x2, 0x4, 0x4, 0x8, 0x10, 0x10, 0x20,
    0x20, 0x40, 0x80, 0xff,

    /* U+005B "[" */
    0xd2, 0x49, 0x24, 0x92, 0x49, 0x27,

    /* U+005C "\\" */
    0x82, 0x8, 0x10, 0x40, 0x82, 0x8, 0x10, 0x41,
    0x2, 0x8, 0x20, 0x41,

    /* U+005D "]" */
    0x64, 0x92, 0x49, 0x24, 0x92, 0x4f,

    /* U+005E "^" */
    0x10, 0xc5, 0x12, 0x4a, 0x18, 0x40,

    /* U+005F "_" */
    0xff, 0x80,

    /* U+0060 "`" */
    0x11, 0x0,

    /* U+0061 "a" */
    0x3c, 0x88, 0x8, 0x13, 0xf8, 0x60, 0xc1, 0x7e,

    /* U+0062 "b" */
    0x81, 0x2, 0x4, 0x8, 0x17, 0x31, 0x41, 0x83,
    0x6, 0xc, 0x28, 0x5f, 0x0,

    /* U+0063 "c" */
    0x3c, 0x82, 0x4, 0x8, 0x10, 0x20, 0x20, 0x3c,

    /* U+0064 "d" */
    0x2, 0x4, 0x8, 0x10, 0x27, 0x51, 0xc1, 0x83,
    0x6, 0xc, 0x14, 0x27, 0xc0,

    /* U+0065 "e" */
    0x38, 0x8a, 0xc, 0x1f, 0xf0, 0x20, 0x20, 0x3c,

    /* U+0066 "f" */
    0x34, 0x44, 0x4f, 0x44, 0x44, 0x44, 0x44,

    /* U+0067 "g" */
    0x3f, 0xc2, 0x82, 0x82, 0x44, 0x78, 0x40, 0x40,
    0x3c, 0x43, 0x81, 0x82, 0x7c,

    /* U+0068 "h" */
    0x82, 0x8, 0x20, 0xbb, 0x18, 0x61, 0x86, 0x18,
    0x61, 0x84,

    /* U+0069 "i" */
    0xc2, 0xaa, 0xaa,

    /* U+006A "j" */
    0x20, 0x2, 0x22, 0x22, 0x22, 0x22, 0x22, 0x2c,

    /* U+006B "k" */
    0x82, 0x8, 0x20, 0x8a, 0x29, 0x28, 0xd3, 0x48,
    0xa2, 0x84,

    /* U+006C "l" */
    0xaa, 0xaa, 0xaa, 0xa0,

    /* U+006D "m" */
    0xb9, 0xd8, 0xc6, 0x10, 0xc2, 0x18, 0x43, 0x8,
    0x61, 0xc, 0x21, 0x84, 0x20,

    /* U+006E "n" */
    0xbb, 0x18, 0x61, 0x86, 0x18, 0x61, 0x84,

    /* U+006F "o" */
    0x3c, 0x42, 0x82, 0x81, 0x81, 0x81, 0x82, 0x42,
    0x3c,

    /* U+0070 "p" */
    0xb9, 0x8a, 0xc, 0x18, 0x30, 0x61, 0x42, 0xf9,
    0x2, 0x4, 0x8, 0x0,

    /* U+0071 "q" */
    0x3a, 0x8e, 0xc, 0x18, 0x30, 0x60, 0xa1, 0x3e,
    0x4, 0x8, 0x10, 0x20,

    /* U+0072 "r" */
    0xbc, 0x88, 0x88, 0x88, 0x80,

    /* U+0073 "s" */
    0x7a, 0x8, 0x10, 0x30, 0x20, 0x41, 0xf8,

    /* U+0074 "t" */
    0x42, 0x11, 0xe4, 0x21, 0x8, 0x42, 0x10, 0x60,

    /* U+0075 "u" */
    0x86, 0x18, 0x61, 0x86, 0x18, 0x63, 0x74,

    /* U+0076 "v" */
    0x83, 0x5, 0x12, 0x24, 0x45, 0xa, 0x14, 0x10,

    /* U+0077 "w" */
    0x84, 0x30, 0xc5, 0x28, 0xa5, 0x14, 0x94, 0x52,
    0x8c, 0x51, 0x8c, 0x10, 0x80,

    /* U+0078 "x" */
    0x84, 0x88, 0xa1, 0x81, 0x5, 0x12, 0x22, 0x84,

    /* U+0079 "y" */
    0x83, 0x5, 0x12, 0x24, 0x45, 0xa, 0xc, 0x10,
    0x20, 0x41, 0xe, 0x0,

    /* U+007A "z" */
    0x7c, 0x20, 0x84, 0x20, 0x84, 0x20, 0xfc,

    /* U+007B "{" */
    0x24, 0x44, 0x44, 0x48, 0x44, 0x44, 0x44, 0x43,

    /* U+007C "|" */
    0xff, 0xff, 0xe0,

    /* U+007D "}" */
    0x42, 0x22, 0x22, 0x21, 0x22, 0x22, 0x22, 0x28,

    /* U+007E "~" */
    0x41, 0x68, 0x30,

    /* U+03A4 "Τ" */
    0xff, 0x84, 0x2, 0x1, 0x0, 0x80, 0x40, 0x20,
    0x10, 0x8, 0x4, 0x2, 0x1, 0x0,

    /* U+03A7 "Χ" */
    0x82, 0x42, 0x24, 0x24, 0x18, 0x8, 0x18, 0x28,
    0x24, 0x42, 0x42, 0x81,

    /* U+03C9 "ω" */
    0x40, 0x88, 0xa, 0x1, 0x42, 0x18, 0x43, 0x8,
    0x61, 0xc, 0x62, 0x7b, 0x80,

    /* U+2014 "—" */
    0xff, 0xf0,

    /* U+2018 "‘" */
    0x6f,

    /* U+2019 "’" */
    0xf6,

    /* U+201C "“" */
    0x4c, 0xb7, 0xb0,

    /* U+201D "”" */
    0xde, 0xd3, 0x20,

    /* U+2299 "⊙" */
    0xf, 0x3, 0xc, 0x40, 0x24, 0x2, 0x80, 0x18,
    0x61, 0x80, 0x18, 0x1, 0x40, 0x24, 0x2, 0x30,
    0xc0, 0xf0,

    /* U+2467 "⑧" */
    0x7, 0xc0, 0x30, 0x60, 0x80, 0x22, 0xc, 0x24,
    0x24, 0x50, 0x88, 0x60, 0x90, 0xc1, 0xc1, 0x84,
    0xc3, 0x8, 0x85, 0x11, 0x12, 0x1c, 0x22, 0x0,
    0x83, 0x6, 0x1, 0xf0, 0x0,

    /* U+25CB "○" */
    0x7, 0xc0, 0x30, 0x60, 0x80, 0x22, 0x0, 0x24,
    0x0, 0x50, 0x0, 0x60, 0x0, 0xc0, 0x1, 0x80,
    0x3, 0x0, 0x5, 0x0, 0x12, 0x0, 0x22, 0x0,
    0x83, 0x6, 0x1, 0xf0, 0x0,

    /* U+3000 "　" */
    0x0,

    /* U+3001 "、" */
    0x84, 0x21,

    /* U+3002 "。" */
    0x74, 0x63, 0x17, 0x0,

    /* U+300A "《" */
    0x14, 0xa4, 0x94, 0x92, 0x8a, 0x28, 0xa1, 0x45,
    0xa, 0x28, 0x50,

    /* U+300B "》" */
    0xa2, 0x85, 0x12, 0x28, 0x91, 0x45, 0x24, 0xa5,
    0x14, 0xa2, 0x80,

    /* U+300E "『" */
    0xfe, 0x1b, 0xe8, 0xa2, 0x8a, 0x28, 0xa2, 0x8a,
    0x38,

    /* U+300F "』" */
    0x1c, 0x51, 0x45, 0x14, 0x51, 0x45, 0x17, 0xdf,
    0xc0,

    /* U+30FE "ヾ" */
    0x0, 0x2, 0xa, 0x84, 0x40, 0x20, 0x20, 0x10,
    0x8, 0x4,

    /* U+3227 "㈧" */
    0x20, 0x8, 0x89, 0x9, 0x12, 0x14, 0x44, 0x28,
    0x88, 0x31, 0x10, 0x62, 0x20, 0xc4, 0x21, 0x90,
    0x43, 0x20, 0x86, 0x80, 0x93, 0x0, 0xa4, 0x0,
    0x44, 0x1, 0x0,

    /* U+4E00 "一" */
    0xff, 0xfc,

    /* U+4E01 "丁" */
    0xff, 0xfc, 0x4, 0x0, 0x10, 0x0, 0x40, 0x1,
    0x0, 0x4, 0x0, 0x10, 0x0, 0x40, 0x1, 0x0,
    0x4, 0x0, 0x10, 0x0, 0x40, 0x1f, 0x0,

    /* U+4E03 "七" */
    0x4, 0x0, 0x8, 0x0, 0x10, 0x0, 0x20, 0x0,
    0x41, 0xc0, 0xfc, 0x1f, 0x0, 0x2, 0x0, 0x4,
    0x0, 0x8, 0x0, 0x10, 0x0, 0x20, 0x20, 0x40,
    0x40, 0xff, 0x0,

    /* U+4E07 "万" */
    0xff, 0xfe, 0x8, 0x0, 0x10, 0x0, 0x20, 0x0,
    0x7f, 0x80, 0x81, 0x3, 0x2, 0x4, 0x4, 0x8,
    0x8, 0x20, 0x10, 0x40, 0x21, 0x0, 0xcc, 0xf,
    0x0,

    /* U+4E08 "丈" */
    0x0, 0x80, 0x2, 0x0, 0x8, 0x3f, 0xff, 0x0,
    0x80, 0x82, 0x1, 0x8, 0x4, 0x40, 0x9, 0x0,
    0x28, 0x0, 0x60, 0x1, 0x40, 0x18, 0x83, 0x81,
    0xe0,

    /* U+4E09 "三" */
    0x7f, 0xf8, 0x0, 0x0, 0x0, 0x0, 0x0, 0x0,
    0x0, 0xff, 0xc0, 0x0, 0x0, 0x0, 0x0, 0x0,
    0x0, 0x0, 0x0, 0x3f, 0xff,

    /* U+4E0A "上" */
    0x1, 0x0, 0x2, 0x0, 0x4, 0x0, 0x8, 0x0,
    0x10, 0x0, 0x3f, 0x80, 0x40, 0x0, 0x80, 0x1,
    0x0, 0x2, 0x0, 0x4, 0x0, 0x8, 0x0, 0x10,
    0x1f, 0xff, 0xc0,

    /* U+4E0B "下" */
    0xff, 0xfe, 0x2, 0x0, 0x4, 0x0, 0x8, 0x0,
    0x14, 0x0, 0x26, 0x0, 0x42, 0x0, 0x82, 0x1,
    0x0, 0x2, 0x0, 0x4, 0x0, 0x8, 0x0, 0x10,
    0x0,

    /* U+4E0D "不" */
    0xff, 0xfc, 0x4, 0x0, 0x20, 0x1, 0x0, 0xa,
    0x40, 0x48, 0x82, 0x21, 0x90, 0x81, 0x82, 0x0,
    0x8, 0x0, 0x20, 0x0, 0x80, 0x0, 0x0,

    /* U+4E0E "与" */
    0x10, 0x1, 0x0, 0x7, 0xfe, 0x40, 0x2, 0x0,
    0x10, 0x0, 0xff, 0xe0, 0x1, 0x0, 0xf, 0xfe,
    0x80, 0x4, 0x0, 0x20, 0x1, 0x0, 0xf0,

    /* U+4E11 "丑" */
    0x7f, 0xe0, 0x20, 0x80, 0x82, 0x2, 0x8, 0x8,
    0x20, 0x20, 0x87, 0xfe, 0x2, 0x8, 0x8, 0x20,
    0x20, 0x80, 0x82, 0x4, 0x8, 0xff, 0xfc,

    /* U+4E13 "专" */
    0x2, 0x0, 0x10, 0x7, 0xff, 0x81, 0x0, 0xff,
    0xfc, 0x20, 0x1, 0x0, 0x3, 0xfc, 0x0, 0x20,
    0x1, 0x0, 0x8, 0x1, 0x40, 0x3, 0x0, 0x3,
    0x0,

    /* U+4E14 "且" */
    0x1f, 0xf0, 0x20, 0x20, 0x40, 0x40, 0x80, 0x81,
    0xff, 0x2, 0x2, 0x4, 0x4, 0x8, 0x8, 0x10,
    0x10, 0x3f, 0xe0, 0x40, 0x40, 0x80, 0x81, 0x1,
    0x1f, 0xff, 0xc0,

    /* U+4E16 "世" */
    0x11, 0x8, 0x11, 0x8, 0x11, 0x8, 0x11, 0x8,
    0xff, 0xff, 0x11, 0x8, 0x11, 0x8, 0x11, 0x8,
    0x11, 0x8, 0x11, 0xf8, 0x10, 0x0, 0x10, 0x0,
    0x1f, 0xfe,

    /* U+4E1A "业" */
    0x4, 0x40, 0x8, 0x80, 0x11, 0x0, 0x22, 0x0,
    0x44, 0x48, 0x88, 0x91, 0x12, 0x12, 0x24, 0x24,
    0x50, 0x8, 0x80, 0x11, 0x0, 0x22, 0x0, 0x44,
    0x1f, 0xff, 0xc0,

    /* U+4E1B "丛" */
    0x0, 0x40, 0x41, 0x1, 0x4, 0x4, 0x10, 0x10,
    0x40, 0x63, 0x1, 0x8a, 0x9, 0x28, 0x23, 0x11,
    0x4, 0x44, 0x20, 0xa0, 0x1, 0x0, 0x3, 0xff,
    0xf0,

    /* U+4E1C "东" */
    0x4, 0x0, 0x20, 0x3f, 0xfe, 0x10, 0x1, 0x10,
    0x8, 0x80, 0x84, 0x7, 0xff, 0x1, 0x0, 0x88,
    0x8, 0x48, 0x82, 0x28, 0x10, 0x83, 0x80,

    /* U+4E1D "丝" */
    0x8, 0x0, 0x40, 0x81, 0x4, 0x8, 0x90, 0x24,
    0x89, 0x14, 0x47, 0x9e, 0x4, 0x10, 0x20, 0x41,
    0x2, 0x7, 0xdf, 0x80, 0x0, 0x0, 0x3, 0xff,
    0xf0,

    /* U+4E22 "丢" */
    0x0, 0x38, 0xff, 0x80, 0x4, 0x0, 0x8, 0x3,
    0xff, 0x80, 0x20, 0x0, 0x40, 0x7f, 0xff, 0x2,
    0x0, 0x8, 0x0, 0x20, 0x40, 0x80, 0x82, 0x0,
    0x87, 0xfe, 0x80, 0x0, 0x0,

    /* U+4E24 "两" */
    0xff, 0xfe, 0x8, 0x80, 0x11, 0x3, 0xff, 0xe4,
    0x44, 0x48, 0x88, 0x93, 0x11, 0x25, 0x52, 0x50,
    0x94, 0xa2, 0x9, 0x0, 0x12, 0x0, 0x24, 0x3,
    0xc0,

    /* U+4E25 "严" */
    0x7f, 0xf8, 0x12, 0x2, 0x49, 0x1, 0x28, 0x4,
    0x81, 0xff, 0xf4, 0x0, 0x10, 0x0, 0x40, 0x1,
    0x0, 0x4, 0x0, 0x20, 0x0, 0x80, 0x0, 0x0,
    0x0,

    /* U+4E27 "丧" */
    0x1, 0x0, 0x2, 0x1, 0xff, 0xf0, 0x8, 0x0,
    0x11, 0x2, 0x24, 0x2, 0x48, 0x0, 0x80, 0xff,
    0xfe, 0x22, 0x0, 0x44, 0x20, 0x85, 0x81, 0x4,
    0x2, 0x4, 0x5, 0xc6, 0x14, 0x2,

    /* U+4E2A "个" */
    0x1, 0x0, 0x6, 0x0, 0x12, 0x0, 0x42, 0x1,
    0x13, 0x4, 0x21, 0x30, 0x41, 0x80, 0x80, 0x1,
    0x0, 0x2, 0x0, 0x4, 0x0, 0x8, 0x0, 0x10,
    0x0, 0x20, 0x0,

    /* U+4E2B "丫" */
    0x80, 0x28, 0x8, 0x82, 0x8, 0x80, 0x60, 0x8,
    0x1, 0x0, 0x20, 0x4, 0x0, 0x80, 0x10, 0x2,
    0x0, 0x40, 0x8, 0x0,

    /* U+4E2D "中" */
    0x2, 0x0, 0x10, 0x0, 0x81, 0xff, 0xf8, 0x20,
    0xc1, 0x6, 0x8, 0x30, 0x41, 0x82, 0xf, 0xff,
    0xe0, 0x82, 0x4, 0x0, 0x20, 0x1, 0x0, 0x8,
    0x0,

    /* U+4E30 "丰" */
    0x1, 0x0, 0x2, 0x1, 0xff, 0xf0, 0x8, 0x0,
    0x10, 0x7, 0xff, 0x0, 0x40, 0x0, 0x80, 0x1,
    0x1, 0xff, 0xfc, 0x4, 0x0, 0x8, 0x0, 0x10,
    0x0, 0x20, 0x0,

    /* U+4E32 "串" */
    0x2, 0x0, 0x20, 0x7f, 0xf4, 0x21, 0x42, 0x14,
    0x21, 0x7f, 0xf0, 0x20, 0xff, 0xf8, 0x21, 0x82,
    0x18, 0x21, 0xff, 0xf8, 0x20, 0x2, 0x0,

    /* U+4E34 "临" */
    0x12, 0x2, 0x4f, 0xf9, 0x40, 0x25, 0x20, 0x98,
    0x42, 0x40, 0x89, 0x0, 0x25, 0xfe, 0x94, 0x4a,
    0x51, 0x29, 0x44, 0x85, 0x12, 0x17, 0xf8, 0x50,
    0x20,

    /* U+4E39 "丹" */
    0x1f, 0xf8, 0x10, 0x8, 0x10, 0x8, 0x13, 0x8,
    0x10, 0x88, 0x10, 0x48, 0x10, 0x8, 0xff, 0xff,
    0x30, 0x8, 0x20, 0x8, 0x20, 0x8, 0x20, 0x8,
    0x40, 0x8, 0x80, 0x78,

    /* U+4E3A "为" */
    0x2, 0x0, 0x88, 0x1, 0x20, 0x0, 0x80, 0x7f,
    0xfc, 0x8, 0x10, 0x40, 0x41, 0x1, 0x4, 0x84,
    0x21, 0x11, 0x2, 0x44, 0x1, 0x20, 0x5, 0x0,
    0x30, 0x7, 0x80,

    /* U+4E3B "主" */
    0x1, 0x0, 0x1, 0x0, 0x0, 0x3, 0xff, 0xe0,
    0x10, 0x0, 0x20, 0x0, 0x40, 0x0, 0x80, 0x3f,
    0xfc, 0x2, 0x0, 0x4, 0x0, 0x8, 0x0, 0x10,
    0x1f, 0xff, 0xc0,

    /* U+4E3D "丽" */
    0xff, 0xfc, 0x0, 0x7, 0xcf, 0xa1, 0x42, 0x85,
    0xa, 0x15, 0x29, 0x52, 0xa5, 0x4a, 0x85, 0xa,
    0x14, 0x28, 0x50, 0xa1, 0x42, 0xc, 0x18,

    /* U+4E3E "举" */
    0x22, 0x10, 0x88, 0x81, 0x6, 0x3f, 0xff, 0x10,
    0x40, 0x48, 0x86, 0x21, 0x27, 0xff, 0x2, 0x0,
    0x8, 0x7, 0xff, 0xc0, 0x80, 0x2, 0x0, 0x8,
    0x0,

    /* U+4E43 "乃" */
    0x7f, 0xe0, 0x20, 0x80, 0x84, 0x2, 0x10, 0x8,
    0x40, 0x41, 0xf1, 0x0, 0x44, 0x1, 0x20, 0x4,
    0x80, 0x14, 0x0, 0x50, 0x3, 0x80, 0x78,

    /* U+4E45 "久" */
    0x8, 0x0, 0x20, 0x0, 0xf8, 0x4, 0x20, 0x20,
    0x81, 0x4, 0x4, 0x10, 0x20, 0xc0, 0x2, 0x80,
    0x11, 0x0, 0x84, 0x4, 0x8, 0x20, 0x13, 0x0,
    0x30,

    /* U+4E48 "么" */
    0x2, 0x0, 0x10, 0x0, 0x80, 0x4, 0x0, 0x20,
    0xc1, 0x2, 0x8, 0x10, 0x0, 0x80, 0x4, 0x40,
    0x20, 0x81, 0x1, 0x8, 0x4, 0x5f, 0xe8, 0x80,
    0x10,

    /* U+4E49 "义" */
    0x2, 0x0, 0x8, 0x42, 0x11, 0x8, 0x8, 0x10,
    0x20, 0x41, 0x0, 0x84, 0x1, 0x20, 0x3, 0x0,
    0x8, 0x0, 0x58, 0x2, 0x10, 0x30, 0x23, 0x0,
    0x70,

    /* U+4E4B "之" */
    0x2, 0x0, 0x4, 0x0, 0x0, 0x1f, 0xfc, 0x0,
    0x10, 0x0, 0x80, 0x4, 0x0, 0x20, 0x1, 0x0,
    0x18, 0x0, 0x80, 0xc, 0x0, 0x58, 0x2, 0x1f,
    0xf0,

    /* U+4E4C "乌" */
    0x0, 0x0, 0x20, 0xf, 0xfc, 0x40, 0x22, 0x2,
    0x10, 0x10, 0x83, 0x84, 0x0, 0x3f, 0xf8, 0x0,
    0x40, 0x3, 0xff, 0xd0, 0x0, 0x80, 0x4, 0x1,
    0xc0,

    /* U+4E4D "乍" */
    0x8, 0x0, 0x20, 0x0, 0x40, 0x0, 0xff, 0xf2,
    0x20, 0x8, 0x40, 0x20, 0x80, 0x41, 0xfe, 0x2,
    0x0, 0x4, 0x0, 0xf, 0xf0, 0x10, 0x0, 0x20,
    0x0, 0x40, 0x0, 0x80, 0x0,

    /* U+4E4E "乎" */
    0x0, 0x38, 0xff, 0x80, 0x4, 0x1, 0x8, 0x41,
    0x11, 0x2, 0x20, 0x0, 0x40, 0x7f, 0xff, 0x1,
    0x0, 0x2, 0x0, 0x4, 0x0, 0x8, 0x0, 0x10,
    0x1, 0xe0, 0x0,

    /* U+4E50 "乐" */
    0x0, 0x38, 0x7f, 0x80, 0x84, 0x1, 0x8, 0x4,
    0x10, 0x8, 0x20, 0x1f, 0xff, 0x0, 0x80, 0x1,
    0x0, 0x42, 0x21, 0x4, 0x24, 0x8, 0x20, 0x10,
    0x0, 0xe0, 0x0,

    /* U+4E52 "乒" */
    0x0, 0x18, 0x3f, 0xc0, 0x40, 0x0, 0x80, 0x1,
    0x0, 0x3, 0xff, 0x84, 0x8, 0x8, 0x10, 0x10,
    0x20, 0x20, 0x43, 0xff, 0xf8, 0x0, 0x0, 0x40,
    0x3, 0x0, 0x8, 0x0, 0x20, 0x0,

    /* U+4E53 "乓" */
    0x0, 0x18, 0x3f, 0xc0, 0x40, 0x0, 0x80, 0x1,
    0x0, 0x3, 0xff, 0x84, 0x8, 0x8, 0x10, 0x10,
    0x20, 0x20, 0x43, 0xff, 0xf8, 0x0, 0x0, 0x2,
    0x0, 0x2, 0x0, 0x3, 0x0, 0x1,

    /* U+4E56 "乖" */
    0x0, 0x38, 0xff, 0x80, 0x4, 0x7, 0xff, 0xf0,
    0x92, 0x1, 0x24, 0x9e, 0x4e, 0x4, 0x90, 0x9,
    0x20, 0x72, 0x47, 0x24, 0xf8, 0x8, 0x0, 0x10,
    0x0, 0x20, 0x0,

    /* U+4E58 "乘" */
    0x0, 0x30, 0xff, 0x80, 0x4, 0x7, 0xff, 0xf0,
    0x92, 0x8f, 0x26, 0x2, 0x48, 0x4, 0x90, 0x39,
    0x24, 0x87, 0x78, 0x15, 0x0, 0xc9, 0x82, 0x10,
    0x88, 0x20, 0xc0,

    /* U+4E5D "九" */
    0x4, 0x0, 0x8, 0x0, 0x10, 0x0, 0x20, 0xf,
    0xfe, 0x0, 0x84, 0x1, 0x8, 0x4, 0x10, 0x8,
    0x20, 0x20, 0x40, 0x40, 0x81, 0x1, 0x14, 0x2,
    0x30, 0x7, 0xc0,

    /* U+4E5F "也" */
    0x1, 0x0, 0x84, 0x2, 0x10, 0x8, 0x4e, 0x21,
    0xc8, 0xbc, 0x2f, 0x10, 0x88, 0x42, 0x21, 0x8,
    0x85, 0xc2, 0x10, 0x8, 0x1, 0x20, 0x4, 0xff,
    0xe0,

    /* U+4E60 "习" */
    0xff, 0xf0, 0x1, 0x0, 0x13, 0x1, 0x8, 0x10,
    0x41, 0x0, 0x10, 0x19, 0xe, 0x17, 0x1, 0x80,
    0x10, 0x1, 0x0, 0xe0,

    /* U+4E61 "乡" */
    0x1, 0x0, 0x10, 0x3, 0x0, 0x20, 0xc3, 0xf8,
    0x0, 0x80, 0x18, 0x61, 0x2, 0x7f, 0xe0, 0x2,
    0x0, 0x20, 0x2, 0x0, 0xe0, 0x78, 0x0,

    /* U+4E66 "书" */
    0x2, 0x0, 0x4, 0x20, 0x8, 0x33, 0xff, 0x80,
    0x21, 0x0, 0x42, 0x0, 0x84, 0x1, 0x8, 0xff,
    0xfc, 0x4, 0x8, 0x8, 0x10, 0x10, 0x20, 0x20,
    0x40, 0x47, 0x0, 0x80, 0x0,

    /* U+4E70 "买" */
    0x7f, 0xf8, 0x40, 0x20, 0xd0, 0x0, 0x40, 0x21,
    0x0, 0x44, 0x0, 0x10, 0x3f, 0xff, 0x2, 0x0,
    0xa, 0x0, 0x46, 0x2, 0x4, 0xf0, 0xc,

    /* U+4E71 "乱" */
    0x7, 0x40, 0xf0, 0x80, 0x21, 0x0, 0x42, 0xf,
    0xfc, 0x1, 0x8, 0x2, 0x10, 0x4, 0x20, 0x7f,
    0x40, 0x82, 0x81, 0x5, 0x2, 0xa, 0x17, 0xf4,
    0x28, 0x2f, 0xc0,

    /* U+4E73 "乳" */
    0x7, 0x40, 0xf0, 0x80, 0x45, 0x0, 0x92, 0x5,
    0x24, 0x4, 0x88, 0x1f, 0xd0, 0x1, 0x20, 0xc,
    0x40, 0x0, 0x80, 0xf9, 0x2, 0x82, 0x11, 0x4,
    0x22, 0x8, 0x4c, 0x1f, 0x80,

    /* U+4E7E "乾" */
    0x10, 0x3, 0xfa, 0x1, 0xf, 0xc4, 0x40, 0xfd,
    0x2, 0x10, 0xf, 0xcf, 0x21, 0x8, 0xfc, 0x40,
    0x41, 0xf, 0xe8, 0x4, 0x41, 0x11, 0x4, 0x47,
    0xf0,

    /* U+4E86 "了" */
    0xff, 0xf0, 0x2, 0x0, 0x40, 0x8, 0x3, 0x0,
    0x20, 0x2, 0x0, 0x20, 0x2, 0x0, 0x20, 0x2,
    0x0, 0x20, 0x1e, 0x0,

    /* U+4E88 "予" */
    0x3f, 0xf0, 0x0, 0x80, 0x44, 0x0, 0xe0, 0x0,
    0xc3, 0xff, 0xf0, 0x10, 0x80, 0x42, 0x1, 0x10,
    0x4, 0x0, 0x10, 0x0, 0x40, 0x1, 0x0, 0x1c,
    0x0,

    /* U+4E89 "争" */
    0x4, 0x0, 0x1f, 0xc0, 0x41, 0x1, 0x4, 0x3,
    0xff, 0x80, 0x21, 0x0, 0x42, 0x7f, 0xff, 0x1,
    0x8, 0x2, 0x10, 0xff, 0xe0, 0x8, 0x0, 0x10,
    0x1, 0xe0, 0x0,

    /* U+4E8B "事" */
    0x1, 0x0, 0x2, 0x3, 0xff, 0xf8, 0x8, 0x3,
    0xff, 0x84, 0x21, 0xf, 0xfe, 0x0, 0x80, 0x3f,
    0xf8, 0x2, 0x13, 0xff, 0xf8, 0x8, 0x47, 0xff,
    0x80, 0x21, 0x1, 0xc0, 0x0,

    /* U+4E8C "二" */
    0x7f, 0xf8, 0x0, 0x0, 0x0, 0x0, 0x0, 0x0,
    0x0, 0x0, 0x0, 0x0, 0x0, 0x0, 0x0, 0x0,
    0x0, 0xf, 0xff, 0xc0,

    /* U+4E8E "于" */
    0x7f, 0xfc, 0x2, 0x0, 0x4, 0x0, 0x8, 0x0,
    0x10, 0x1f, 0xff, 0xc0, 0x40, 0x0, 0x80, 0x1,
    0x0, 0x2, 0x0, 0x4, 0x0, 0x8, 0x0, 0xf0,
    0x0,

    /* U+4E8F "亏" */
    0x7f, 0xf8, 0x0, 0x0, 0x0, 0x0, 0x0, 0xff,
    0xfc, 0x40, 0x1, 0x0, 0x7, 0xfc, 0x0, 0x10,
    0x0, 0x40, 0x1, 0x0, 0x8, 0x1, 0xe0,

    /* U+4E91 "云" */
    0x3f, 0xf0, 0x0, 0x0, 0x0, 0x0, 0x0, 0xff,
    0xfc, 0x10, 0x0, 0x80, 0x2, 0x0, 0x10, 0x20,
    0x80, 0x42, 0x1, 0x17, 0xfa, 0x20, 0x0,

    /* U+4E92 "互" */
    0x7f, 0xfc, 0x40, 0x1, 0x0, 0x3, 0xf8, 0x10,
    0x20, 0x40, 0x82, 0x2, 0x8, 0x8, 0x1f, 0xc0,
    0x1, 0x0, 0x4, 0x0, 0x10, 0xff, 0xfc,

    /* U+4E94 "五" */
    0x7f, 0xf8, 0x10, 0x0, 0x40, 0x1, 0x0, 0x4,
    0x0, 0xff, 0x80, 0x82, 0x2, 0x8, 0x8, 0x20,
    0x20, 0x80, 0x82, 0x3f, 0xff,

    /* U+4E95 "井" */
    0x8, 0x20, 0x10, 0x40, 0x20, 0x83, 0xff, 0xe0,
    0x82, 0x1, 0x4, 0x2, 0x8, 0x4, 0x10, 0xff,
    0xfe, 0x10, 0x40, 0x40, 0x80, 0x81, 0x2, 0x2,
    0x8, 0x4, 0x0,

    /* U+4E9A "亚" */
    0x7f, 0xfe, 0x8, 0x80, 0x11, 0x0, 0x22, 0x4,
    0x44, 0x48, 0x89, 0x9, 0x12, 0x2, 0x28, 0x4,
    0x40, 0x8, 0x80, 0x11, 0x7, 0xff, 0xf0,

    /* U+4E9B "些" */
    0x10, 0x0, 0x44, 0x29, 0x11, 0x27, 0xd8, 0x91,
    0x2, 0x44, 0x9, 0x18, 0x5f, 0x3f, 0x80, 0x0,
    0xff, 0xc0, 0x0, 0x0, 0x0, 0x0, 0x3, 0xff,
    0xf0,

    /* U+4EA1 "亡" */
    0x1, 0x0, 0x2, 0x0, 0x2, 0x0, 0x4, 0xf,
    0xff, 0xe2, 0x0, 0x4, 0x0, 0x8, 0x0, 0x10,
    0x0, 0x20, 0x0, 0x40, 0x0, 0x80, 0x1, 0x0,
    0x3, 0xff, 0x80,

    /* U+4EA2 "亢" */
    0x2, 0x0, 0x4, 0x0, 0x0, 0x3f, 0xff, 0x0,
    0x0, 0x3f, 0x1, 0x4, 0x4, 0x10, 0x10, 0x40,
    0x41, 0x1, 0x4, 0x8, 0x11, 0x20, 0x47, 0x1,
    0xf0,

    /* U+4EA4 "交" */
    0x0, 0x0, 0x8, 0x0, 0x10, 0x3f, 0xff, 0x0,
    0x0, 0x40, 0x81, 0x1, 0x18, 0x2, 0x88, 0x44,
    0x21, 0x0, 0x48, 0x0, 0xc0, 0x3, 0x0, 0x13,
    0x3, 0x83, 0x30, 0x3,

    /* U+4EA6 "亦" */
    0x0, 0x0, 0x4, 0x0, 0x0, 0x3f, 0xff, 0x4,
    0x40, 0x11, 0x2, 0x44, 0x11, 0x12, 0x44, 0x46,
    0x21, 0x10, 0x84, 0x4, 0x10, 0x20, 0x41, 0x7,
    0x0,

    /* U+4EA7 "产" */
    0x2, 0x0, 0x4, 0x7, 0xff, 0x80, 0x0, 0x0,
    0x41, 0xff, 0xf4, 0x0, 0x10, 0x0, 0x40, 0x1,
    0x0, 0x8, 0x0, 0x20, 0x0, 0x80, 0x0, 0x0,
    0x0,

    /* U+4EA9 "亩" */
    0x0, 0x0, 0x8, 0x0, 0x10, 0x3f, 0xff, 0x0,
    0x0, 0x0, 0x7, 0xff, 0x90, 0x82, 0x42, 0x9,
    0xff, 0xe4, 0x20, 0x90, 0x82, 0x42, 0x9, 0xff,
    0xe4, 0x0, 0x80,

    /* U+4EAB "享" */
    0x2, 0x0, 0x8, 0xf, 0xff, 0xc0, 0x0, 0x3f,
    0xf0, 0x80, 0x42, 0x1, 0x7, 0xf8, 0x7f, 0xf0,
    0x3, 0x0, 0x0, 0x3f, 0xff, 0x2, 0x0, 0x8,
    0x0, 0xe0, 0x0,

    /* U+4EAC "京" */
    0x2, 0x0, 0x8, 0xf, 0xff, 0xc0, 0x0, 0x3f,
    0xf0, 0x80, 0x42, 0x1, 0x8, 0x4, 0x3f, 0xf0,
    0x8, 0x2, 0x20, 0x10, 0x86, 0x82, 0x4, 0x38,
    0x0,

    /* U+4EAD "亭" */
    0x2, 0x0, 0x8, 0xf, 0xff, 0xc0, 0x0, 0x3f,
    0xf0, 0x80, 0x43, 0xff, 0x0, 0x0, 0xff, 0xfe,
    0x0, 0x1b, 0xff, 0x40, 0x40, 0x1, 0x0, 0x4,
    0x0, 0xf0, 0x0,

    /* U+4EAE "亮" */
    0x2, 0x0, 0x4, 0xf, 0xff, 0xc0, 0x0, 0x3f,
    0xf0, 0x80, 0x43, 0xff, 0x0, 0x0, 0xff, 0xfe,
    0x0, 0x18, 0xfc, 0x42, 0x10, 0x10, 0x40, 0x41,
    0x16, 0x7, 0xc0,

    /* U+4EB2 "亲" */
    0x2, 0x0, 0x8, 0x7, 0xff, 0x84, 0x8, 0x10,
    0x40, 0x2, 0xf, 0xff, 0xc0, 0x80, 0xff, 0xfc,
    0x8, 0x3, 0x22, 0x8, 0x84, 0x42, 0x8, 0x38,
    0x0,

    /* U+4EBA "人" */
    0x1, 0x0, 0x2, 0x0, 0x4, 0x0, 0x8, 0x0,
    0x10, 0x0, 0x50, 0x0, 0xa0, 0x1, 0x40, 0x4,
    0x40, 0x8, 0x80, 0x20, 0x80, 0x80, 0x82, 0x0,
    0x98, 0x0, 0xc0,

    /* U+4EBF "亿" */
    0x0, 0x0, 0x10, 0x0, 0x4f, 0xf8, 0x80, 0x23,
    0x0, 0x8a, 0x2, 0x14, 0x8, 0x8, 0x20, 0x10,
    0x80, 0x22, 0x0, 0x44, 0x8, 0x90, 0x11, 0x20,
    0x22, 0x3f, 0xc4, 0x0, 0x0,

    /* U+4EC0 "什" */
    0x0, 0x20, 0x8, 0x20, 0x8, 0x20, 0x10, 0x20,
    0x10, 0x20, 0x30, 0x20, 0x57, 0xff, 0x90, 0x20,
    0x10, 0x20, 0x10, 0x20, 0x10, 0x20, 0x10, 0x20,
    0x10, 0x20, 0x10, 0x20, 0x10, 0x20,

    /* U+4EC5 "仅" */
    0x8, 0x0, 0x17, 0xf8, 0x40, 0x10, 0x90, 0x23,
    0x10, 0x8a, 0x21, 0x24, 0x42, 0x8, 0x48, 0x10,
    0xa0, 0x20, 0xc0, 0x41, 0x80, 0x84, 0x81, 0x10,
    0x82, 0xc0, 0xc0,

    /* U+4EC6 "仆" */
    0x8, 0x40, 0x30, 0x80, 0x41, 0x0, 0x82, 0x3,
    0x4, 0xa, 0xb, 0x24, 0x11, 0x8, 0x21, 0x10,
    0x40, 0x20, 0x80, 0x41, 0x0, 0x82, 0x1, 0x4,
    0x2, 0x8, 0x0,

    /* U+4EC7 "仇" */
    0x11, 0x0, 0x42, 0x0, 0x84, 0x1, 0x8, 0x2,
    0xff, 0xc, 0x22, 0x28, 0x44, 0x11, 0x8, 0x22,
    0x10, 0x44, 0x20, 0x90, 0x41, 0x20, 0x82, 0x81,
    0x25, 0x2, 0x4c, 0x7, 0x80,

    /* U+4EC8 "仈" */
    0x10, 0x10, 0x22, 0x20, 0x84, 0x41, 0x8, 0x86,
    0x11, 0x14, 0x22, 0x8, 0x84, 0x11, 0x4, 0x22,
    0x8, 0x48, 0x10, 0x90, 0x21, 0x20, 0x22, 0x80,
    0x45, 0x0, 0x40,

    /* U+4ECA "今" */
    0x1, 0x0, 0xc, 0x0, 0x48, 0x2, 0x10, 0x12,
    0x31, 0x84, 0x20, 0x8, 0x40, 0x0, 0x3f, 0xf0,
    0x0, 0x40, 0x2, 0x0, 0x10, 0x0, 0x80, 0x2,
    0x0, 0x10, 0x0,

    /* U+4ECB "介" */
    0x1, 0x0, 0x6, 0x0, 0x12, 0x0, 0x43, 0x1,
    0x1, 0x4, 0x1, 0xb2, 0x8, 0x84, 0x10, 0x8,
    0x20, 0x10, 0x40, 0x20, 0x80, 0x81, 0x2, 0x2,
    0x8, 0x4, 0x0,

    /* U+4ECD "仍" */
    0x10, 0x0, 0x5f, 0xc2, 0x11, 0x8, 0x44, 0x61,
    0x12, 0x84, 0x72, 0x10, 0x48, 0x81, 0x22, 0x4,
    0x88, 0x12, 0x40, 0x49, 0x1, 0x28, 0xc, 0xa0,
    0xe0,

    /* U+4ECE "从" */
    0x8, 0x0, 0x10, 0x40, 0x20, 0x80, 0x41, 0x0,
    0x82, 0x1, 0x4, 0x6, 0x8, 0xa, 0x30, 0x12,
    0x60, 0x43, 0x20, 0x82, 0x41, 0x8, 0x44, 0x10,
    0x50, 0x40, 0x40,

    /* U+4ED1 "仑" */
    0x1, 0x0, 0x5, 0x0, 0x11, 0x0, 0x41, 0x1,
    0x1, 0x8d, 0x0, 0xc2, 0x8, 0x4, 0x60, 0xb,
    0x0, 0x18, 0x0, 0x20, 0x0, 0x40, 0x40, 0x80,
    0x81, 0xff, 0x0,

    /* U+4ED3 "仓" */
    0x0, 0x80, 0x1, 0x80, 0x2, 0x40, 0x4, 0x20,
    0x8, 0x10, 0x10, 0x8, 0x2f, 0xf6, 0x48, 0x10,
    0x8, 0x10, 0x8, 0x10, 0x8, 0xf0, 0x8, 0x4,
    0x8, 0x4, 0x8, 0x4, 0xf, 0xf8,

    /* U+4ED4 "仔" */
    0x10, 0x0, 0x9f, 0xe2, 0x1, 0x8, 0x8, 0x60,
    0x42, 0x82, 0x2, 0xff, 0xc8, 0x20, 0x20, 0x80,
    0x82, 0x2, 0x8, 0x8, 0x20, 0x20, 0x80, 0x8e,
    0x0,

    /* U+4ED5 "仕" */
    0x0, 0x40, 0x10, 0x80, 0x41, 0x0, 0x82, 0x3,
    0x4, 0xb, 0xff, 0xe4, 0x10, 0x8, 0x20, 0x10,
    0x40, 0x20, 0x80, 0x41, 0x0, 0x82, 0x1, 0x4,
    0x3, 0xff, 0xc0,

    /* U+4ED6 "他" */
    0x4, 0x20, 0x9, 0x20, 0x9, 0x20, 0x11, 0x22,
    0x11, 0x3e, 0x71, 0x62, 0x93, 0xa2, 0x15, 0x22,
    0x11, 0x22, 0x11, 0x22, 0x11, 0x24, 0x11, 0x1,
    0x11, 0x1, 0x11, 0xfe,

    /* U+4ED7 "仗" */
    0x0, 0x20, 0x0, 0x40, 0x20, 0x80, 0x81, 0x1,
    0xff, 0xe6, 0x4, 0x14, 0x88, 0x49, 0x10, 0x12,
    0x40, 0x22, 0x80, 0x42, 0x0, 0x84, 0x1, 0x14,
    0x2, 0x46, 0x7, 0x3, 0x80,

    /* U+4ED8 "付" */
    0x0, 0x8, 0x10, 0x10, 0x40, 0x20, 0xbf, 0xf3,
    0x0, 0x8a, 0x1, 0x4, 0x2, 0x8, 0x84, 0x10,
    0x88, 0x21, 0x10, 0x40, 0x20, 0x80, 0x41, 0x0,
    0x82, 0xf, 0x0,

    /* U+4ED9 "仙" */
    0x0, 0x40, 0x41, 0x2, 0x4, 0x8, 0x10, 0x24,
    0x45, 0x91, 0x1a, 0x44, 0x49, 0x11, 0x24, 0x44,
    0x91, 0x12, 0x44, 0x49, 0x11, 0x24, 0x44, 0x9f,
    0xf2, 0x0, 0x40,

    /* U+4EE3 "代" */
    0x0, 0x40, 0x8, 0x48, 0x10, 0x44, 0x10, 0x40,
    0x30, 0x40, 0x53, 0xfc, 0x90, 0x40, 0x10, 0x20,
    0x10, 0x20, 0x10, 0x20, 0x10, 0x20, 0x10, 0x11,
    0x10, 0x12, 0x10, 0xa, 0x10, 0x6,

    /* U+4EE4 "令" */
    0x1, 0x0, 0xd, 0x0, 0x21, 0x0, 0x91, 0x2,
    0x11, 0x98, 0x10, 0xc0, 0x0, 0x1f, 0xf8, 0x0,
    0x20, 0x0, 0x40, 0x1, 0x0, 0x34, 0x0, 0x10,
    0x0, 0x10, 0x0, 0x0, 0x0,

    /* U+4EE5 "以" */
    0x0, 0x11, 0x10, 0x44, 0x41, 0x10, 0x84, 0x41,
    0x11, 0x0, 0x84, 0x2, 0x10, 0x8, 0x40, 0x41,
    0x11, 0x5, 0x8a, 0x18, 0x44, 0x2, 0x8, 0x10,
    0x10,

    /* U+4EEA "仪" */
    0x8, 0x0, 0x14, 0x48, 0x48, 0x90, 0x90, 0xa3,
    0x20, 0x8a, 0x21, 0x4, 0x42, 0x8, 0x88, 0x10,
    0x90, 0x20, 0xc0, 0x41, 0x0, 0x85, 0x1, 0x11,
    0x82, 0xc0, 0xc0,

    /* U+4EEC "们" */
    0x10, 0x0, 0x4b, 0xf2, 0x20, 0x48, 0x41, 0x24,
    0x5, 0x90, 0x1a, 0x40, 0x69, 0x1, 0x24, 0x4,
    0x90, 0x12, 0x40, 0x49, 0x1, 0x24, 0x4, 0x90,
    0x12, 0x43, 0xc0,

    /* U+4EF0 "仰" */
    0x10, 0x0, 0x44, 0x2, 0x67, 0xc9, 0x11, 0x24,
    0x45, 0x91, 0x1a, 0x44, 0x49, 0x11, 0x24, 0x44,
    0x91, 0x12, 0x54, 0x49, 0x97, 0x20, 0x40, 0x81,
    0x2, 0x4, 0x0,

    /* U+4EF6 "件" */
    0x12, 0x40, 0x48, 0x80, 0x91, 0x1, 0x3f, 0xe6,
    0x44, 0x15, 0x8, 0x2a, 0x10, 0x10, 0x20, 0x2f,
    0xfe, 0x40, 0x80, 0x81, 0x1, 0x2, 0x2, 0x4,
    0x4, 0x8, 0x0,

    /* U+4EF7 "价" */
    0x0, 0x80, 0x21, 0x80, 0x85, 0x1, 0x11, 0x2,
    0x41, 0x1d, 0x1, 0xa8, 0x84, 0x11, 0x8, 0x22,
    0x10, 0x44, 0x20, 0x88, 0x41, 0x20, 0x82, 0x41,
    0x5, 0x2, 0x0,

    /* U+4EFB "任" */
    0x0, 0x0, 0x10, 0x70, 0x5f, 0x0, 0x82, 0x3,
    0x4, 0xa, 0x8, 0x24, 0x10, 0xf, 0xff, 0x10,
    0x40, 0x20, 0x80, 0x41, 0x0, 0x82, 0x1, 0x4,
    0x3, 0xff, 0xc4, 0x0, 0x0,

    /* U+4EFD "份" */
    0x11, 0x20, 0x22, 0x40, 0x88, 0x41, 0x10, 0x82,
    0x40, 0x8c, 0x80, 0xab, 0xfe, 0x90, 0x84, 0x21,
    0x8, 0x42, 0x10, 0x84, 0x21, 0x10, 0x42, 0x41,
    0x85, 0xe, 0x0,

    /* U+4EFF "仿" */
    0x10, 0x0, 0x40, 0x80, 0x80, 0x1, 0x7f, 0xf2,
    0x10, 0xc, 0x20, 0x28, 0x40, 0x50, 0xfc, 0x22,
    0x8, 0x44, 0x10, 0x88, 0x21, 0x20, 0x42, 0x40,
    0x85, 0x3, 0x8, 0x1e, 0x0,

    /* U+4F0A "伊" */
    0x8, 0x0, 0xb, 0xfc, 0x10, 0x44, 0x10, 0x44,
    0x37, 0xff, 0x50, 0x44, 0x10, 0x44, 0x10, 0x44,
    0x13, 0xfc, 0x10, 0x44, 0x10, 0x80, 0x10, 0x80,
    0x11, 0x0, 0x16, 0x0,

    /* U+4F0D "伍" */
    0x8, 0x0, 0x17, 0xfe, 0x10, 0x40, 0x30, 0x80,
    0x30, 0x80, 0x50, 0x80, 0x57, 0xfc, 0x10, 0x84,
    0x10, 0x84, 0x11, 0x8, 0x11, 0x8, 0x11, 0x8,
    0x11, 0x8, 0x17, 0xff,

    /* U+4F0F "伏" */
    0x0, 0x40, 0x10, 0x90, 0x41, 0x20, 0x82, 0x21,
    0x4, 0x6, 0xff, 0xd4, 0x10, 0x8, 0x20, 0x10,
    0xa0, 0x21, 0x40, 0x42, 0x40, 0x88, 0x81, 0x10,
    0x82, 0x40, 0x85, 0x0, 0x80,

    /* U+4F10 "伐" */
    0x1, 0x0, 0x44, 0x82, 0x11, 0x8, 0x40, 0x21,
    0xfb, 0xbc, 0xa, 0x11, 0x8, 0x24, 0x20, 0xa0,
    0x83, 0x2, 0x8, 0x8, 0x51, 0x26, 0x44, 0xe0,
    0x92, 0x1, 0x80,

    /* U+4F11 "休" */
    0x0, 0x40, 0x8, 0x40, 0x10, 0x40, 0x10, 0x40,
    0x3f, 0xfe, 0x50, 0xe0, 0x91, 0x50, 0x11, 0x50,
    0x12, 0x48, 0x14, 0x44, 0x14, 0x44, 0x18, 0x42,
    0x10, 0x40, 0x10, 0x40,

    /* U+4F17 "众" */
    0x2, 0x0, 0xc, 0x0, 0x48, 0x2, 0x10, 0x30,
    0x33, 0x0, 0x31, 0x4, 0x4, 0x10, 0x10, 0x40,
    0xb2, 0x82, 0x2a, 0x8, 0x24, 0x41, 0xa, 0x8,
    0x10,

    /* U+4F18 "优" */
    0x8, 0x80, 0x21, 0x20, 0x42, 0x1, 0x4, 0x2,
    0xff, 0xec, 0x10, 0x28, 0x20, 0x10, 0x80, 0x21,
    0x40, 0x42, 0x80, 0x89, 0x1, 0x12, 0x2, 0x44,
    0x45, 0x8, 0x88, 0xf, 0x0,

    /* U+4F19 "伙" */
    0x10, 0x40, 0x20, 0x80, 0x81, 0x1, 0x2, 0x16,
    0x44, 0x54, 0x88, 0x89, 0x12, 0x10, 0x40, 0x20,
    0xc0, 0x41, 0x80, 0x85, 0x1, 0x9, 0x2, 0x21,
    0x5, 0x81, 0x80,

    /* U+4F1A "会" */
    0x1, 0x0, 0x6, 0x0, 0x12, 0x0, 0x42, 0x1,
    0x3, 0xd, 0xfd, 0x0, 0x1, 0x0, 0x0, 0x7f,
    0xfc, 0x8, 0x0, 0x11, 0x0, 0x41, 0x1, 0x1,
    0x4, 0xfd, 0x6, 0x0, 0x0,

    /* U+4F1F "伟" */
    0x10, 0x80, 0x82, 0x2, 0xff, 0x90, 0x20, 0x60,
    0x82, 0xbf, 0xe2, 0x8, 0xf, 0xff, 0x20, 0x84,
    0x82, 0x12, 0x8, 0x48, 0x21, 0x20, 0x9c, 0x82,
    0x0,

    /* U+4F20 "传" */
    0x0, 0x0, 0x8, 0x40, 0xb, 0xfe, 0x10, 0x40,
    0x10, 0x80, 0x30, 0x80, 0x57, 0xff, 0x11, 0x0,
    0x10, 0xfc, 0x10, 0x8, 0x10, 0x8, 0x10, 0x10,
    0x10, 0x60, 0x10, 0x10, 0x10, 0x8,

    /* U+4F24 "伤" */
    0x0, 0x0, 0x48, 0x2, 0x20, 0x8, 0xff, 0x24,
    0x81, 0xa2, 0xa, 0x8, 0x2b, 0xfe, 0x21, 0x8,
    0x84, 0x22, 0x10, 0x88, 0xc2, 0x22, 0x8, 0x90,
    0x22, 0x87, 0x80,

    /* U+4F26 "伦" */
    0x0, 0x40, 0x20, 0x80, 0x42, 0x81, 0x8, 0x82,
    0x20, 0x8c, 0x80, 0xaa, 0x80, 0x11, 0x8, 0x22,
    0x20, 0x45, 0x80, 0x8c, 0x1, 0x10, 0x2, 0x20,
    0x44, 0x40, 0x88, 0xff, 0x0,

    /* U+4F2A "伪" */
    0x10, 0x80, 0x52, 0x2, 0x28, 0x8, 0x20, 0x6f,
    0xfe, 0x84, 0x1a, 0x10, 0x48, 0x51, 0x22, 0x24,
    0x88, 0x52, 0x20, 0x49, 0x1, 0x28, 0xc, 0xc1,
    0xe0,

    /* U+4F2F "伯" */
    0x0, 0x0, 0x84, 0x4, 0x20, 0x4f, 0xf4, 0x40,
    0xb2, 0x6, 0x90, 0x24, 0x81, 0x27, 0xf9, 0x20,
    0x49, 0x2, 0x48, 0x12, 0x40, 0x92, 0x4, 0x9f,
    0xe0,

    /* U+4F30 "估" */
    0x0, 0x20, 0x8, 0x20, 0x10, 0x20, 0x10, 0x20,
    0x17, 0xff, 0x70, 0x20, 0x50, 0x20, 0x10, 0x20,
    0x13, 0xfe, 0x12, 0x2, 0x12, 0x2, 0x12, 0x2,
    0x12, 0x2, 0x12, 0x2, 0x13, 0xfe,

    /* U+4F34 "伴" */
    0x4, 0x20, 0xa, 0x22, 0x11, 0x24, 0x11, 0x24,
    0x10, 0x20, 0x73, 0xff, 0x50, 0x20, 0x10, 0x20,
    0x10, 0x20, 0x17, 0xff, 0x10, 0x20, 0x10, 0x20,
    0x10, 0x20, 0x10, 0x20,

    /* U+4F36 "伶" */
    0x8, 0x40, 0x11, 0x40, 0x44, 0x80, 0x90, 0x83,
    0x44, 0x8b, 0x4, 0xc4, 0x0, 0x9, 0xfe, 0x10,
    0x8, 0x20, 0x30, 0x40, 0x40, 0x85, 0x1, 0x4,
    0x2, 0x4, 0x0,

    /* U+4F38 "伸" */
    0x0, 0x20, 0x20, 0x40, 0x5f, 0xf8, 0xa1, 0x17,
    0x42, 0x2a, 0xff, 0xc5, 0x8, 0x8a, 0x11, 0x14,
    0x22, 0x2f, 0xfc, 0x50, 0x88, 0x81, 0x1, 0x2,
    0x2, 0x4, 0x0,

    /* U+4F3C "似" */
    0x10, 0x8, 0x4a, 0x10, 0x94, 0x21, 0x24, 0x46,
    0x48, 0x94, 0x8a, 0x9, 0x4, 0x12, 0x8, 0x24,
    0x10, 0x49, 0x50, 0x9c, 0xa1, 0x22, 0x22, 0x8,
    0x44, 0x20, 0x0,

    /* U+4F3D "伽" */
    0x12, 0x0, 0x48, 0x2, 0x23, 0xc8, 0x91, 0x2f,
    0xc5, 0x8b, 0x1a, 0x2c, 0x68, 0xb1, 0x22, 0xc4,
    0x8b, 0x12, 0x4c, 0x49, 0x31, 0x24, 0xbc, 0xa2,
    0x13, 0x30, 0x0,

    /* U+4F46 "但" */
    0x8, 0x0, 0xb, 0xfc, 0x12, 0x4, 0x12, 0x4,
    0x32, 0x4, 0x53, 0xfc, 0x92, 0x4, 0x12, 0x4,
    0x12, 0x4, 0x12, 0x4, 0x13, 0xfc, 0x10, 0x0,
    0x10, 0x0, 0x17, 0xff,

    /* U+4F4D "位" */
    0x8, 0x40, 0x10, 0x80, 0x40, 0x0, 0x9f, 0xe3,
    0x0, 0xa, 0x21, 0x14, 0x42, 0x8, 0x88, 0x11,
    0x10, 0x22, 0x20, 0x44, 0x40, 0x84, 0x81, 0x0,
    0x2, 0xff, 0xc0,

    /* U+4F4E "低" */
    0x8, 0x1c, 0x13, 0xf0, 0x12, 0x10, 0x12, 0x10,
    0x32, 0x10, 0x52, 0x10, 0x53, 0xff, 0x12, 0x10,
    0x12, 0x8, 0x12, 0x8, 0x12, 0x8, 0x12, 0x29,
    0x12, 0x56, 0x17, 0x86,

    /* U+4F4F "住" */
    0x8, 0x40, 0x8, 0x20, 0x10, 0x0, 0x27, 0xff,
    0x30, 0x20, 0x50, 0x20, 0x10, 0x20, 0x13, 0xfe,
    0x10, 0x20, 0x10, 0x20, 0x10, 0x20, 0x10, 0x20,
    0x10, 0x20, 0x17, 0xff,

    /* U+4F51 "佑" */
    0x8, 0x40, 0x8, 0x80, 0x10, 0x80, 0x27, 0xff,
    0x30, 0x80, 0x51, 0x0, 0x11, 0x0, 0x11, 0xfe,
    0x13, 0x2, 0x15, 0x2, 0x19, 0x2, 0x11, 0x2,
    0x11, 0xfe, 0x11, 0x2,

    /* U+4F53 "体" */
    0x0, 0x40, 0x20, 0x80, 0x41, 0x1, 0x2, 0x2,
    0xff, 0xec, 0x1c, 0x28, 0x58, 0x50, 0xa8, 0x22,
    0x50, 0x44, 0x90, 0x91, 0x11, 0x5f, 0xd2, 0x4,
    0x4, 0x8, 0x8, 0x10, 0x0,

    /* U+4F55 "何" */
    0x10, 0x0, 0x80, 0x2, 0xff, 0xd0, 0x2, 0x20,
    0xb, 0x9f, 0x2a, 0x44, 0x89, 0x12, 0x24, 0x48,
    0x91, 0x22, 0x7c, 0x89, 0x2, 0x20, 0x8, 0x80,
    0x22, 0x7, 0x80,

    /* U+4F59 "余" */
    0x1, 0x0, 0x6, 0x0, 0x12, 0x0, 0x43, 0x3,
    0x1, 0xb, 0xff, 0xa0, 0x40, 0xff, 0xfe, 0x1,
    0x0, 0x2, 0x0, 0x44, 0x41, 0x8, 0x4c, 0x10,
    0x41, 0xe0, 0x0,

    /* U+4F5B "佛" */
    0x8, 0x90, 0x21, 0x20, 0x5f, 0xf9, 0x4, 0x93,
    0x9, 0x2a, 0xff, 0xc5, 0x24, 0xc, 0x48, 0x17,
    0xfe, 0x21, 0x24, 0x44, 0x48, 0x88, 0x91, 0x21,
    0x62, 0x82, 0x0,

    /* U+4F5C "作" */
    0x0, 0x80, 0x12, 0x0, 0x24, 0x0, 0x8f, 0xf1,
    0x24, 0x6, 0x48, 0x15, 0x10, 0x2a, 0x3f, 0x10,
    0x40, 0x20, 0x80, 0x41, 0xf8, 0x82, 0x1, 0x4,
    0x2, 0x8, 0x4, 0x10, 0x0,

    /* U+4F60 "你" */
    0x8, 0x0, 0x9, 0x0, 0x11, 0x0, 0x11, 0xfe,
    0x32, 0x22, 0x52, 0x20, 0x90, 0x20, 0x11, 0x24,
    0x11, 0x24, 0x12, 0x22, 0x12, 0x20, 0x10, 0x20,
    0x10, 0x20, 0x10, 0xe0,

    /* U+4F63 "佣" */
    0x8, 0x0, 0x27, 0xfc, 0x48, 0x88, 0x91, 0x13,
    0x3f, 0xea, 0x44, 0x44, 0x88, 0x89, 0x11, 0x13,
    0xfe, 0x24, 0x44, 0x48, 0x88, 0xa1, 0x11, 0x42,
    0x23, 0x5, 0xc0,

    /* U+4F69 "佩" */
    0x10, 0x0, 0x17, 0xfc, 0x24, 0x4, 0x24, 0x4,
    0x27, 0xfc, 0x64, 0x44, 0xa5, 0xf4, 0xa6, 0x54,
    0x26, 0x54, 0x26, 0x54, 0x26, 0x54, 0x2e, 0x55,
    0x28, 0x75, 0x28, 0x47, 0x30, 0x42,

    /* U+4F6C "佬" */
    0x10, 0x80, 0x82, 0x32, 0xfe, 0x90, 0x24, 0x60,
    0xa2, 0xff, 0xfa, 0x8, 0x8, 0x40, 0x23, 0x10,
    0xb5, 0x82, 0x38, 0x8, 0x41, 0x21, 0x4, 0x87,
    0xf0,

    /* U+4F73 "佳" */
    0x10, 0x40, 0x20, 0x80, 0x9f, 0xf1, 0x2, 0x6,
    0x4, 0x15, 0xff, 0xe8, 0x0, 0x10, 0x20, 0x20,
    0x40, 0x4f, 0xf8, 0x81, 0x1, 0x2, 0x2, 0x4,
    0x5, 0xff, 0xc0,

    /* U+4F7F "使" */
    0x8, 0x20, 0x8, 0x20, 0xf, 0xff, 0x10, 0x20,
    0x10, 0x20, 0x33, 0xfe, 0x52, 0x22, 0x92, 0x22,
    0x12, 0x22, 0x13, 0xfe, 0x12, 0x20, 0x12, 0x40,
    0x11, 0x80, 0x11, 0x40, 0x16, 0x30, 0x0, 0xf,

    /* U+4F83 "侃" */
    0x0, 0x0, 0xb, 0xfe, 0xa, 0x2, 0x12, 0x2,
    0x12, 0x2, 0x32, 0x2, 0x53, 0xfe, 0x10, 0x0,
    0x11, 0x24, 0x11, 0x24, 0x11, 0x24, 0x11, 0x24,
    0x12, 0x24, 0x12, 0x25, 0x14, 0x7,

    /* U+4F8B "例" */
    0x10, 0x4, 0xbf, 0x12, 0x21, 0x49, 0x5, 0x67,
    0x96, 0x92, 0x52, 0x89, 0x4a, 0x25, 0x23, 0x14,
    0x84, 0x52, 0x10, 0x48, 0x81, 0x24, 0x4, 0xa0,
    0x30,

    /* U+4F8D "侍" */
    0x8, 0x20, 0x10, 0x20, 0x13, 0xfe, 0x20, 0x20,
    0x30, 0x20, 0x57, 0xff, 0x90, 0x8, 0x10, 0x8,
    0x17, 0xff, 0x10, 0x8, 0x11, 0x8, 0x10, 0x88,
    0x10, 0x8, 0x10, 0x38,

    /* U+4F9B "供" */
    0x9, 0x10, 0x22, 0x20, 0x44, 0x41, 0x8, 0x82,
    0x7f, 0xec, 0x22, 0x28, 0x44, 0x10, 0x88, 0x21,
    0x10, 0x5f, 0xfc, 0x80, 0x1, 0x8, 0x2, 0x21,
    0x4, 0x81, 0xa, 0x1, 0x0,

    /* U+4F9D "依" */
    0x10, 0x0, 0x20, 0x80, 0x80, 0x1, 0x7f, 0xf2,
    0x8, 0xc, 0x30, 0x28, 0x61, 0x11, 0x24, 0x26,
    0x50, 0x54, 0x40, 0x88, 0x81, 0x10, 0x82, 0x2c,
    0x84, 0x60, 0x80,

    /* U+4FA0 "侠" */
    0x0, 0x0, 0x20, 0x80, 0x41, 0x1, 0x3f, 0xf4,
    0x4, 0xc, 0x9, 0x28, 0x92, 0x10, 0x20, 0x2f,
    0xfe, 0x40, 0x80, 0x83, 0x1, 0x6, 0x2, 0x12,
    0x4, 0x42, 0xb, 0x3, 0x0,

    /* U+4FA3 "侣" */
    0x0, 0x0, 0x9f, 0xc8, 0x82, 0x44, 0x12, 0x20,
    0xb1, 0x6, 0x8f, 0xf4, 0x0, 0x20, 0x1, 0x3f,
    0xc9, 0x2, 0x48, 0x12, 0x40, 0x93, 0xfc, 0x90,
    0x0,

    /* U+4FA5 "侥" */
    0x12, 0x0, 0x88, 0x2, 0x3f, 0x13, 0x40, 0x61,
    0x22, 0x83, 0x1a, 0x74, 0x4a, 0xf, 0x20, 0x0,
    0xff, 0xf2, 0x24, 0x9, 0x10, 0x24, 0x40, 0xa1,
    0x13, 0x7, 0xc0,

    /* U+4FA6 "侦" */
    0x0, 0x40, 0x10, 0x80, 0x21, 0xf8, 0x82, 0x1,
    0x4, 0x6, 0x7f, 0x94, 0x81, 0x69, 0x2, 0x12,
    0x44, 0x24, 0x88, 0x49, 0x10, 0x92, 0x21, 0x9,
    0x2, 0x11, 0x4, 0xc1, 0x80, 0x0,

    /* U+4FA7 "侧" */
    0x0, 0x0, 0x40, 0x4, 0xbf, 0x49, 0x4a, 0x92,
    0x95, 0x2d, 0x2a, 0x6a, 0x54, 0xd4, 0xa9, 0x29,
    0x52, 0x52, 0xa4, 0xa5, 0x49, 0x10, 0x12, 0x28,
    0x24, 0x88, 0x4a, 0x3, 0x80,

    /* U+4FAE "侮" */
    0x2, 0x0, 0x90, 0x2, 0x7f, 0xd1, 0x0, 0x68,
    0x2, 0xcf, 0xea, 0x48, 0x89, 0x2, 0x3f, 0xfc,
    0x94, 0x22, 0x88, 0x8a, 0x12, 0x27, 0xfc, 0x80,
    0x22, 0x7, 0x0,

    /* U+4FB5 "侵" */
    0x4, 0x0, 0xb, 0xf8, 0x20, 0x10, 0x8f, 0xe1,
    0x0, 0x46, 0x3f, 0x94, 0x0, 0x49, 0xff, 0x14,
    0x2, 0x23, 0xfc, 0x40, 0x20, 0x84, 0x81, 0x6,
    0x2, 0xa, 0x4, 0xe3, 0x0,

    /* U+4FBF "便" */
    0x10, 0x0, 0x7f, 0xfc, 0x81, 0x1, 0x3f, 0xe6,
    0x44, 0x54, 0xff, 0xa9, 0x11, 0x12, 0x22, 0x27,
    0xfc, 0x40, 0x80, 0x92, 0x1, 0x14, 0x2, 0x18,
    0x5, 0xcf, 0x0,

    /* U+4FC3 "促" */
    0x10, 0x0, 0x2f, 0xf8, 0x90, 0x11, 0x20, 0x22,
    0x40, 0x4c, 0x80, 0xa9, 0xff, 0x10, 0x20, 0x20,
    0x40, 0x48, 0xf8, 0x91, 0x1, 0x32, 0x2, 0xa4,
    0x5, 0x38, 0xc, 0x1f, 0x80,

    /* U+4FCA "俊" */
    0x10, 0x80, 0x22, 0x20, 0x88, 0x41, 0x3f, 0xc2,
    0x0, 0x5c, 0x42, 0x29, 0x2, 0x14, 0x82, 0x21,
    0xf8, 0x44, 0x20, 0xb4, 0x81, 0x6, 0x2, 0xc,
    0x5, 0xe6, 0x0, 0x3, 0x0,

    /* U+4FCF "俏" */
    0x0, 0x40, 0x20, 0x84, 0x91, 0x11, 0x12, 0x42,
    0x4, 0xc, 0xff, 0xa9, 0x1, 0x12, 0x2, 0x27,
    0xfc, 0x48, 0x8, 0x90, 0x11, 0x3f, 0xe2, 0x40,
    0x44, 0x80, 0x89, 0x7, 0x0,

    /* U+4FD0 "俐" */
    0x0, 0x4, 0x86, 0x13, 0xe1, 0x50, 0x85, 0x62,
    0x16, 0xff, 0x5a, 0x21, 0x48, 0xc5, 0x26, 0x94,
    0xa8, 0x53, 0x21, 0x48, 0x81, 0x22, 0x4, 0x88,
    0x30,

    /* U+4FD7 "俗" */
    0x0, 0x0, 0x22, 0x20, 0x88, 0x21, 0x20, 0x22,
    0x84, 0xc, 0x28, 0x28, 0x48, 0x11, 0x8, 0x24,
    0x8, 0x5f, 0xfc, 0x90, 0x21, 0x20, 0x42, 0x40,
    0x84, 0x81, 0x9, 0xfe, 0x0,

    /* U+4FD8 "俘" */
    0x11, 0xf0, 0x9a, 0x22, 0x49, 0x8, 0x84, 0x62,
    0x2, 0x9f, 0xca, 0x2, 0x8, 0x10, 0x20, 0x0,
    0xbf, 0xf2, 0x8, 0x8, 0x20, 0x20, 0x80, 0x86,
    0x0,

    /* U+4FDD "保" */
    0x0, 0x0, 0xb, 0xfe, 0x12, 0x2, 0x12, 0x2,
    0x12, 0x2, 0x32, 0x2, 0x53, 0xfe, 0x10, 0x20,
    0x17, 0xff, 0x10, 0x70, 0x10, 0xa8, 0x11, 0x28,
    0x12, 0x26, 0x14, 0x21, 0x10, 0x20,

    /* U+4FE1 "信" */
    0x0, 0x0, 0x42, 0x2, 0x0, 0xb, 0xff, 0x20,
    0x1, 0x9f, 0xea, 0x0, 0x28, 0x0, 0x27, 0xf8,
    0x80, 0x2, 0x7f, 0x8a, 0x2, 0x28, 0x8, 0xa0,
    0x22, 0x7f, 0x80,

    /* U+4FE9 "俩" */
    0x0, 0x0, 0xbf, 0xf2, 0x12, 0x8, 0x48, 0x67,
    0xfe, 0x94, 0x9a, 0x52, 0x49, 0x49, 0x25, 0xd4,
    0x99, 0x52, 0x68, 0x49, 0x1, 0x24, 0x4, 0x90,
    0x70,

    /* U+4FEE "修" */
    0x0, 0x0, 0x21, 0x0, 0x83, 0xf1, 0x8, 0x22,
    0x28, 0x8c, 0xa, 0x2a, 0x1c, 0x15, 0xc7, 0x28,
    0x60, 0x53, 0x10, 0xa0, 0xc1, 0xe, 0x22, 0x0,
    0x84, 0x6, 0x8, 0xf0, 0x0,

    /* U+500D "倍" */
    0x0, 0x0, 0x42, 0x1, 0x7f, 0xc8, 0x0, 0x22,
    0x11, 0x88, 0x4a, 0x2, 0x2b, 0xff, 0x20, 0x0,
    0x9f, 0xe2, 0x40, 0x89, 0x2, 0x24, 0x8, 0x90,
    0x22, 0x7f, 0x80,

    /* U+5012 "倒" */
    0x0, 0x0, 0xbf, 0x54, 0x41, 0x4a, 0x25, 0x68,
    0x96, 0xbd, 0x5a, 0x21, 0x48, 0x85, 0x2f, 0x94,
    0x88, 0x52, 0x20, 0x48, 0xe1, 0x3c, 0x4, 0x80,
    0x70,

    /* U+5014 "倔" */
    0x0, 0x0, 0x5f, 0xf2, 0x40, 0x49, 0x1, 0x27,
    0xfd, 0x90, 0x8a, 0x52, 0x49, 0x49, 0x25, 0x24,
    0x97, 0xf2, 0x42, 0x4b, 0x89, 0x2a, 0x24, 0xa7,
    0xf3, 0x0, 0x40,

    /* U+5019 "候" */
    0x10, 0x0, 0x43, 0xf0, 0x80, 0x21, 0x0, 0x44,
    0x0, 0x8d, 0x7f, 0xea, 0x20, 0x54, 0x7e, 0x29,
    0x20, 0x54, 0x40, 0xaf, 0xf9, 0x43, 0x2, 0x5,
    0x4, 0x11, 0x8, 0xc1, 0x80,

    /* U+501A "倚" */
    0x8, 0x20, 0x10, 0x80, 0x5f, 0xf8, 0x82, 0x1,
    0xb, 0x6, 0x21, 0x94, 0x80, 0x4f, 0xff, 0x10,
    0x4, 0x27, 0xc8, 0x48, 0x90, 0x91, 0x21, 0x3e,
    0x42, 0x40, 0x84, 0xf, 0x0,

    /* U+501F "借" */
    0x8, 0x8, 0x11, 0x8, 0x17, 0xff, 0x21, 0x8,
    0x31, 0x8, 0x5f, 0xff, 0x10, 0x0, 0x13, 0xfc,
    0x12, 0x4, 0x12, 0x4, 0x13, 0xfc, 0x12, 0x4,
    0x12, 0x4, 0x13, 0xfc,

    /* U+503A "债" */
    0x0, 0x40, 0x41, 0x2, 0xff, 0x88, 0x10, 0x47,
    0xf9, 0x81, 0xa, 0xff, 0xe8, 0x0, 0x27, 0xfc,
    0x90, 0x12, 0x44, 0x49, 0x11, 0x24, 0x44, 0x82,
    0xc2, 0x70, 0xc0,

    /* U+503C "值" */
    0x8, 0x0, 0x42, 0x1, 0x7f, 0xc8, 0x20, 0x20,
    0x80, 0x9f, 0xee, 0x40, 0xa9, 0xfe, 0x24, 0x8,
    0x9f, 0xe2, 0x40, 0x89, 0x2, 0x27, 0xf8, 0x90,
    0x22, 0xff, 0xc0,

    /* U+503E "倾" */
    0x10, 0x0, 0x49, 0xfc, 0x90, 0x41, 0x25, 0x66,
    0x78, 0x54, 0x92, 0xa9, 0x25, 0x12, 0x4a, 0x24,
    0x94, 0x4b, 0x48, 0x98, 0x81, 0x1, 0x2, 0x4,
    0xc4, 0x10, 0x40,

    /* U+5047 "假" */
    0x10, 0x0, 0x2f, 0xf8, 0x92, 0x11, 0x24, 0x22,
    0x48, 0x4c, 0xff, 0x99, 0x0, 0x52, 0x0, 0x27,
    0xbc, 0x48, 0x50, 0x90, 0xa1, 0x3c, 0x82, 0x41,
    0x4, 0x85, 0x9, 0x31, 0x80,

    /* U+504C "偌" */
    0x9, 0x8, 0x9, 0x8, 0x17, 0xff, 0x11, 0x8,
    0x10, 0x8, 0x30, 0x80, 0x57, 0xff, 0x10, 0x80,
    0x11, 0x0, 0x11, 0x0, 0x13, 0xfc, 0x15, 0x4,
    0x11, 0x4, 0x11, 0xfc, 0x11, 0x0,

    /* U+504F "偏" */
    0x0, 0x0, 0x10, 0x40, 0x2f, 0xf8, 0x90, 0x11,
    0x20, 0x26, 0x7f, 0xd4, 0x80, 0x49, 0xff, 0x12,
    0x4a, 0x24, 0x94, 0x49, 0x28, 0xaf, 0xf1, 0x64,
    0xa2, 0xc9, 0x44, 0x13, 0x80,

    /* U+505A "做" */
    0x2, 0x20, 0x89, 0x2, 0x24, 0xf, 0xef, 0x62,
    0x4a, 0x8b, 0x2a, 0x24, 0x8b, 0xea, 0x28, 0xb0,
    0xa2, 0x42, 0x89, 0xa, 0x2c, 0x2f, 0xc8, 0xa2,
    0x10,

    /* U+505C "停" */
    0x0, 0x80, 0x20, 0x80, 0xbf, 0xf9, 0x0, 0x4,
    0x3f, 0x8c, 0x81, 0x28, 0xfe, 0x10, 0x0, 0x2f,
    0xfe, 0x50, 0x4, 0xbf, 0xf9, 0x2, 0x2, 0x4,
    0x4, 0x8, 0x8, 0x70, 0x0,

    /* U+5065 "健" */
    0x10, 0x20, 0x5d, 0xf8, 0x88, 0x91, 0x2f, 0xf6,
    0x82, 0x55, 0xdf, 0x88, 0x88, 0x10, 0xfe, 0x2a,
    0x20, 0x54, 0x40, 0x97, 0xf9, 0x31, 0x2, 0x9a,
    0x6, 0xf, 0xc0,

    /* U+5076 "偶" */
    0x10, 0x0, 0x9f, 0xf2, 0x44, 0x49, 0x11, 0x47,
    0xfd, 0x91, 0x1a, 0x7f, 0xc8, 0x10, 0x20, 0x40,
    0xbf, 0xf2, 0x84, 0x4a, 0x11, 0x29, 0xbc, 0xa0,
    0x12, 0x80, 0xc0,

    /* U+5077 "偷" */
    0x10, 0x80, 0x21, 0x40, 0x84, 0x41, 0x10, 0x62,
    0xdf, 0x3c, 0x0, 0x29, 0xe9, 0x12, 0x52, 0x27,
    0xa4, 0x49, 0x48, 0x9e, 0x91, 0x24, 0x22, 0x48,
    0x44, 0xb3, 0x80,

    /* U+5080 "傀" */
    0x0, 0x40, 0x21, 0x0, 0x5f, 0xf1, 0x22, 0x22,
    0x44, 0x4c, 0xff, 0xa9, 0x11, 0x12, 0x42, 0x27,
    0xfc, 0x41, 0x80, 0x83, 0x61, 0xb, 0x22, 0x27,
    0x84, 0x88, 0x4a, 0x1f, 0x80,

    /* U+5085 "傅" */
    0x0, 0x20, 0x8, 0x2c, 0x17, 0xff, 0x10, 0x20,
    0x13, 0xfc, 0x32, 0x24, 0x53, 0xfc, 0x12, 0x24,
    0x13, 0xfc, 0x12, 0x28, 0x1f, 0xff, 0x11, 0x8,
    0x10, 0x88, 0x10, 0x8, 0x10, 0x38,

    /* U+50A8 "储" */
    0x10, 0x0, 0x40, 0x44, 0x93, 0xf2, 0x11, 0x46,
    0x0, 0x97, 0x8e, 0xa9, 0x8, 0x12, 0x3e, 0x25,
    0xc4, 0x48, 0x88, 0x91, 0xf1, 0x22, 0x22, 0x77,
    0xc4, 0x8, 0x80,

    /* U+50AC "催" */
    0x14, 0x44, 0x91, 0x12, 0x44, 0x49, 0xff, 0x62,
    0x2, 0x89, 0xa, 0x3f, 0xc9, 0x10, 0x2f, 0xfc,
    0x91, 0x2, 0x7f, 0xc9, 0x10, 0x27, 0xfc, 0x90,
    0x0,

    /* U+50B2 "傲" */
    0x2, 0x0, 0x44, 0x40, 0xfe, 0x82, 0x11, 0x2,
    0x25, 0xcd, 0xf8, 0xa8, 0x91, 0x51, 0x12, 0x3f,
    0xa8, 0x48, 0x50, 0x9e, 0xa1, 0x24, 0x82, 0x89,
    0x5, 0x15, 0xc, 0xf1, 0x0,

    /* U+50BB "傻" */
    0x10, 0x40, 0x2f, 0xf8, 0x92, 0x51, 0x23, 0x26,
    0x59, 0x54, 0xff, 0xa8, 0x0, 0x11, 0x8e, 0x2d,
    0x2, 0x47, 0xf0, 0x90, 0x41, 0xd, 0x2, 0xe,
    0x4, 0xe3, 0x80,

    /* U+50CF "像" */
    0x11, 0x0, 0x23, 0xc0, 0x99, 0x1, 0x3f, 0xe2,
    0xc4, 0x4c, 0x98, 0xa9, 0xff, 0x10, 0x80, 0x26,
    0x88, 0x42, 0xe0, 0x99, 0xa1, 0xd, 0x22, 0x62,
    0x24, 0x18, 0x0,

    /* U+50F5 "僵" */
    0x1f, 0xfe, 0x40, 0x0, 0x9f, 0xf1, 0x22, 0x26,
    0x7f, 0xd4, 0xff, 0xa8, 0x0, 0x13, 0xfe, 0x27,
    0xfc, 0x48, 0x88, 0x9f, 0xf1, 0x3f, 0xe2, 0x0,
    0x5, 0xff, 0xc0,

    /* U+50FB "僻" */
    0x0, 0x10, 0x5f, 0x20, 0xa3, 0xf2, 0x46, 0x26,
    0x8c, 0x95, 0xe1, 0x2a, 0x3f, 0x94, 0x8, 0x2b,
    0x90, 0x50, 0xf8, 0xa2, 0x41, 0xc4, 0x83, 0x79,
    0x5, 0x2, 0x0,

    /* U+5121 "儡" */
    0x0, 0x0, 0x9f, 0xc2, 0x49, 0x11, 0x24, 0x67,
    0xf2, 0x92, 0x4a, 0x7f, 0x8, 0x0, 0x3f, 0xfc,
    0xca, 0x53, 0x29, 0x4f, 0xff, 0x32, 0x94, 0xff,
    0xf3, 0x8, 0x40,

    /* U+513F "儿" */
    0x8, 0x20, 0x10, 0x40, 0x20, 0x80, 0x41, 0x0,
    0x82, 0x1, 0x4, 0x2, 0x8, 0x4, 0x10, 0x8,
    0x20, 0x20, 0x40, 0x40, 0x88, 0x81, 0x12, 0x2,
    0x28, 0x7, 0xc0,

    /* U+5141 "允" */
    0x0, 0x0, 0x4, 0x0, 0x10, 0x0, 0x41, 0x0,
    0x82, 0x2, 0x2, 0xf, 0xfa, 0x2, 0x20, 0x4,
    0x40, 0x8, 0x80, 0x11, 0x0, 0x42, 0x10, 0x84,
    0x22, 0x8, 0x58, 0x1f, 0x80,

    /* U+5143 "元" */
    0x3f, 0xf8, 0x0, 0x0, 0x0, 0x0, 0x0, 0x0,
    0x3, 0xff, 0xf0, 0x84, 0x2, 0x10, 0x8, 0x40,
    0x21, 0x1, 0x4, 0x48, 0x11, 0x40, 0x7c,

    /* U+5144 "兄" */
    0x3f, 0xf8, 0x40, 0x10, 0x80, 0x21, 0x0, 0x42,
    0x0, 0x84, 0x1, 0xf, 0xfe, 0x4, 0x20, 0x8,
    0x40, 0x10, 0x80, 0x21, 0x8, 0x82, 0x12, 0x4,
    0x28, 0xf, 0xc0,

    /* U+5145 "充" */
    0x2, 0x0, 0x8, 0x0, 0x10, 0x3f, 0xff, 0x4,
    0x0, 0x20, 0x1, 0x4, 0x8, 0xc, 0x7f, 0xf8,
    0x22, 0x0, 0x88, 0x2, 0x20, 0x10, 0x80, 0x42,
    0x16, 0x7, 0xc0,

    /* U+5148 "先" */
    0x1, 0x0, 0x22, 0x0, 0x44, 0x0, 0xff, 0xe2,
    0x10, 0x8, 0x20, 0x10, 0x40, 0x0, 0x80, 0xff,
    0xfe, 0x10, 0x80, 0x21, 0x0, 0x42, 0x1, 0x4,
    0x22, 0x8, 0x58, 0x1f, 0x80,

    /* U+5149 "光" */
    0x1, 0x0, 0x2, 0x10, 0x84, 0x40, 0x88, 0x81,
    0x10, 0x0, 0x20, 0x0, 0x40, 0x7f, 0xff, 0x8,
    0x40, 0x10, 0x80, 0x21, 0x0, 0x82, 0x1, 0x4,
    0x24, 0x8, 0x70, 0x1f, 0x80,

    /* U+514B "克" */
    0x1, 0x0, 0x2, 0x3, 0xff, 0xf8, 0x8, 0x0,
    0x10, 0x7, 0xfe, 0x8, 0x4, 0x10, 0x8, 0x20,
    0x10, 0x7f, 0xe0, 0x22, 0x0, 0x44, 0x0, 0x88,
    0x22, 0x10, 0x58, 0x1f, 0x80,

    /* U+514D "免" */
    0x8, 0x0, 0x1f, 0x80, 0x41, 0x1, 0x4, 0x7,
    0xff, 0xd4, 0x20, 0x88, 0x41, 0x10, 0x82, 0x3f,
    0xfc, 0x5, 0x0, 0x12, 0x0, 0x24, 0x1, 0x88,
    0x2c, 0xf, 0xc0,

    /* U+5151 "兑" */
    0x8, 0x20, 0x10, 0x40, 0x11, 0x1, 0xff, 0xc2,
    0x0, 0x84, 0x1, 0x8, 0x2, 0x1f, 0xfc, 0x4,
    0x40, 0x8, 0x80, 0x21, 0x0, 0x42, 0x11, 0x4,
    0x2c, 0xf, 0xc0,

    /* U+5154 "兔" */
    0x4, 0x0, 0x1f, 0x80, 0x41, 0x1, 0x4, 0x7,
    0xff, 0xd4, 0x20, 0x88, 0x41, 0x10, 0x82, 0x3f,
    0xfc, 0x5, 0x40, 0xa, 0x40, 0x24, 0x40, 0x88,
    0x2e, 0x1f, 0xc0,

    /* U+515A "党" */
    0x21, 0x8, 0x11, 0x10, 0x9, 0x10, 0x7f, 0xfe,
    0x40, 0x2, 0x40, 0x2, 0x5f, 0xf2, 0x10, 0x10,
    0x10, 0x10, 0x1f, 0xf0, 0x4, 0x40, 0x8, 0x40,
    0x8, 0x41, 0x30, 0x41, 0x40, 0x7e,

    /* U+515C "兜" */
    0x1, 0x0, 0x22, 0x1, 0x9f, 0x72, 0x22, 0x24,
    0x44, 0x48, 0xf8, 0x91, 0x11, 0x26, 0x22, 0x77,
    0xfc, 0x0, 0x0, 0x11, 0x0, 0x22, 0x0, 0x84,
    0x22, 0x8, 0x58, 0x1f, 0x80,

    /* U+5165 "入" */
    0x8, 0x0, 0x10, 0x0, 0x20, 0x0, 0x80, 0x3,
    0x0, 0xc, 0x0, 0x48, 0x1, 0x20, 0x4, 0x40,
    0x21, 0x1, 0x2, 0x8, 0x4, 0x60, 0xa, 0x0,
    0x10,

    /* U+5168 "全" */
    0x1, 0x0, 0x5, 0x0, 0x11, 0x0, 0x41, 0x1,
    0x1, 0x4, 0x1, 0x1f, 0xff, 0xc0, 0x80, 0x1,
    0x0, 0x7f, 0xf0, 0x4, 0x0, 0x8, 0x0, 0x10,
    0x1f, 0xff, 0xc0,

    /* U+516B "八" */
    0x8, 0x0, 0x22, 0x0, 0x88, 0x4, 0x20, 0x10,
    0x40, 0x41, 0x1, 0x4, 0x4, 0x8, 0x20, 0x20,
    0x80, 0x84, 0x1, 0x20, 0x2, 0x80, 0x4,

    /* U+516C "公" */
    0x0, 0x0, 0x21, 0x1, 0x2, 0x8, 0x8, 0x20,
    0x11, 0x8, 0x28, 0x40, 0x41, 0x0, 0x8, 0x40,
    0x21, 0x1, 0x2, 0x8, 0x4, 0x3f, 0xf0, 0x0,
    0x20,

    /* U+516D "六" */
    0x2, 0x0, 0x8, 0x0, 0x10, 0x0, 0x0, 0xff,
    0xfc, 0x0, 0x0, 0x0, 0x2, 0x10, 0x10, 0x20,
    0x40, 0x82, 0x1, 0x10, 0x2, 0x40, 0xa, 0x0,
    0x10,

    /* U+5170 "兰" */
    0x20, 0x0, 0x40, 0x80, 0x84, 0x0, 0x10, 0x7f,
    0xf8, 0x0, 0x0, 0x0, 0x0, 0x0, 0x0, 0x0,
    0xff, 0xc0, 0x0, 0x0, 0x0, 0x0, 0x3, 0xff,
    0xf0,

    /* U+5171 "共" */
    0x8, 0x20, 0x10, 0x40, 0x20, 0x80, 0x41, 0x7,
    0xff, 0xc1, 0x4, 0x2, 0x8, 0x4, 0x10, 0x8,
    0x21, 0xff, 0xfc, 0x0, 0x0, 0x0, 0x0, 0x82,
    0x2, 0x2, 0x8, 0x3, 0x20, 0x0,

    /* U+5173 "关" */
    0x0, 0x0, 0x40, 0x80, 0x84, 0x0, 0x10, 0x7f,
    0xf8, 0x8, 0x0, 0x20, 0x0, 0x80, 0xff, 0xfc,
    0xc, 0x0, 0x50, 0x1, 0x20, 0x8, 0x40, 0x40,
    0x8e, 0x1, 0xc0,

    /* U+5174 "兴" */
    0x4, 0xa, 0x10, 0x24, 0x21, 0x10, 0x84, 0x20,
    0x20, 0x1, 0x0, 0x0, 0x3f, 0xff, 0x0, 0x0,
    0x21, 0x1, 0x2, 0x8, 0x4, 0x40, 0xa, 0x0,
    0x10,

    /* U+5175 "兵" */
    0x0, 0x18, 0x3f, 0xc0, 0x40, 0x0, 0x80, 0x1,
    0x0, 0x3, 0xff, 0x84, 0x8, 0x8, 0x10, 0x10,
    0x20, 0x20, 0x43, 0xff, 0xf8, 0x0, 0x0, 0x42,
    0x3, 0x2, 0x8, 0x3, 0x60, 0x0,

    /* U+5176 "其" */
    0x8, 0x10, 0x10, 0x21, 0xff, 0xf8, 0x40, 0x80,
    0xff, 0x1, 0x2, 0x2, 0x4, 0x7, 0xf8, 0x8,
    0x10, 0x10, 0x21, 0xff, 0xf8, 0x0, 0x0, 0x42,
    0x3, 0x3, 0x98, 0x0, 0x80,

    /* U+5177 "具" */
    0x1f, 0xf8, 0x10, 0x8, 0x10, 0x8, 0x1f, 0xf8,
    0x10, 0x8, 0x1f, 0xf8, 0x10, 0x8, 0x1f, 0xf8,
    0x10, 0x8, 0x10, 0x8, 0xff, 0xff, 0x0, 0x0,
    0x8, 0x10, 0x30, 0xc, 0xc0, 0x3,

    /* U+5178 "典" */
    0x4, 0x40, 0x4, 0x40, 0x3f, 0xfc, 0x24, 0x44,
    0x24, 0x44, 0x24, 0x44, 0x3f, 0xfc, 0x24, 0x44,
    0x24, 0x44, 0x24, 0x44, 0xff, 0xff, 0x0, 0x0,
    0x8, 0x10, 0x10, 0xc, 0x60, 0x2,

    /* U+5179 "兹" */
    0x0, 0x20, 0x40, 0x80, 0x4, 0x3f, 0xff, 0x10,
    0x0, 0x81, 0x2, 0x8, 0x11, 0x22, 0x89, 0x13,
    0xc7, 0x81, 0x4, 0xa, 0x10, 0x44, 0x8a, 0x75,
    0xe6, 0x8, 0x40,

    /* U+517B "养" */
    0x0, 0x20, 0x21, 0x3, 0x7b, 0x80, 0x0, 0x7f,
    0xf8, 0x8, 0x0, 0x40, 0x3f, 0xff, 0x8, 0x40,
    0xe1, 0xcc, 0x84, 0xc2, 0x10, 0x10, 0x40, 0x41,
    0x6, 0x4, 0x0,

    /* U+517C "兼" */
    0x10, 0x20, 0x10, 0x83, 0xff, 0xf0, 0x24, 0x7,
    0xff, 0x80, 0x91, 0x3f, 0xff, 0x82, 0x44, 0x4,
    0x88, 0xff, 0xf0, 0x33, 0x0, 0xa5, 0x4, 0x49,
    0x90, 0x90, 0xc0,

    /* U+517D "兽" */
    0x8, 0x40, 0x0, 0x7, 0xff, 0x90, 0x82, 0x7f,
    0xf9, 0x8, 0x27, 0xff, 0x80, 0x0, 0xff, 0xfc,
    0x0, 0x3, 0xff, 0x10, 0x4, 0x3f, 0xf0, 0x0,
    0x0,

    /* U+5185 "内" */
    0x2, 0x0, 0x10, 0x0, 0x81, 0xff, 0xf8, 0x20,
    0xc1, 0x6, 0x8, 0x30, 0xa1, 0x88, 0x8c, 0x42,
    0x6c, 0xb, 0x0, 0x18, 0x0, 0xc0, 0x6, 0x1,
    0xe0,

    /* U+518C "册" */
    0x3c, 0xf8, 0x49, 0x10, 0x92, 0x21, 0x24, 0x42,
    0x48, 0x9f, 0xff, 0xc9, 0x22, 0x12, 0x44, 0x24,
    0x88, 0x8b, 0x11, 0x14, 0x22, 0x28, 0x48, 0xe3,
    0x80,

    /* U+518D "再" */
    0x7f, 0xfe, 0x2, 0x0, 0xff, 0xe1, 0x8, 0x42,
    0x10, 0x87, 0xff, 0x8, 0x42, 0x10, 0x84, 0xff,
    0xfe, 0x40, 0x10, 0x80, 0x21, 0x0, 0x42, 0x3,
    0x80,

    /* U+5192 "冒" */
    0xff, 0xf8, 0x1, 0xbf, 0xd8, 0x1, 0xbf, 0xd8,
    0x0, 0x7f, 0xe4, 0x2, 0x7f, 0xe4, 0x2, 0x7f,
    0xe4, 0x2, 0x7f, 0xe4, 0x2,

    /* U+5195 "冕" */
    0x3f, 0xf8, 0x40, 0x10, 0xbf, 0xe1, 0x0, 0x42,
    0x7e, 0x1, 0xfc, 0x4, 0x10, 0x1f, 0xfc, 0x61,
    0x8, 0x42, 0x10, 0xff, 0xe0, 0x14, 0x0, 0xc8,
    0x2e, 0xf, 0xc0,

    /* U+5199 "写" */
    0xff, 0xfe, 0x20, 0x19, 0x0, 0x44, 0x0, 0x1f,
    0xf0, 0x40, 0x2, 0x0, 0x7, 0xfc, 0x0, 0x10,
    0x0, 0x4f, 0xfd, 0x0, 0x4, 0x0, 0x20, 0x7,
    0x80,

    /* U+519B "军" */
    0xff, 0xfe, 0x0, 0x18, 0x80, 0x62, 0x1, 0x3f,
    0xf0, 0x44, 0x2, 0x10, 0xf, 0xfe, 0x1, 0x0,
    0x4, 0xf, 0xff, 0xc0, 0x40, 0x1, 0x0, 0x4,
    0x0,

    /* U+519C "农" */
    0x1, 0x0, 0x8, 0xf, 0xff, 0xa0, 0x82, 0x86,
    0xa, 0x28, 0x21, 0x11, 0x8, 0x48, 0x50, 0xc0,
    0x42, 0x1, 0x4, 0x4, 0x8, 0x10, 0x10, 0x58,
    0x33, 0x80, 0x0,

    /* U+51A0 "冠" */
    0xff, 0xfe, 0x0, 0x18, 0x0, 0x40, 0x4, 0x38,
    0x10, 0xf, 0xf0, 0x1, 0x3f, 0x84, 0x28, 0x90,
    0xa0, 0x42, 0x81, 0x12, 0x4, 0x48, 0x76, 0x3f,
    0xf0,

    /* U+51A4 "冤" */
    0x7f, 0xfe, 0x40, 0x2, 0x44, 0x2, 0xf, 0xc0,
    0x10, 0x80, 0x3f, 0xfc, 0x61, 0x4, 0x21, 0x4,
    0x22, 0x4, 0x1f, 0xfc, 0x2, 0x90, 0x4, 0x88,
    0x8, 0x81, 0x70, 0xfe,

    /* U+51A5 "冥" */
    0xbf, 0xfe, 0x0, 0x13, 0xff, 0x48, 0x4, 0x20,
    0x10, 0xff, 0xc2, 0x1, 0xf, 0xfc, 0x0, 0x0,
    0x4, 0xf, 0xff, 0xc0, 0x0, 0x10, 0x60, 0x80,
    0x6c, 0x0, 0x40,

    /* U+51B0 "冰" */
    0x0, 0x40, 0x80, 0x80, 0x81, 0x0, 0x2, 0x10,
    0xf4, 0x40, 0x2d, 0x0, 0x54, 0x1, 0x28, 0x22,
    0x50, 0x88, 0x91, 0x21, 0x14, 0x82, 0x10, 0x4,
    0x0, 0x38, 0x0,

    /* U+51B2 "冲" */
    0x0, 0x41, 0x0, 0x81, 0x1, 0x1, 0x3f, 0xf0,
    0x44, 0x20, 0x88, 0x41, 0x10, 0x82, 0x21, 0x27,
    0xfe, 0x88, 0x85, 0x1, 0x4, 0x2, 0x8, 0x4,
    0x0, 0x8, 0x0,

    /* U+51B3 "决" */
    0x0, 0x81, 0x1, 0x1, 0x2, 0x2, 0x3f, 0xc2,
    0x8, 0x80, 0x11, 0x0, 0x22, 0x0, 0x44, 0xf,
    0xfe, 0x1, 0x0, 0x85, 0x2, 0xa, 0x4, 0x22,
    0x10, 0xc2, 0x22, 0x3, 0x8, 0x0,

    /* U+51B5 "况" */
    0x7, 0xfc, 0x88, 0x8, 0x90, 0x10, 0x20, 0x20,
    0x40, 0x40, 0x80, 0x89, 0xff, 0x10, 0x90, 0x41,
    0x20, 0x82, 0x42, 0x8, 0x84, 0x11, 0x0, 0x42,
    0x23, 0x7, 0xc0,

    /* U+51B6 "冶" */
    0x0, 0x81, 0x2, 0x1, 0x4, 0x1, 0x11, 0x0,
    0x21, 0x0, 0x81, 0x3, 0xff, 0x0, 0x1, 0x0,
    0x0, 0x4f, 0xf1, 0x10, 0x22, 0x20, 0x48, 0x40,
    0x90, 0x81, 0x21, 0xfe, 0x0,

    /* U+51B7 "冷" */
    0x80, 0xc0, 0x82, 0x41, 0x8, 0x80, 0x20, 0x80,
    0x88, 0x82, 0x8, 0xc0, 0x0, 0x3, 0xfc, 0x20,
    0x18, 0x80, 0x21, 0x0, 0x84, 0xa, 0x8, 0x8,
    0x0, 0x8, 0x0,

    /* U+51BB "冻" */
    0x81, 0x1, 0x4, 0x4, 0xff, 0xc8, 0x80, 0x4,
    0x40, 0x11, 0x0, 0x44, 0x1, 0xfe, 0x0, 0x40,
    0x89, 0x44, 0x44, 0xa2, 0x12, 0x80, 0x44, 0x6,
    0x0,

    /* U+51C0 "净" */
    0x2, 0x1, 0x7, 0xc1, 0x10, 0x81, 0x42, 0x0,
    0xff, 0x80, 0x11, 0x7, 0xff, 0x80, 0x44, 0x20,
    0x88, 0x9f, 0xf1, 0x2, 0x24, 0x4, 0x8, 0x8,
    0x0, 0x70, 0x0,

    /* U+51C4 "凄" */
    0x0, 0x0, 0x4, 0x9, 0xff, 0xd0, 0x40, 0x4f,
    0xf8, 0x4, 0x21, 0xff, 0xc0, 0x42, 0xf, 0xf8,
    0x4, 0x5, 0xff, 0xd1, 0x8, 0x84, 0x42, 0xf,
    0x1, 0xf3, 0x80,

    /* U+51C6 "准" */
    0x2, 0x2, 0x11, 0x8, 0x40, 0x11, 0xff, 0xc,
    0x40, 0x51, 0x2, 0x7f, 0x81, 0x10, 0x4, 0x41,
    0x1f, 0xe4, 0x44, 0x21, 0x10, 0x87, 0xfc, 0x10,
    0x0,

    /* U+51C9 "凉" */
    0x0, 0x82, 0x2, 0x4, 0xff, 0xd0, 0x0, 0x20,
    0x0, 0x9f, 0xe0, 0x40, 0x81, 0x2, 0x27, 0xf8,
    0x82, 0x4, 0x48, 0x11, 0x22, 0x88, 0x86, 0x2,
    0x0, 0x18, 0x0,

    /* U+51CC "凌" */
    0x0, 0x2, 0x2, 0x8, 0x7f, 0x90, 0x20, 0x20,
    0x80, 0x3f, 0xf0, 0x2, 0x0, 0x86, 0x5, 0x1,
    0x7, 0xc4, 0x21, 0x13, 0x48, 0x80, 0xc2, 0x3,
    0x0, 0xf3, 0xc0,

    /* U+51CF "减" */
    0x0, 0x0, 0x40, 0x16, 0x40, 0x10, 0x27, 0xff,
    0x4, 0x10, 0x5, 0xf0, 0x4, 0x14, 0x5, 0xf4,
    0x6, 0x34, 0x6, 0x28, 0x2e, 0x28, 0x49, 0xf8,
    0x48, 0x18, 0x88, 0x25, 0x10, 0xc3,

    /* U+51D1 "凑" */
    0x0, 0x0, 0x8f, 0xfc, 0x82, 0x1, 0x3f, 0xe0,
    0x10, 0x1, 0xff, 0xc0, 0x84, 0x1, 0x4, 0x25,
    0xf4, 0x51, 0x5, 0x1f, 0xf2, 0x4, 0x8, 0x13,
    0x10, 0xc1, 0x80,

    /* U+51DB "凛" */
    0x0, 0x82, 0x3f, 0xf4, 0x0, 0x9, 0xfe, 0x8,
    0x8, 0x2f, 0xa0, 0x9e, 0x82, 0x2, 0x27, 0xf1,
    0x1f, 0xe4, 0x0, 0x27, 0xff, 0x82, 0x88, 0x32,
    0x10, 0x18, 0x0,

    /* U+51DD "凝" */
    0x0, 0x0, 0x21, 0xfe, 0x48, 0x12, 0xa0, 0x41,
    0x3, 0x1, 0xe1, 0x2, 0x3f, 0x87, 0x8a, 0x14,
    0x10, 0x89, 0x21, 0x7e, 0x74, 0x24, 0x88, 0xad,
    0x1, 0x16, 0x4, 0x47, 0x80,

    /* U+51E0 "几" */
    0xf, 0xe0, 0x10, 0x40, 0x20, 0x80, 0x41, 0x0,
    0x82, 0x1, 0x4, 0x2, 0x8, 0x4, 0x10, 0x18,
    0x20, 0x20, 0x44, 0x40, 0x89, 0x1, 0x14, 0x3,
    0xe0,

    /* U+51E1 "凡" */
    0xf, 0xf0, 0x8, 0x10, 0x8, 0x10, 0x8, 0x10,
    0xa, 0x10, 0x9, 0x10, 0x8, 0x90, 0x18, 0x10,
    0x10, 0x10, 0x10, 0x11, 0x20, 0x11, 0x20, 0x11,
    0x40, 0x1f,

    /* U+51E4 "凤" */
    0x3f, 0xf8, 0x40, 0x10, 0x80, 0x21, 0x3e, 0x42,
    0x4, 0x84, 0x9, 0x9, 0xa2, 0x10, 0xc4, 0x61,
    0x88, 0x84, 0x91, 0x11, 0x34, 0x40, 0x38, 0x0,
    0x60,

    /* U+51ED "凭" */
    0x8, 0x4, 0x11, 0xd8, 0x12, 0x40, 0x30, 0x40,
    0x57, 0xfe, 0x10, 0x40, 0x10, 0x40, 0x17, 0xfe,
    0x10, 0x0, 0x7, 0xe0, 0x8, 0x20, 0x8, 0x20,
    0x10, 0x21, 0x10, 0x21, 0x60, 0x1f,

    /* U+51EF "凯" */
    0x10, 0x2, 0x4b, 0xc9, 0x29, 0x24, 0xa4, 0xfe,
    0x90, 0x2, 0x40, 0x9, 0x3f, 0x24, 0x4, 0x91,
    0xf2, 0x48, 0x9, 0x20, 0x44, 0x85, 0x15, 0xe4,
    0x50, 0x21, 0xc0,

    /* U+51F0 "凰" */
    0x3f, 0xf8, 0x42, 0x10, 0xbf, 0xa1, 0x41, 0x42,
    0xfe, 0x85, 0x5, 0x9, 0xf2, 0x1f, 0xfc, 0x61,
    0x8, 0x9f, 0xd1, 0x4, 0x2d, 0xff, 0xf8, 0x0,
    0x60,

    /* U+51F6 "凶" */
    0x0, 0x21, 0x2, 0x24, 0x13, 0x11, 0x18, 0x50,
    0xc1, 0x86, 0xc, 0x30, 0x91, 0x88, 0x8c, 0x82,
    0x68, 0x3, 0x0, 0x1f, 0xff, 0x80,

    /* U+51F8 "凸" */
    0x1f, 0xc0, 0x82, 0x4, 0x10, 0x20, 0x81, 0x4,
    0x78, 0x3e, 0x0, 0x30, 0x1, 0x80, 0xc, 0x0,
    0x60, 0x3, 0x0, 0x1f, 0xff, 0xc0, 0x4,

    /* U+51F9 "凹" */
    0xf8, 0xfc, 0x44, 0x62, 0x23, 0x11, 0x18, 0x88,
    0xc7, 0xc6, 0x0, 0x30, 0x1, 0x80, 0xc, 0x0,
    0x60, 0x3, 0xff, 0xf8, 0x0, 0x80,

    /* U+51FA "出" */
    0x2, 0x4, 0x21, 0x42, 0x14, 0x21, 0x42, 0x14,
    0x21, 0x7f, 0xf8, 0x20, 0x82, 0x18, 0x21, 0x82,
    0x18, 0x21, 0xff, 0xf0, 0x0,

    /* U+51FB "击" */
    0x2, 0x0, 0x8, 0x0, 0x20, 0x1f, 0xfc, 0x2,
    0x0, 0x8, 0x0, 0x20, 0x3f, 0xff, 0x2, 0x1,
    0x8, 0x44, 0x21, 0x10, 0x84, 0x42, 0x11, 0xff,
    0xc0, 0x1, 0x0,

    /* U+51FD "函" */
    0x3f, 0xe0, 0x2, 0x0, 0x61, 0x44, 0x5a, 0x24,
    0xc9, 0x46, 0xa, 0x31, 0xf1, 0x92, 0x4f, 0x11,
    0x60, 0x83, 0x8, 0x1f, 0xff, 0x80, 0x4,

    /* U+5200 "刀" */
    0x7f, 0xfc, 0x8, 0x10, 0x20, 0x40, 0x81, 0x2,
    0x4, 0x10, 0x10, 0x40, 0x41, 0x1, 0x8, 0x4,
    0x20, 0x11, 0x0, 0x88, 0x2, 0x40, 0x78,

    /* U+5201 "刁" */
    0xff, 0xf0, 0x1, 0x0, 0x10, 0x1, 0x1, 0x10,
    0x61, 0x8, 0x11, 0x1, 0x60, 0x18, 0x1, 0x0,
    0x10, 0x3, 0x3, 0xe0,

    /* U+5203 "刃" */
    0xff, 0xf8, 0x10, 0x40, 0x82, 0x4, 0x14, 0x20,
    0xa2, 0x6, 0x10, 0x20, 0x81, 0x8, 0x8, 0x80,
    0x44, 0x2, 0xc0, 0x38, 0xf, 0x0,

    /* U+5206 "分" */
    0x8, 0x40, 0x41, 0x1, 0x2, 0x8, 0x4, 0x40,
    0x11, 0x0, 0x2b, 0xff, 0x42, 0x4, 0x8, 0x10,
    0x20, 0x41, 0x1, 0x4, 0x4, 0x20, 0x31, 0x7,
    0x80,

    /* U+5207 "切" */
    0x20, 0x0, 0x8f, 0xf2, 0x4, 0x48, 0x11, 0x38,
    0x45, 0x81, 0x12, 0x4, 0x48, 0x11, 0x20, 0x84,
    0xa2, 0x13, 0x8, 0x40, 0x41, 0x2, 0xc, 0x10,
    0xe0,

    /* U+5211 "刑" */
    0x0, 0x5, 0xfc, 0x12, 0x22, 0x48, 0x89, 0x22,
    0x24, 0x88, 0x9f, 0xfa, 0x48, 0x89, 0x22, 0x24,
    0x88, 0x94, 0x20, 0x50, 0x81, 0x82, 0x6, 0x8,
    0x70,

    /* U+5212 "划" */
    0x10, 0x2, 0x28, 0x4, 0x48, 0x88, 0x81, 0x11,
    0x1a, 0x3f, 0xc4, 0x44, 0x48, 0x85, 0x11, 0xa,
    0x22, 0x18, 0x44, 0x20, 0x88, 0xa0, 0x12, 0x48,
    0x28, 0x50, 0x40, 0x67, 0x80,

    /* U+5217 "列" */
    0x0, 0x5, 0xf8, 0x12, 0x4, 0x48, 0x11, 0x3e,
    0x45, 0x9, 0x14, 0x24, 0x60, 0x91, 0x14, 0x44,
    0x31, 0x10, 0x80, 0x44, 0x1, 0x20, 0x5, 0x0,
    0x70,

    /* U+5218 "刘" */
    0x10, 0x4, 0x40, 0x10, 0x84, 0x5d, 0x91, 0x4,
    0x45, 0x11, 0x12, 0x44, 0x46, 0x11, 0x8, 0x44,
    0x51, 0x11, 0x40, 0x48, 0x81, 0x40, 0x6, 0x0,
    0xf0,

    /* U+5219 "则" */
    0x0, 0x5, 0xfc, 0x94, 0x92, 0x52, 0x49, 0x49,
    0x25, 0x24, 0x94, 0x92, 0x52, 0x49, 0x49, 0x25,
    0x24, 0x91, 0x0, 0x45, 0x81, 0x21, 0x7, 0x0,
    0x70,

    /* U+521A "刚" */
    0x0, 0xf, 0xf8, 0x60, 0xcb, 0x8a, 0x5a, 0x52,
    0xca, 0x96, 0x64, 0xb1, 0x25, 0x99, 0x2c, 0xa9,
    0x68, 0x43, 0x42, 0x18, 0x10, 0xc3, 0x9c,

    /* U+521B "创" */
    0x4, 0x4, 0x30, 0x11, 0x22, 0x44, 0x49, 0x20,
    0xa5, 0x0, 0x9b, 0xf2, 0x48, 0x49, 0x21, 0x24,
    0x84, 0x92, 0x12, 0x49, 0xc9, 0x20, 0x4, 0x82,
    0x13, 0xf9, 0xc0,

    /* U+521D "初" */
    0x20, 0x0, 0x47, 0xff, 0xc4, 0x42, 0x11, 0x8,
    0x44, 0x41, 0x13, 0x88, 0x56, 0x21, 0x94, 0x84,
    0x44, 0x11, 0x10, 0x44, 0x41, 0x12, 0xc, 0x51,
    0xe0,

    /* U+5220 "删" */
    0x73, 0x81, 0x4a, 0x15, 0x29, 0x54, 0xa5, 0x52,
    0x95, 0x4a, 0x5f, 0xfd, 0x54, 0xa5, 0x52, 0x95,
    0x4a, 0x55, 0x28, 0x54, 0xa1, 0x94, 0x86, 0xd6,
    0x30,

    /* U+5224 "判" */
    0x0, 0x4, 0x44, 0x15, 0x24, 0x54, 0x91, 0x10,
    0x45, 0xf9, 0x11, 0x4, 0x44, 0x11, 0xff, 0x44,
    0x41, 0x11, 0x0, 0x48, 0x1, 0x20, 0x5, 0x0,
    0xf0,

    /* U+5229 "利" */
    0x6, 0x5, 0xe0, 0x10, 0x84, 0x42, 0x11, 0x8,
    0x45, 0xf9, 0x11, 0x84, 0x4b, 0x11, 0x4a, 0x45,
    0x25, 0x18, 0x80, 0x42, 0x1, 0x8, 0x4, 0x20,
    0x70,

    /* U+522B "别" */
    0x7f, 0x5, 0x4, 0x14, 0x12, 0x50, 0x49, 0x41,
    0x24, 0xf8, 0x90, 0x82, 0x7f, 0xc9, 0x9, 0x24,
    0x44, 0x91, 0x10, 0x44, 0x41, 0x21, 0x7, 0x18,
    0x70,

    /* U+522E "刮" */
    0x1, 0x4, 0xf8, 0x14, 0x82, 0x42, 0x9, 0x8,
    0x25, 0xfc, 0x90, 0x82, 0x42, 0x9, 0x7f, 0x25,
    0x4, 0x94, 0x10, 0x50, 0x41, 0x7f, 0x5, 0x4,
    0x70,

    /* U+5230 "到" */
    0x0, 0xb, 0xf2, 0x48, 0x12, 0x44, 0x94, 0x24,
    0xbe, 0x24, 0x21, 0x21, 0x9, 0x3e, 0x48, 0x42,
    0x42, 0x2, 0x1e, 0x1f, 0x0, 0x80, 0x1c,

    /* U+5236 "制" */
    0x28, 0x2, 0x90, 0x5, 0x20, 0x4b, 0xf8, 0x98,
    0x81, 0x3f, 0xf2, 0x42, 0x4, 0x84, 0x9, 0x7f,
    0x92, 0x91, 0x25, 0x22, 0xa, 0x44, 0x14, 0xb8,
    0x21, 0x1, 0xc0,

    /* U+5237 "刷" */
    0x0, 0x2, 0x7f, 0x84, 0x81, 0x49, 0x2, 0x92,
    0x5, 0x27, 0xfa, 0x48, 0x84, 0x97, 0xe9, 0x32,
    0x52, 0x64, 0xa5, 0xc9, 0x4a, 0x92, 0x14, 0x2c,
    0x28, 0x40, 0x40, 0x83, 0x80,

    /* U+5238 "券" */
    0x2, 0x0, 0x48, 0x80, 0x24, 0x1f, 0xfe, 0x4,
    0x3, 0xff, 0xf1, 0x4, 0x8, 0x8, 0x7f, 0xf2,
    0x10, 0xb0, 0x82, 0x2, 0x8, 0x10, 0x21, 0x87,
    0x0,

    /* U+5239 "刹" */
    0x0, 0x4, 0x88, 0x11, 0xc2, 0x43, 0x9, 0x13,
    0x25, 0xa0, 0x90, 0x82, 0x5f, 0xc9, 0x2a, 0x25,
    0x28, 0x94, 0x90, 0x62, 0x21, 0x8, 0x4, 0xe0,
    0x70,

    /* U+523A "刺" */
    0x8, 0x4, 0x20, 0x1f, 0xfa, 0x42, 0x9, 0x7f,
    0xa5, 0x22, 0x94, 0x8a, 0x52, 0x29, 0x19, 0x24,
    0xb8, 0x94, 0x98, 0x62, 0x1, 0x8, 0x4, 0x20,
    0x70,

    /* U+523B "刻" */
    0x10, 0x4, 0x40, 0x1f, 0xf2, 0x48, 0x9, 0x22,
    0x25, 0x10, 0x97, 0x82, 0x44, 0x9, 0x22, 0x25,
    0x10, 0x98, 0x42, 0x42, 0x81, 0x31, 0x5, 0x0,
    0x78, 0x0, 0x0,

    /* U+5242 "剂" */
    0x10, 0x4, 0x20, 0x17, 0xf2, 0x48, 0x89, 0x1c,
    0x24, 0x28, 0x93, 0x12, 0x78, 0x89, 0x22, 0x24,
    0x88, 0x12, 0x20, 0x50, 0x81, 0x42, 0x6, 0x8,
    0xf0,

    /* U+524A "削" */
    0x8, 0x85, 0x24, 0x14, 0x92, 0x4a, 0x89, 0x7f,
    0x25, 0x4, 0x94, 0x12, 0x5f, 0xc9, 0x41, 0x25,
    0xfc, 0x94, 0x10, 0x50, 0x41, 0x41, 0x5, 0x1c,
    0x70,

    /* U+524D "前" */
    0x0, 0x0, 0x40, 0x80, 0x84, 0x3f, 0xff, 0x0,
    0x0, 0x0, 0x27, 0x80, 0x91, 0x22, 0x7c, 0x89,
    0x12, 0x24, 0x48, 0x9f, 0x2, 0x44, 0x9, 0x10,
    0x24, 0xc3, 0x80,

    /* U+5251 "剑" */
    0x8, 0x4, 0x20, 0x11, 0x62, 0x48, 0x49, 0x40,
    0xa6, 0xfc, 0x90, 0x2, 0x42, 0x9, 0x49, 0x25,
    0x28, 0x92, 0x22, 0x40, 0x81, 0x1d, 0x4, 0x80,
    0xf0,

    /* U+5254 "剔" */
    0x7f, 0x85, 0x2, 0x14, 0xa, 0x5f, 0xe9, 0x40,
    0xa5, 0x2, 0x93, 0xf2, 0x48, 0x9, 0x5f, 0xa6,
    0x8a, 0x92, 0x48, 0x52, 0x21, 0x8, 0x84, 0x5c,
    0x70,

    /* U+5265 "剥" */
    0xfe, 0x4, 0x8, 0x10, 0x22, 0x5f, 0x89, 0x2,
    0x27, 0xff, 0x90, 0x82, 0x62, 0x49, 0x4a, 0x24,
    0x78, 0x92, 0x90, 0x72, 0x21, 0x8, 0x5, 0xe0,
    0x70,

    /* U+5267 "剧" */
    0x0, 0x2, 0x7f, 0x4, 0x82, 0x49, 0x4, 0x93,
    0xf1, 0x24, 0x42, 0x4f, 0xf4, 0x91, 0x9, 0x22,
    0x12, 0xff, 0x25, 0x42, 0xa, 0x84, 0x15, 0x8,
    0x33, 0xf1, 0xc0,

    /* U+5269 "剩" */
    0x0, 0x85, 0xfc, 0x10, 0x41, 0x4f, 0xf5, 0x15,
    0x15, 0xd6, 0x51, 0x51, 0x45, 0x55, 0x75, 0x54,
    0x1a, 0x51, 0xd0, 0x49, 0x21, 0x44, 0x4, 0x10,
    0x70,

    /* U+526A "剪" */
    0x10, 0x20, 0x41, 0xf, 0xff, 0xc0, 0x2, 0x7e,
    0x9, 0xa, 0x25, 0xa8, 0x9f, 0x82, 0x42, 0x8,
    0x0, 0x4f, 0xff, 0x81, 0x2, 0x8, 0x8, 0x40,
    0x4e, 0xf, 0x0,

    /* U+526F "副" */
    0x0, 0x7, 0xfe, 0x10, 0x2, 0x5f, 0xc9, 0x41,
    0x25, 0x4, 0x97, 0xf2, 0x40, 0x9, 0x7f, 0xa6,
    0x22, 0x98, 0x8a, 0x5f, 0xe9, 0x88, 0x85, 0xfe,
    0x10, 0x9, 0xc0,

    /* U+5272 "割" */
    0x8, 0x7, 0xfe, 0x18, 0x8a, 0x42, 0x9, 0x3e,
    0x24, 0x20, 0x93, 0xe2, 0x42, 0x9, 0x7f, 0x24,
    0x20, 0x97, 0x70, 0x50, 0x41, 0x7f, 0x5, 0x4,
    0x70,

    /* U+527F "剿" */
    0x20, 0x85, 0x64, 0x14, 0x92, 0x49, 0x9, 0x5b,
    0xa5, 0x22, 0x97, 0xfa, 0x52, 0x29, 0x3f, 0x27,
    0xfe, 0x91, 0xa0, 0x5a, 0x61, 0x88, 0x4, 0x20,
    0x70,

    /* U+5288 "劈" */
    0x7c, 0x22, 0x17, 0xf8, 0x48, 0x9f, 0x24, 0x83,
    0xfd, 0xf0, 0x84, 0x5f, 0xf1, 0x8, 0x38, 0x21,
    0xff, 0xe0, 0x20, 0x81, 0x2, 0x8, 0xb, 0xc1,
    0xc0,

    /* U+529B "力" */
    0x2, 0x0, 0x8, 0x0, 0x20, 0x0, 0x80, 0x7f,
    0xfc, 0x8, 0x10, 0x40, 0x41, 0x1, 0x4, 0x4,
    0x20, 0x10, 0x80, 0x44, 0x3, 0x20, 0xd, 0x0,
    0x28, 0x7, 0x80,

    /* U+529D "劝" */
    0x0, 0x20, 0x0, 0x40, 0xf8, 0x80, 0x1f, 0xf4,
    0x42, 0x24, 0x84, 0x46, 0x8, 0x84, 0x21, 0x18,
    0x42, 0x28, 0x84, 0x8a, 0xa, 0x4, 0x18, 0x10,
    0x20, 0x43, 0x80,

    /* U+529E "办" */
    0x2, 0x0, 0x4, 0x0, 0x8, 0x3, 0xff, 0x0,
    0x22, 0x0, 0x44, 0x9, 0x8, 0x22, 0x12, 0x48,
    0x25, 0x10, 0x40, 0x40, 0x80, 0x81, 0x2, 0x6,
    0x18, 0x78, 0x0,

    /* U+529F "功" */
    0x0, 0x40, 0x0, 0x80, 0x1, 0x3, 0xe2, 0x1,
    0x3f, 0xe2, 0x8, 0x44, 0x10, 0x88, 0x41, 0x10,
    0x82, 0x21, 0x4, 0xe4, 0xa, 0x8, 0x10, 0x20,
    0x60, 0x80, 0x80, 0xf, 0x0,

    /* U+52A0 "加" */
    0x10, 0x0, 0x40, 0x1, 0x7, 0xff, 0x91, 0x12,
    0x44, 0x49, 0x11, 0x24, 0x44, 0x91, 0x22, 0x44,
    0x89, 0x12, 0x24, 0x50, 0x91, 0x42, 0x7e, 0x39,
    0x10,

    /* U+52A1 "务" */
    0x4, 0x0, 0x20, 0x1, 0xff, 0xc, 0x8, 0x48,
    0x40, 0x12, 0x0, 0x78, 0x1e, 0x1f, 0x2, 0x1,
    0xff, 0xc0, 0x41, 0x1, 0x4, 0x8, 0x10, 0x40,
    0x4e, 0xe, 0x0,

    /* U+52A8 "动" */
    0x0, 0x21, 0xf8, 0x80, 0x2, 0x0, 0x8, 0x0,
    0xff, 0xf8, 0x92, 0x2, 0x48, 0x11, 0x44, 0x45,
    0x11, 0x14, 0x68, 0x7e, 0xa1, 0x1, 0x4, 0x4,
    0xe0,

    /* U+52A9 "助" */
    0x7c, 0x21, 0x10, 0x84, 0x42, 0x11, 0x7f, 0x7c,
    0x25, 0x10, 0x94, 0x42, 0x5f, 0x9, 0x44, 0x45,
    0x11, 0x14, 0x48, 0x5e, 0x21, 0x1, 0x4, 0x8,
    0xe0,

    /* U+52AA "努" */
    0x10, 0x0, 0x87, 0xef, 0xc8, 0x91, 0x22, 0x44,
    0x51, 0x21, 0x83, 0x6, 0xb, 0x26, 0xc1, 0x4,
    0x8, 0x7, 0xff, 0x81, 0x2, 0x8, 0x8, 0x40,
    0x26, 0xf, 0x0,

    /* U+52AB "劫" */
    0x8, 0x20, 0x10, 0x41, 0xfc, 0x80, 0x47, 0xf0,
    0x82, 0x21, 0x4, 0x7f, 0xc8, 0x88, 0x11, 0x10,
    0x22, 0x44, 0x44, 0x85, 0xa, 0xf2, 0x10, 0x8,
    0x60, 0x17, 0x80,

    /* U+52B1 "励" */
    0x7f, 0xa1, 0x0, 0x84, 0x2, 0x1f, 0xe8, 0x48,
    0xfd, 0x20, 0x94, 0xf2, 0x52, 0x49, 0x49, 0x45,
    0x25, 0x15, 0x14, 0x64, 0x61, 0xa3, 0x86, 0xbc,
    0xe0,

    /* U+52B2 "劲" */
    0x0, 0x20, 0x0, 0x8f, 0xc2, 0x1, 0x8, 0x9,
    0xfc, 0x50, 0x92, 0x22, 0x70, 0x9, 0xfe, 0x24,
    0x40, 0x91, 0x4, 0x44, 0x11, 0x16, 0x85, 0xa2,
    0x18, 0x11, 0xc0,

    /* U+52B3 "劳" */
    0x8, 0x40, 0x21, 0xf, 0xff, 0xc2, 0x10, 0x8,
    0x43, 0xff, 0xf8, 0x0, 0x60, 0x81, 0x2, 0x3,
    0xff, 0xc0, 0x41, 0x1, 0x4, 0x8, 0x10, 0x40,
    0x4e, 0xf, 0x0,

    /* U+52BF "势" */
    0x20, 0x0, 0x82, 0xf, 0xff, 0x8, 0x24, 0x2f,
    0x93, 0xc6, 0x42, 0x17, 0x78, 0x81, 0x2, 0x3,
    0xff, 0xc0, 0x41, 0x1, 0x4, 0x8, 0x10, 0x40,
    0x4e, 0xe, 0x0,

    /* U+52C7 "勇" */
    0x7f, 0xf0, 0x62, 0x0, 0xf0, 0xff, 0xe4, 0x21,
    0x3f, 0xf9, 0x8, 0x4f, 0xfe, 0x40, 0x0, 0x10,
    0x1f, 0xfe, 0x8, 0x11, 0x80, 0xf0, 0x38,

    /* U+52C9 "勉" */
    0x20, 0x20, 0x78, 0x41, 0x10, 0x82, 0x27, 0xe7,
    0xf2, 0x59, 0x24, 0x92, 0x49, 0x24, 0x92, 0x7f,
    0x44, 0x18, 0x88, 0x52, 0x10, 0xa8, 0xf2, 0x40,
    0x38, 0x7f, 0xc0,

    /* U+52CB "勋" */
    0x3e, 0x21, 0x8, 0x84, 0x22, 0xf, 0x88, 0x0,
    0xfd, 0xf8, 0x94, 0x22, 0x52, 0x89, 0x4a, 0x25,
    0x29, 0x14, 0xa4, 0x54, 0x11, 0x14, 0x85, 0x8c,
    0xf0,

    /* U+52D2 "勒" */
    0x2, 0x20, 0x44, 0x41, 0xfe, 0x81, 0x11, 0x2,
    0x3f, 0xe1, 0x84, 0x5f, 0x88, 0xa5, 0x21, 0x4a,
    0x42, 0xfc, 0x84, 0x21, 0xf, 0xfc, 0x10, 0x88,
    0x21, 0x20, 0xc2, 0xf, 0x0,

    /* U+52D8 "勘" */
    0x2, 0x21, 0x8, 0x8f, 0xfa, 0x10, 0x88, 0x3e,
    0xfd, 0x8, 0x93, 0xe2, 0x50, 0x89, 0x2, 0x47,
    0xff, 0x14, 0x4, 0x58, 0xa1, 0x60, 0x85, 0xfc,
    0x10, 0x13, 0x80,

    /* U+52E4 "勤" */
    0x4, 0x1, 0x10, 0x8f, 0xf2, 0x11, 0x8, 0x18,
    0xff, 0xf8, 0x99, 0x22, 0x64, 0x89, 0xfe, 0x24,
    0x40, 0x97, 0xe4, 0x7f, 0x91, 0x10, 0x84, 0x7e,
    0x16, 0x11, 0xc0,

    /* U+52FA "勺" */
    0x0, 0x0, 0x40, 0x1, 0x0, 0x7, 0xff, 0x20,
    0x5, 0x0, 0x14, 0x0, 0x62, 0x1, 0x4, 0x4,
    0x8, 0x10, 0x10, 0x40, 0x1, 0x0, 0x4, 0x0,
    0x30, 0xf, 0x80,

    /* U+52FE "勾" */
    0x0, 0x0, 0x40, 0x1, 0x0, 0x7, 0xff, 0x20,
    0x5, 0x0, 0x14, 0x80, 0x62, 0x1, 0x11, 0x4,
    0x42, 0x12, 0xc, 0x4f, 0xd1, 0x0, 0x8, 0x0,
    0x20, 0xf, 0x80,

    /* U+5305 "包" */
    0x8, 0x0, 0x8, 0x0, 0x1f, 0xfc, 0x20, 0x4,
    0x5f, 0xc4, 0x10, 0x44, 0x10, 0x44, 0x10, 0x44,
    0x1f, 0xc4, 0x10, 0x4, 0x10, 0x3c, 0x10, 0x1,
    0x10, 0x1, 0x1f, 0xfe,

    /* U+5306 "匆" */
    0x8, 0x0, 0x40, 0x1, 0x0, 0x7, 0xff, 0x22,
    0x25, 0x8, 0x95, 0x24, 0x63, 0x11, 0x7, 0x44,
    0x22, 0x10, 0x8e, 0x44, 0x21, 0x21, 0x5, 0x8,
    0x30, 0x27, 0x80,

    /* U+5315 "匕" */
    0x80, 0x8, 0x0, 0x80, 0x8, 0x4, 0x83, 0x88,
    0xc0, 0xd0, 0x8, 0x0, 0x80, 0x8, 0x0, 0x80,
    0x18, 0x1, 0x80, 0x17, 0xfe,

    /* U+5316 "化" */
    0x0, 0x0, 0x11, 0x0, 0x42, 0x0, 0x84, 0x23,
    0x8, 0x8a, 0x12, 0x14, 0x28, 0x48, 0x60, 0x10,
    0x80, 0x27, 0x0, 0x52, 0x0, 0x84, 0x11, 0x8,
    0x22, 0x10, 0x44, 0x3f, 0x0,

    /* U+5317 "北" */
    0x4, 0x40, 0x8, 0x80, 0x11, 0x0, 0x22, 0x47,
    0xc5, 0x0, 0x8c, 0x1, 0x10, 0x2, 0x20, 0x4,
    0x40, 0x8, 0x80, 0x71, 0xf, 0x22, 0x10, 0x44,
    0x20, 0x8f, 0xc0,

    /* U+5319 "匙" */
    0x7f, 0x40, 0x82, 0x81, 0xfd, 0x2, 0xa, 0x47,
    0xf7, 0x0, 0x8, 0x3f, 0xf0, 0x4, 0x20, 0x48,
    0x40, 0x9e, 0x85, 0x21, 0xd, 0x43, 0xf9, 0x80,
    0x10, 0xff, 0xc0,

    /* U+5320 "匠" */
    0xff, 0xfe, 0x0, 0x8, 0x2, 0x27, 0xf0, 0x90,
    0x2, 0x40, 0x9, 0xff, 0xa4, 0x20, 0x90, 0x82,
    0x42, 0xa, 0x8, 0x28, 0x20, 0x80, 0x83, 0xff,
    0xf0,

    /* U+532A "匪" */
    0xff, 0xfa, 0x0, 0x8, 0x48, 0x21, 0x20, 0xbc,
    0xfa, 0x12, 0xb, 0xcf, 0x21, 0x20, 0x84, 0x83,
    0xf3, 0xe8, 0x48, 0x21, 0x20, 0xff, 0xfc,

    /* U+5339 "匹" */
    0xff, 0xfa, 0x22, 0x8, 0x88, 0x22, 0x20, 0x88,
    0x82, 0x22, 0x9, 0x8, 0xa4, 0x22, 0xa0, 0xfa,
    0x0, 0x8, 0x0, 0x3f, 0xff,

    /* U+533A "区" */
    0xff, 0xfa, 0x0, 0x8, 0x0, 0x24, 0x10, 0x88,
    0x82, 0x14, 0x8, 0x30, 0x20, 0xc0, 0x84, 0x82,
    0x21, 0x9, 0x2, 0x28, 0x0, 0x80, 0x3, 0xff,
    0xf0,

    /* U+533B "医" */
    0xff, 0xfe, 0x0, 0x8, 0x80, 0x23, 0xfe, 0x91,
    0x2, 0x84, 0x8, 0x10, 0x2f, 0xfe, 0x81, 0x82,
    0x9, 0x8, 0x42, 0x22, 0x4, 0xb0, 0xb, 0xff,
    0xf0,

    /* U+5341 "十" */
    0x1, 0x0, 0x2, 0x0, 0x4, 0x0, 0x8, 0x0,
    0x10, 0x0, 0x20, 0x3f, 0xff, 0x80, 0x80, 0x1,
    0x0, 0x2, 0x0, 0x4, 0x0, 0x8, 0x0, 0x10,
    0x0, 0x20, 0x0,

    /* U+5343 "千" */
    0x0, 0x18, 0x1f, 0xc0, 0x44, 0x0, 0x8, 0x0,
    0x10, 0x0, 0x20, 0x3f, 0xff, 0x80, 0x80, 0x1,
    0x0, 0x2, 0x0, 0x4, 0x0, 0x8, 0x0, 0x10,
    0x0, 0x20, 0x0,

    /* U+5347 "升" */
    0x2, 0x20, 0x38, 0x41, 0xa0, 0x80, 0x41, 0x0,
    0x82, 0x1, 0x4, 0x3f, 0xff, 0x84, 0x10, 0x8,
    0x20, 0x10, 0x40, 0x40, 0x80, 0x81, 0x2, 0x2,
    0x18, 0x4, 0x0,

    /* U+5348 "午" */
    0x10, 0x0, 0x40, 0x0, 0xff, 0xf2, 0x8, 0x4,
    0x10, 0x0, 0x20, 0x0, 0x40, 0x7f, 0xff, 0x1,
    0x0, 0x2, 0x0, 0x4, 0x0, 0x8, 0x0, 0x10,
    0x0, 0x20, 0x0,

    /* U+534A "半" */
    0x21, 0x0, 0x42, 0x10, 0x44, 0x40, 0x88, 0x0,
    0x10, 0xf, 0xff, 0x80, 0x40, 0x0, 0x80, 0x1,
    0x1, 0xff, 0xfc, 0x4, 0x0, 0x8, 0x0, 0x10,
    0x0, 0x20, 0x0,

    /* U+534E "华" */
    0x0, 0x80, 0x11, 0x0, 0x42, 0x21, 0x87, 0x85,
    0x78, 0x2, 0x10, 0x44, 0x21, 0x8, 0x3e, 0x1,
    0x0, 0x2, 0x3, 0xff, 0xf8, 0x8, 0x0, 0x10,
    0x0, 0x20, 0x0, 0x40, 0x0,

    /* U+534F "协" */
    0x20, 0x0, 0x41, 0x0, 0x82, 0x1, 0x3f, 0x8f,
    0x89, 0x4, 0x12, 0x8, 0x24, 0x12, 0x8a, 0x25,
    0x14, 0x52, 0x28, 0xa8, 0x49, 0x10, 0x82, 0x41,
    0x5, 0x6, 0xc, 0x38, 0x0,

    /* U+5351 "卑" */
    0x0, 0x0, 0x10, 0x7, 0xff, 0x10, 0x84, 0x42,
    0x11, 0xff, 0xc4, 0x21, 0x11, 0x4, 0x7f, 0xf0,
    0x62, 0x6, 0x8, 0x3f, 0xff, 0x0, 0x80, 0x2,
    0x0, 0x8, 0x0,

    /* U+5353 "卓" */
    0x1, 0x0, 0x3, 0xf8, 0x4, 0x1, 0xff, 0xc2,
    0x0, 0x84, 0x1, 0xf, 0xfe, 0x10, 0x4, 0x3f,
    0xf8, 0x2, 0x0, 0x4, 0x7, 0xff, 0xf0, 0x10,
    0x0, 0x20, 0x0,

    /* U+5355 "单" */
    0x8, 0x10, 0x10, 0x40, 0x10, 0x81, 0xff, 0xe2,
    0x10, 0x44, 0x20, 0x8f, 0xff, 0x10, 0x82, 0x21,
    0x4, 0x7f, 0xf8, 0x4, 0x7, 0xff, 0xf0, 0x10,
    0x0, 0x20, 0x0, 0x40, 0x0,

    /* U+5356 "卖" */
    0x0, 0x0, 0x8, 0x7, 0xff, 0x80, 0x80, 0x2,
    0x3, 0xff, 0xe1, 0x80, 0x81, 0x40, 0x31, 0x0,
    0x4, 0xf, 0xff, 0xc0, 0x80, 0x2, 0x0, 0x11,
    0x87, 0x81, 0x80,

    /* U+5357 "南" */
    0x1, 0x0, 0x2, 0x3, 0xff, 0xf8, 0x8, 0x0,
    0x10, 0xf, 0xff, 0x10, 0x2, 0x22, 0x24, 0x5f,
    0xe8, 0x82, 0x11, 0x4, 0x22, 0xff, 0x44, 0x10,
    0x88, 0x21, 0x10, 0x4e, 0x0,

    /* U+535A "博" */
    0x20, 0x50, 0x5f, 0xfc, 0x81, 0x1, 0x3f, 0xcf,
    0xc4, 0x84, 0xff, 0x9, 0x12, 0x13, 0xfc, 0x24,
    0x50, 0x5f, 0xfc, 0x80, 0x41, 0x18, 0x82, 0x1,
    0x4, 0xe, 0x0,

    /* U+5360 "占" */
    0x4, 0x0, 0x20, 0x1, 0x0, 0xf, 0xf0, 0x40,
    0x2, 0x0, 0x10, 0x1f, 0xfc, 0x80, 0x24, 0x1,
    0x20, 0x9, 0x0, 0x4f, 0xfe, 0x40, 0x10,

    /* U+5361 "卡" */
    0x1, 0x0, 0x2, 0x0, 0x4, 0x0, 0xf, 0xc0,
    0x10, 0x0, 0x20, 0x0, 0x40, 0x7f, 0xff, 0x1,
    0x0, 0x2, 0x0, 0x4, 0x80, 0x8, 0xc0, 0x10,
    0x40, 0x20, 0x0, 0x40, 0x0,

    /* U+5362 "卢" */
    0x1, 0x0, 0x2, 0x0, 0x7, 0xf8, 0x8, 0x0,
    0x10, 0x7, 0xfe, 0x8, 0x4, 0x10, 0x8, 0x20,
    0x10, 0x7f, 0xe0, 0x80, 0x43, 0x0, 0x4, 0x0,
    0x8, 0x0, 0x20, 0x0, 0x0, 0x0,

    /* U+5367 "卧" */
    0x0, 0x43, 0xf9, 0x9, 0x4, 0x24, 0x10, 0xfe,
    0x42, 0x9, 0x88, 0x25, 0xa0, 0x91, 0xfe, 0x42,
    0x41, 0x9, 0x4, 0x24, 0x10, 0xfe, 0x40, 0x1,
    0x0,

    /* U+536B "卫" */
    0x7f, 0xf8, 0x8, 0x20, 0x20, 0x80, 0x82, 0x2,
    0x8, 0x8, 0x20, 0x20, 0x80, 0x9e, 0x2, 0x0,
    0x8, 0x0, 0x20, 0x0, 0x80, 0xff, 0xfc,

    /* U+5370 "印" */
    0x6, 0x1, 0xe3, 0xf4, 0x8, 0x50, 0x21, 0x40,
    0x85, 0xfa, 0x14, 0x8, 0x50, 0x21, 0x40, 0x85,
    0x2, 0x14, 0x68, 0x5e, 0x27, 0x80, 0x80, 0x2,
    0x0,

    /* U+5371 "危" */
    0x8, 0x0, 0x1f, 0x80, 0x42, 0x1, 0xff, 0xfe,
    0x0, 0x4, 0x0, 0x9, 0xfc, 0x12, 0x8, 0x24,
    0x10, 0xc8, 0x21, 0x11, 0xc2, 0x20, 0x18, 0x40,
    0x30, 0xff, 0xc0,

    /* U+5373 "即" */
    0x7e, 0xfd, 0xa, 0x14, 0x28, 0x50, 0xa1, 0x7e,
    0x85, 0xa, 0x14, 0x28, 0x5f, 0xa1, 0x40, 0x85,
    0x2, 0x14, 0x4b, 0xd1, 0x20, 0x7a, 0x80, 0x2,
    0x0,

    /* U+5374 "却" */
    0x8, 0x0, 0x21, 0xf0, 0x84, 0x5f, 0xd1, 0x8,
    0x44, 0x21, 0x10, 0x84, 0x7f, 0xd1, 0x8, 0x44,
    0x41, 0x12, 0x24, 0x48, 0x91, 0x4d, 0x5d, 0x41,
    0x0, 0x4, 0x0,

    /* U+5377 "卷" */
    0x2, 0x0, 0x48, 0x80, 0x24, 0x1f, 0xfe, 0x4,
    0x3, 0xff, 0xf1, 0x4, 0x8, 0x8, 0x5f, 0xd2,
    0x41, 0x31, 0x4, 0x4, 0x70, 0x10, 0x10, 0x3f,
    0xc0,

    /* U+5378 "卸" */
    0x20, 0x0, 0x83, 0xf3, 0xf8, 0x52, 0x21, 0x88,
    0x84, 0x22, 0x1f, 0xf8, 0x42, 0x21, 0x48, 0x85,
    0x3e, 0x14, 0x88, 0x52, 0x21, 0x49, 0x9d, 0xfa,
    0x8, 0x8, 0x0,

    /* U+537F "卿" */
    0x0, 0x0, 0x27, 0xbd, 0x89, 0x4a, 0x52, 0x94,
    0xbd, 0x29, 0x4a, 0x52, 0x94, 0xa5, 0xe9, 0x4a,
    0x12, 0x94, 0x25, 0xea, 0x48, 0x94, 0x91, 0x35,
    0x64, 0xc2, 0x10, 0x4, 0x0,

    /* U+5385 "厅" */
    0x3f, 0xff, 0x20, 0x0, 0x20, 0x0, 0x3f, 0xfe,
    0x20, 0x40, 0x20, 0x40, 0x20, 0x40, 0x20, 0x40,
    0x20, 0x40, 0x40, 0x40, 0x40, 0x40, 0x40, 0x40,
    0x3, 0xc0,

    /* U+5386 "历" */
    0x3f, 0xff, 0x20, 0x0, 0x20, 0x80, 0x20, 0x80,
    0x20, 0x80, 0x2f, 0xfc, 0x20, 0x84, 0x20, 0x84,
    0x20, 0x84, 0x21, 0x4, 0x41, 0x4, 0x42, 0x4,
    0x44, 0xc, 0x88, 0x38,

    /* U+5389 "厉" */
    0x3f, 0xfe, 0x40, 0x0, 0x80, 0x1, 0x7f, 0xf2,
    0x20, 0x4, 0x40, 0x8, 0x80, 0x10, 0xfc, 0x22,
    0x8, 0x44, 0x11, 0x10, 0x22, 0x20, 0x44, 0x80,
    0x90, 0xe, 0x0,

    /* U+538B "压" */
    0x3f, 0xff, 0x20, 0x0, 0x20, 0x40, 0x20, 0x40,
    0x20, 0x40, 0x20, 0x40, 0x2f, 0xfe, 0x20, 0x40,
    0x20, 0x40, 0x20, 0x44, 0x60, 0x40, 0x40, 0x40,
    0x5f, 0xff, 0x0, 0x0,

    /* U+538C "厌" */
    0x3f, 0xfe, 0x40, 0x80, 0x81, 0x21, 0x2, 0x2,
    0xff, 0xe4, 0x8, 0x8, 0x30, 0x10, 0x60, 0x20,
    0xa0, 0xc2, 0x21, 0x8, 0x22, 0x20, 0x28, 0x80,
    0x20,

    /* U+5395 "厕" */
    0x3f, 0xfe, 0x40, 0x0, 0x80, 0x9, 0x7e, 0x12,
    0x85, 0x25, 0x4a, 0x4a, 0x94, 0x95, 0x29, 0x2a,
    0x52, 0x54, 0xa5, 0x29, 0x4a, 0x24, 0x14, 0x44,
    0x33, 0x3, 0xc0,

    /* U+539A "厚" */
    0x3f, 0xfe, 0x40, 0x0, 0xbf, 0xe1, 0x40, 0x42,
    0xff, 0x85, 0x1, 0xb, 0xfe, 0x10, 0x0, 0x2f,
    0xf8, 0xc1, 0x1, 0xff, 0xfa, 0x4, 0x4, 0x8,
    0x10, 0x70, 0x0,

    /* U+539F "原" */
    0x3f, 0xfe, 0x41, 0x0, 0xbf, 0xf1, 0x40, 0x22,
    0x80, 0x45, 0xff, 0x8a, 0x1, 0x17, 0xfe, 0x60,
    0x80, 0x89, 0x11, 0x22, 0x14, 0x84, 0x10, 0x38,
    0x0,

    /* U+53A2 "厢" */
    0x3f, 0xfe, 0x40, 0x0, 0x90, 0x1, 0x23, 0xf2,
    0x44, 0x27, 0xc8, 0x49, 0x1f, 0x97, 0x21, 0x35,
    0x42, 0x68, 0xfd, 0x91, 0xa, 0x22, 0x14, 0x44,
    0x30, 0x8f, 0xc0,

    /* U+53A6 "厦" */
    0x3f, 0xfe, 0x20, 0x0, 0x2f, 0xfe, 0x20, 0x80,
    0x27, 0xf8, 0x24, 0x8, 0x27, 0xf8, 0x27, 0xf8,
    0x24, 0x8, 0x23, 0xf0, 0x63, 0xf0, 0x46, 0x20,
    0x59, 0xc0, 0x83, 0x30, 0xc, 0xe,

    /* U+53AE "厮" */
    0x3f, 0xff, 0x20, 0x0, 0x28, 0x83, 0x3f, 0xfc,
    0x28, 0xa0, 0x2f, 0xa0, 0x28, 0xa0, 0x2f, 0xbe,
    0x28, 0xa4, 0x3f, 0xe4, 0x40, 0x24, 0x49, 0x24,
    0x50, 0xc4, 0xa0, 0x44,

    /* U+53BB "去" */
    0x1, 0x0, 0x2, 0x0, 0x4, 0x3, 0xff, 0xe0,
    0x10, 0x0, 0x20, 0x0, 0x40, 0x7f, 0xff, 0x4,
    0x0, 0x8, 0x0, 0x20, 0x80, 0x80, 0x81, 0x1,
    0x4, 0x3f, 0x17, 0x81, 0x0,

    /* U+53C2 "参" */
    0x0, 0x0, 0x10, 0x1, 0x86, 0xf, 0xfc, 0x0,
    0x8, 0x10, 0xf, 0xff, 0xc6, 0x10, 0x21, 0x21,
    0x8, 0x49, 0xc8, 0xc0, 0x40, 0xe, 0x10, 0x1,
    0x80, 0x38, 0xf, 0x0,

    /* U+53C8 "又" */
    0xff, 0xf0, 0x80, 0x42, 0x2, 0x4, 0x8, 0x10,
    0x40, 0x21, 0x0, 0x88, 0x1, 0x40, 0x2, 0x0,
    0x14, 0x0, 0x8c, 0xc, 0x8, 0xc0, 0x1c,

    /* U+53C9 "叉" */
    0x3f, 0xf8, 0x20, 0x10, 0x40, 0x20, 0x88, 0x80,
    0x8a, 0x0, 0x84, 0x1, 0x10, 0x1, 0x40, 0x1,
    0x0, 0x5, 0x0, 0x11, 0x80, 0xc0, 0xc6, 0x0,
    0x60,

    /* U+53CA "及" */
    0x7f, 0xe0, 0x10, 0x40, 0x21, 0x0, 0x62, 0x0,
    0xc3, 0xc1, 0x80, 0x82, 0x81, 0xd, 0x4, 0x11,
    0x10, 0x21, 0x20, 0x82, 0x81, 0x7, 0x4, 0x31,
    0x10, 0x81, 0xc0,

    /* U+53CB "友" */
    0x0, 0x0, 0x20, 0x0, 0x80, 0x3f, 0xff, 0x8,
    0x0, 0x20, 0x0, 0xff, 0x6, 0x8, 0x18, 0x20,
    0x91, 0x2, 0x24, 0x10, 0x60, 0x41, 0x82, 0x19,
    0x83, 0x81, 0xc0,

    /* U+53CC "双" */
    0x7f, 0xfc, 0x5, 0x10, 0x12, 0x20, 0x22, 0x42,
    0x44, 0x82, 0x8a, 0x2, 0xc, 0x4, 0x10, 0x14,
    0x20, 0x28, 0xa0, 0x8a, 0x22, 0x8, 0x28, 0x20,
    0x20,

    /* U+53CD "反" */
    0x0, 0x70, 0xfe, 0x2, 0x0, 0x8, 0x0, 0x20,
    0x0, 0xff, 0xe2, 0x81, 0x9, 0x4, 0x24, 0x20,
    0x89, 0x6, 0x14, 0x10, 0x20, 0x43, 0x42, 0x30,
    0xe9, 0x0, 0x40,

    /* U+53D1 "发" */
    0x12, 0x10, 0x44, 0x20, 0x90, 0x1, 0xff, 0xe0,
    0x40, 0x0, 0x80, 0x1, 0xfc, 0x6, 0x8, 0x16,
    0x20, 0x44, 0x40, 0x85, 0x2, 0x4, 0x8, 0x16,
    0x0, 0xc3, 0x2, 0x1, 0x0,

    /* U+53D4 "叔" */
    0x8, 0x0, 0x10, 0xfc, 0x3d, 0x8, 0x42, 0x20,
    0x84, 0x5f, 0xf8, 0x82, 0xa, 0x4, 0x14, 0x49,
    0x30, 0x92, 0x22, 0x20, 0xc4, 0x42, 0x40, 0x88,
    0x47, 0x20, 0x40,

    /* U+53D6 "取" */
    0x7f, 0xfe, 0x44, 0x84, 0x89, 0x9, 0xf2, 0x32,
    0x24, 0x44, 0x48, 0x8f, 0x8b, 0x11, 0x14, 0x22,
    0x18, 0x4e, 0x23, 0x68, 0xa0, 0x12, 0x20, 0x28,
    0x20,

    /* U+53D7 "受" */
    0x0, 0x10, 0xff, 0x86, 0x21, 0x8, 0x88, 0x10,
    0x23, 0xff, 0xf8, 0x0, 0x60, 0x1, 0xbf, 0xe4,
    0x40, 0x80, 0x84, 0x1, 0x20, 0x3, 0x0, 0x12,
    0x7, 0x87, 0x80,

    /* U+53D8 "变" */
    0x2, 0x0, 0x8, 0xf, 0xff, 0xc2, 0x20, 0x28,
    0xa0, 0xa2, 0x44, 0x88, 0x80, 0x20, 0x7f, 0xe0,
    0x80, 0x81, 0x4, 0x2, 0x60, 0x6, 0x0, 0x76,
    0xe, 0x7, 0x80,

    /* U+53D9 "叙" */
    0x8, 0x0, 0x29, 0xfc, 0x8c, 0xa, 0x2, 0x1b,
    0xf4, 0x61, 0x8, 0x82, 0x11, 0x7f, 0x96, 0x8,
    0x28, 0x10, 0x21, 0x24, 0x44, 0x41, 0x40, 0x84,
    0x87, 0x10, 0xc0,

    /* U+53DB "叛" */
    0x0, 0x3d, 0x4a, 0x82, 0xa4, 0x3, 0x48, 0x2,
    0x1f, 0xdf, 0xb1, 0x8, 0x62, 0x10, 0xc8, 0xfd,
    0x50, 0x42, 0xc0, 0x88, 0x82, 0x12, 0x84, 0x48,
    0x90, 0xa0, 0x80,

    /* U+53E0 "叠" */
    0x3f, 0xe0, 0xe, 0x3, 0xc6, 0x3f, 0x7e, 0x48,
    0x10, 0xe3, 0x8a, 0x5d, 0xbf, 0xfe, 0x80, 0x8,
    0xbf, 0x81, 0xfe, 0x8, 0x8, 0x2f, 0xe3, 0xff,
    0xf0,

    /* U+53E3 "口" */
    0xff, 0xf8, 0x1, 0x80, 0x18, 0x1, 0x80, 0x18,
    0x1, 0x80, 0x18, 0x1, 0x80, 0x18, 0x1, 0xff,
    0xf8, 0x1, 0x80, 0x0,

    /* U+53E4 "古" */
    0x1, 0x0, 0x2, 0x0, 0x4, 0x7, 0xff, 0xf0,
    0x10, 0x0, 0x20, 0x0, 0x40, 0x1f, 0xfc, 0x20,
    0x8, 0x40, 0x10, 0x80, 0x21, 0x0, 0x43, 0xff,
    0x84, 0x1, 0x0,

    /* U+53E5 "句" */
    0x0, 0x0, 0x40, 0x1, 0x0, 0x7, 0xff, 0x20,
    0x5, 0x0, 0x15, 0xf8, 0x64, 0x21, 0x10, 0x84,
    0x42, 0x11, 0x8, 0x47, 0xe1, 0x10, 0x4, 0x0,
    0x20, 0xf, 0x80,

    /* U+53E6 "另" */
    0x7f, 0xf2, 0x0, 0x90, 0x4, 0x80, 0x24, 0x1,
    0x3f, 0xf8, 0x10, 0x0, 0x80, 0xff, 0xf8, 0x20,
    0x42, 0x2, 0x20, 0x12, 0x1, 0x60, 0x78,

    /* U+53E8 "叨" */
    0xf7, 0xfc, 0x84, 0x64, 0x23, 0x21, 0x19, 0x8,
    0xc8, 0x86, 0x44, 0x32, 0x21, 0x92, 0xf, 0x90,
    0x61, 0x2, 0x8, 0x30, 0x87, 0x0,

    /* U+53EA "只" */
    0x3f, 0xf8, 0x40, 0x10, 0x80, 0x21, 0x0, 0x42,
    0x0, 0x84, 0x1, 0xf, 0xfe, 0x0, 0x0, 0x0,
    0x0, 0x10, 0x40, 0x40, 0x41, 0x0, 0x44, 0x0,
    0x40,

    /* U+53EB "叫" */
    0x0, 0x1f, 0x91, 0x89, 0x18, 0x91, 0x89, 0x18,
    0x91, 0x89, 0x18, 0x91, 0x89, 0x1f, 0x97, 0x82,
    0x98, 0x1, 0x0, 0x10, 0x1,

    /* U+53EC "召" */
    0x7f, 0xf8, 0x20, 0x41, 0x2, 0x10, 0x11, 0x0,
    0x10, 0x39, 0xff, 0xc4, 0x2, 0x20, 0x11, 0x0,
    0x88, 0x4, 0x40, 0x23, 0xff, 0x0,

    /* U+53ED "叭" */
    0xf1, 0x22, 0x44, 0x89, 0x12, 0x24, 0x48, 0x91,
    0x22, 0x48, 0x89, 0x21, 0x24, 0x84, 0x94, 0x13,
    0xd0, 0x48, 0x40, 0x82, 0x2, 0x8, 0x4,

    /* U+53EE "叮" */
    0xf7, 0xff, 0x20, 0x42, 0x40, 0x84, 0x81, 0x9,
    0x2, 0x12, 0x4, 0x24, 0x8, 0x48, 0x10, 0x90,
    0x21, 0xe0, 0x42, 0x0, 0x80, 0x1, 0x0, 0x1e,
    0x0,

    /* U+53EF "可" */
    0xff, 0xfc, 0x0, 0x40, 0x1, 0x1f, 0xc4, 0x41,
    0x11, 0x4, 0x44, 0x11, 0x10, 0x44, 0x7f, 0x11,
    0x0, 0x40, 0x1, 0x0, 0x4, 0x0, 0xf0,

    /* U+53F0 "台" */
    0x8, 0x0, 0x80, 0x4, 0x20, 0x40, 0x84, 0x2,
    0x7f, 0xf8, 0x0, 0x2f, 0xfc, 0x40, 0x22, 0x1,
    0x10, 0x8, 0x80, 0x47, 0xfe, 0x20, 0x10,

    /* U+53F3 "右" */
    0x4, 0x0, 0x10, 0x0, 0x40, 0x3f, 0xff, 0x8,
    0x0, 0x20, 0x1, 0x0, 0x7, 0xfe, 0x30, 0x9,
    0x40, 0x29, 0x0, 0x84, 0x2, 0x1f, 0xf8, 0x40,
    0x20,

    /* U+53F6 "叶" */
    0x0, 0x41, 0xf0, 0x82, 0x21, 0x4, 0x42, 0x8,
    0x84, 0x11, 0xff, 0xe2, 0x10, 0x44, 0x20, 0x88,
    0x41, 0xf0, 0x82, 0x1, 0x0, 0x2, 0x0, 0x4,
    0x0, 0x8, 0x0,

    /* U+53F7 "号" */
    0x3f, 0xf0, 0x80, 0x42, 0x1, 0x8, 0x4, 0x3f,
    0xf0, 0x0, 0xf, 0xff, 0xc4, 0x0, 0x10, 0x0,
    0x7f, 0xc0, 0x1, 0x0, 0x4, 0x0, 0x20, 0x7,
    0x80,

    /* U+53F8 "司" */
    0xff, 0xf8, 0x0, 0x7f, 0xf2, 0x0, 0x10, 0x0,
    0x9f, 0xc5, 0x2, 0x28, 0x11, 0x40, 0x89, 0xfc,
    0x40, 0x2, 0x0, 0x10, 0x7, 0x80,

    /* U+53F9 "叹" */
    0x7, 0xfb, 0xc8, 0x29, 0x21, 0x24, 0x84, 0x92,
    0x12, 0x44, 0x89, 0x12, 0x24, 0x30, 0x90, 0x43,
    0xc3, 0x8, 0x12, 0x20, 0x84, 0xc, 0xc,

    /* U+53FC "叼" */
    0xf7, 0xfc, 0x80, 0x64, 0x3, 0x20, 0x19, 0x4,
    0xc8, 0x46, 0x44, 0x32, 0x41, 0xf4, 0xc, 0x0,
    0x60, 0x2, 0x0, 0x30, 0xf, 0x0,

    /* U+53FD "叽" */
    0x3, 0xe3, 0xe8, 0x88, 0xa2, 0x22, 0x88, 0x8a,
    0x22, 0x28, 0x88, 0xa2, 0x22, 0x88, 0x8a, 0x22,
    0x38, 0x8f, 0xc2, 0x21, 0x9, 0x8, 0x24, 0x20,
    0xf0,

    /* U+5401 "吁" */
    0xf3, 0xfa, 0x41, 0x9, 0x4, 0x24, 0x10, 0x90,
    0x42, 0x5f, 0xf9, 0x4, 0x24, 0x10, 0x90, 0x43,
    0xc1, 0x8, 0x4, 0x0, 0x10, 0x1, 0xc0,

    /* U+5403 "吃" */
    0x1, 0x0, 0x4, 0xf, 0x20, 0x24, 0xff, 0x94,
    0x2, 0x70, 0x9, 0x3f, 0x24, 0x8, 0x90, 0x42,
    0x42, 0x9, 0x10, 0x3c, 0x80, 0x84, 0x0, 0x10,
    0x10, 0x7f, 0xc0,

    /* U+5404 "各" */
    0x0, 0x0, 0x8, 0x0, 0x3f, 0xc0, 0xc1, 0x2,
    0x44, 0x8, 0x50, 0x0, 0xc0, 0x6, 0x60, 0x30,
    0x30, 0xbf, 0xfc, 0x40, 0x40, 0x80, 0x81, 0x1,
    0x2, 0x2, 0x7, 0xfc, 0x0,

    /* U+5406 "吆" */
    0x0, 0x0, 0x2, 0xf, 0x8, 0x24, 0x40, 0x91,
    0x2, 0x48, 0x49, 0x42, 0x25, 0xf8, 0x90, 0x42,
    0x42, 0xf, 0x19, 0x20, 0x44, 0x82, 0x8, 0x13,
    0xe0, 0x30, 0x40,

    /* U+5408 "合" */
    0x1, 0x0, 0x1, 0x80, 0x2, 0x40, 0x4, 0x20,
    0x18, 0x18, 0x2f, 0xf6, 0x40, 0x1, 0x0, 0x0,
    0x1f, 0xf8, 0x10, 0x8, 0x10, 0x8, 0x10, 0x8,
    0x1f, 0xf8, 0x10, 0x8,

    /* U+5409 "吉" */
    0x1, 0x0, 0x2, 0x0, 0x4, 0x7, 0xff, 0xf0,
    0x10, 0x0, 0x20, 0x1f, 0xff, 0x0, 0x0, 0x0,
    0x0, 0x3f, 0xf0, 0x40, 0x20, 0x80, 0x41, 0x0,
    0x82, 0x1, 0x7, 0xfe, 0x0,

    /* U+540A "吊" */
    0x7f, 0xe4, 0x2, 0x40, 0x24, 0x2, 0x7f, 0xe0,
    0x20, 0x2, 0xf, 0xff, 0x82, 0x18, 0x21, 0x82,
    0x18, 0x21, 0x82, 0x70, 0x20,

    /* U+540C "同" */
    0xff, 0xfc, 0x0, 0x60, 0x3, 0x3f, 0xd8, 0x0,
    0xc0, 0x6, 0x3f, 0x32, 0x9, 0x90, 0x4c, 0x82,
    0x63, 0xf3, 0x0, 0x18, 0x0, 0xc0, 0x1c,

    /* U+540D "名" */
    0x2, 0x0, 0x20, 0x3, 0xfc, 0x20, 0x42, 0x2,
    0x24, 0x20, 0x16, 0x0, 0x40, 0xc, 0x7, 0xff,
    0xc4, 0x2, 0x20, 0x11, 0x0, 0x8f, 0xfc, 0x40,
    0x20,

    /* U+540E "后" */
    0x0, 0x78, 0x7f, 0x0, 0x80, 0x1, 0x0, 0x3,
    0xff, 0xe4, 0x0, 0x8, 0x0, 0x17, 0xfe, 0x28,
    0x4, 0xd0, 0x9, 0x20, 0x12, 0x40, 0x28, 0xff,
    0xd1, 0x0, 0x80,

    /* U+5410 "吐" */
    0x0, 0x41, 0xe0, 0x82, 0x41, 0x4, 0x82, 0x9,
    0x4, 0x12, 0xff, 0xa4, 0x10, 0x48, 0x20, 0x90,
    0x41, 0x20, 0x83, 0xc1, 0x4, 0x2, 0x0, 0x4,
    0x1, 0xff, 0xc0,

    /* U+5411 "向" */
    0x0, 0x0, 0x20, 0x1, 0x1, 0xff, 0xf8, 0x0,
    0xc0, 0x6, 0x7f, 0x32, 0x9, 0x90, 0x4c, 0x82,
    0x64, 0x13, 0x3f, 0x99, 0x0, 0xc0, 0x6, 0x1,
    0xe0,

    /* U+5413 "吓" */
    0xf7, 0xfa, 0x42, 0x9, 0x8, 0x24, 0x28, 0x90,
    0x92, 0x42, 0x29, 0x8, 0x24, 0x20, 0xf0, 0x82,
    0x2, 0x8, 0x8, 0x0, 0x20, 0x0, 0x80,

    /* U+5417 "吗" */
    0x3, 0xf3, 0xc0, 0x49, 0x1, 0x24, 0x84, 0x92,
    0x12, 0x48, 0x49, 0x21, 0x24, 0xff, 0x90, 0x6,
    0x40, 0x1e, 0x7f, 0x40, 0x2, 0x0, 0x8, 0x0,
    0xe0,

    /* U+541B "君" */
    0x3f, 0xf8, 0x2, 0x10, 0x8, 0x27, 0xff, 0xf0,
    0x20, 0x80, 0x81, 0xf, 0xfe, 0x4, 0x0, 0xf,
    0xfc, 0x30, 0x8, 0xa0, 0x12, 0x40, 0x20, 0xff,
    0xc1, 0x0, 0x80,

    /* U+541E "吞" */
    0x7f, 0xf8, 0x8, 0x0, 0x20, 0x1, 0x0, 0xff,
    0xfc, 0x22, 0x1, 0x4, 0x4, 0x8, 0x5f, 0xf2,
    0x80, 0xb2, 0x2, 0x8, 0x8, 0x20, 0x20, 0x7f,
    0x80,

    /* U+541F "吟" */
    0x0, 0x0, 0x3, 0xf, 0x14, 0x24, 0x88, 0x92,
    0x12, 0x52, 0x29, 0x8, 0x64, 0x0, 0x97, 0xf2,
    0x40, 0x4f, 0x2, 0x20, 0x8, 0x80, 0x40, 0x1,
    0x0, 0x8, 0x0,

    /* U+5426 "否" */
    0xff, 0xfc, 0x4, 0x0, 0x20, 0x1, 0x90, 0x1a,
    0x31, 0x88, 0x38, 0x20, 0x0, 0x0, 0x3f, 0xf0,
    0x80, 0x42, 0x1, 0x8, 0x4, 0x3f, 0xf0, 0x80,
    0x0,

    /* U+5427 "吧" */
    0xf3, 0xfa, 0x49, 0x29, 0x24, 0xa4, 0x92, 0x92,
    0x4a, 0x49, 0x29, 0x3f, 0xa4, 0x82, 0xf2, 0x2,
    0x8, 0x8, 0x20, 0x40, 0x81, 0x3, 0xf8,

    /* U+5428 "吨" */
    0x0, 0x83, 0xc2, 0x9, 0xff, 0xe4, 0x20, 0x94,
    0x8a, 0x52, 0x29, 0x48, 0xa5, 0x22, 0x94, 0x8b,
    0xdf, 0xe8, 0x8, 0xa0, 0x20, 0x0, 0x84, 0x3,
    0xf0,

    /* U+542B "含" */
    0x2, 0x0, 0x14, 0x0, 0x48, 0x7, 0x18, 0x23,
    0x13, 0x0, 0x33, 0xfe, 0x0, 0x10, 0x0, 0x80,
    0xff, 0xc2, 0x1, 0x8, 0x4, 0x3f, 0xf0, 0x80,
    0x40,

    /* U+542C "听" */
    0x0, 0x31, 0xe5, 0x82, 0x48, 0x4, 0x90, 0x9,
    0x20, 0x12, 0x7f, 0xe4, 0x84, 0x49, 0x8, 0x92,
    0x11, 0x2c, 0x23, 0xd0, 0x44, 0x20, 0x80, 0x41,
    0x1, 0x2, 0x0,

    /* U+542D "吭" */
    0x0, 0x3, 0xc2, 0x9, 0x0, 0x27, 0xff, 0x90,
    0x2, 0x40, 0x9, 0x3e, 0x24, 0x88, 0x92, 0x22,
    0x48, 0x89, 0x22, 0x3d, 0x88, 0x84, 0x20, 0x10,
    0x90, 0x83, 0xc0,

    /* U+542F "启" */
    0x0, 0x0, 0x0, 0xf, 0xfe, 0x40, 0x12, 0x0,
    0x9f, 0xfc, 0x80, 0x4, 0x0, 0x2f, 0xf9, 0x40,
    0x5a, 0x2, 0x90, 0x14, 0xff, 0xc4, 0x4,

    /* U+5435 "吵" */
    0x0, 0x40, 0x1, 0xf, 0x4, 0x24, 0x10, 0x92,
    0x4a, 0x49, 0x19, 0x44, 0x65, 0x10, 0x90, 0x42,
    0x41, 0x2f, 0x5, 0x20, 0x4, 0x80, 0x60, 0x2,
    0x0, 0x70, 0x0,

    /* U+5438 "吸" */
    0xf7, 0xe2, 0x48, 0x89, 0x22, 0x24, 0x88, 0x92,
    0x3a, 0x54, 0x29, 0x50, 0xa5, 0x24, 0xfc, 0x92,
    0x21, 0x88, 0x86, 0x4, 0x24, 0x23, 0xc,

    /* U+5439 "吹" */
    0x0, 0x0, 0x8, 0xf, 0x20, 0x24, 0xff, 0x94,
    0x6, 0x51, 0x29, 0x44, 0xa6, 0x10, 0x90, 0x42,
    0x41, 0x9, 0xc, 0x3c, 0x28, 0x81, 0x20, 0x4,
    0x40, 0x60, 0xc2, 0x0,

    /* U+543C "吼" */
    0x0, 0x23, 0xde, 0x89, 0x12, 0x24, 0x48, 0x92,
    0x22, 0x48, 0x89, 0x2a, 0x25, 0xc8, 0x92, 0x22,
    0x48, 0x8f, 0x22, 0x20, 0x89, 0x82, 0x24, 0x18,
    0xf0,

    /* U+5440 "呀" */
    0xf3, 0xfa, 0x40, 0x49, 0x41, 0x25, 0x4, 0x94,
    0x12, 0x5f, 0xf9, 0x3, 0x24, 0x14, 0x90, 0x93,
    0xc4, 0x48, 0x21, 0x3, 0x4, 0x0, 0xf0,

    /* U+5443 "呃" */
    0x7, 0xff, 0xd0, 0x9, 0x40, 0x25, 0x3e, 0x94,
    0x8a, 0x52, 0x29, 0x48, 0xa5, 0x22, 0x94, 0xbb,
    0xd2, 0x8, 0x48, 0x22, 0x20, 0x8, 0x84, 0x43,
    0xf0,

    /* U+5446 "呆" */
    0x3f, 0xf8, 0x40, 0x10, 0x80, 0x21, 0x0, 0x43,
    0xff, 0x80, 0x20, 0x0, 0x40, 0x7f, 0xff, 0x5,
    0x80, 0x12, 0x80, 0x44, 0x81, 0x8, 0xcc, 0x10,
    0x60, 0x20, 0x0,

    /* U+544A "告" */
    0x1, 0x0, 0x22, 0x0, 0x84, 0x1, 0xff, 0xc4,
    0x10, 0x10, 0x20, 0x0, 0x40, 0x7f, 0xff, 0x0,
    0x0, 0x7f, 0xe0, 0x80, 0x41, 0x0, 0x82, 0x1,
    0x4, 0x2, 0xf, 0xfc, 0x0,

    /* U+5450 "呐" */
    0x0, 0x40, 0x2, 0x3c, 0x11, 0x20, 0x89, 0x7f,
    0xca, 0x26, 0x52, 0x32, 0x89, 0x94, 0xcc, 0xa9,
    0x65, 0x4b, 0xe8, 0x38, 0x40, 0x82, 0x4, 0x10,
    0xe0,

    /* U+5457 "呗" */
    0x3, 0xfb, 0xc8, 0x29, 0x20, 0xa4, 0x92, 0x92,
    0x4a, 0x49, 0x29, 0x24, 0xa4, 0x92, 0x92, 0x4b,
    0xc9, 0x28, 0x8, 0x20, 0x28, 0x1, 0x10, 0x18,
    0x30,

    /* U+5458 "员" */
    0x3f, 0xf1, 0x0, 0x44, 0x1, 0xf, 0xfc, 0x0,
    0x1, 0xff, 0xe4, 0x0, 0x90, 0x82, 0x42, 0x9,
    0x8, 0x24, 0x40, 0x82, 0x20, 0x10, 0x63, 0x80,
    0x70,

    /* U+545C "呜" */
    0x0, 0x0, 0x4, 0x3c, 0xff, 0x24, 0x19, 0x20,
    0xc9, 0xa, 0x48, 0xd2, 0x40, 0x93, 0xfc, 0x80,
    0x7c, 0x3, 0xf, 0xf0, 0x0, 0x80, 0x4, 0x0,
    0xe0,

    /* U+5462 "呢" */
    0x7, 0xfb, 0xd0, 0x29, 0x40, 0xa5, 0x2, 0x97,
    0xfa, 0x50, 0x9, 0x50, 0x25, 0x42, 0x95, 0x32,
    0x57, 0xf, 0xd0, 0x22, 0x40, 0x9, 0x4, 0x47,
    0xe0,

    /* U+5466 "呦" */
    0x2, 0x23, 0xc8, 0x89, 0x42, 0x25, 0x3f, 0x98,
    0x26, 0x64, 0x99, 0xe2, 0x64, 0x89, 0x95, 0x27,
    0xd5, 0x18, 0x94, 0x63, 0x91, 0x0, 0x8c, 0x4,
    0xe0,

    /* U+5468 "周" */
    0x3f, 0xf9, 0x8, 0x48, 0x42, 0x5f, 0xf2, 0x10,
    0x9f, 0xfc, 0x80, 0x24, 0x1, 0x2f, 0xeb, 0x41,
    0x52, 0xa, 0x9f, 0xd8, 0x80, 0xc0, 0x1c,

    /* U+546F "呯" */
    0xf3, 0xf9, 0x20, 0x82, 0x49, 0x24, 0x92, 0x49,
    0x4, 0x12, 0x8, 0x25, 0xff, 0xc8, 0x20, 0xf0,
    0x41, 0x0, 0x82, 0x1, 0x0, 0x2, 0x0, 0x4,
    0x0,

    /* U+5471 "呱" */
    0x0, 0x4, 0x7, 0xf3, 0xd2, 0x44, 0xa4, 0x89,
    0x49, 0x12, 0x92, 0x25, 0x24, 0x4a, 0x48, 0x94,
    0x89, 0x29, 0x13, 0xd3, 0x24, 0x29, 0x48, 0x92,
    0x41, 0x4e, 0x82, 0x24, 0x0,

    /* U+5472 "呲" */
    0x2, 0x43, 0x89, 0xa, 0x24, 0x28, 0x90, 0xaa,
    0x4a, 0xaf, 0xca, 0xa4, 0x2a, 0x90, 0xaa, 0x43,
    0xa9, 0x8, 0xa4, 0x22, 0x91, 0x9, 0x44, 0x79,
    0xf0,

    /* U+5473 "味" */
    0x0, 0x40, 0x0, 0x83, 0xc1, 0x4, 0xbf, 0xe9,
    0x4, 0x12, 0x8, 0x24, 0x10, 0x4b, 0xff, 0x90,
    0xc1, 0x22, 0xc2, 0x45, 0x87, 0x92, 0x88, 0x44,
    0x81, 0x8, 0x80, 0x10, 0x0,

    /* U+5475 "呵" */
    0xf3, 0xfd, 0x20, 0x12, 0x40, 0x24, 0x9e, 0x49,
    0x24, 0x92, 0x49, 0x24, 0x92, 0x49, 0x24, 0x93,
    0xc9, 0xe4, 0x12, 0x0, 0x20, 0x0, 0x40, 0x7,
    0x80,

    /* U+5478 "呸" */
    0xf7, 0xfe, 0x41, 0x9, 0x8, 0x24, 0x28, 0x91,
    0x92, 0x4a, 0x29, 0x48, 0x64, 0x20, 0xf0, 0x82,
    0x2, 0x8, 0x0, 0x0, 0x0, 0xf, 0xfc,

    /* U+547B "呻" */
    0x0, 0x43, 0xc1, 0x9, 0x7f, 0xe5, 0x11, 0x94,
    0x46, 0x5f, 0xf9, 0x44, 0x65, 0x11, 0x94, 0x47,
    0xdf, 0xf8, 0x4, 0x20, 0x10, 0x0, 0x40, 0x1,
    0x0,

    /* U+547C "呼" */
    0x0, 0xd, 0xef, 0xe2, 0x41, 0x4, 0x82, 0x49,
    0x24, 0x92, 0x49, 0x24, 0x10, 0x48, 0x20, 0x97,
    0xfd, 0xe0, 0x82, 0x1, 0x4, 0x2, 0x0, 0x4,
    0x0, 0x78, 0x0,

    /* U+547D "命" */
    0x1, 0x80, 0x2, 0x80, 0x4, 0x60, 0x8, 0x10,
    0x37, 0xec, 0xc0, 0x2, 0x3e, 0x7c, 0x22, 0x84,
    0x22, 0x84, 0x22, 0x84, 0x22, 0x84, 0x3c, 0x9c,
    0x20, 0x80, 0x0, 0x0,

    /* U+5486 "咆" */
    0x0, 0x0, 0x8, 0xf, 0x3f, 0xa5, 0x2, 0x94,
    0xa, 0x6f, 0xa9, 0xa2, 0xa4, 0x8a, 0x92, 0x2a,
    0x4f, 0x2e, 0x21, 0xa0, 0x80, 0x2, 0x0, 0x8,
    0x10, 0x3f, 0xc0,

    /* U+548B "咋" */
    0x0, 0x0, 0x8, 0xf, 0x20, 0x24, 0xff, 0x94,
    0x82, 0x62, 0x9, 0xf, 0xe4, 0x20, 0x90, 0x82,
    0x42, 0xf, 0xf, 0xe0, 0x20, 0x80, 0x80, 0x2,
    0x0, 0x8, 0x0,

    /* U+548C "和" */
    0x1, 0x0, 0x38, 0x7, 0x87, 0xc2, 0x11, 0x8,
    0x45, 0xfd, 0x11, 0x84, 0x4b, 0x11, 0x2a, 0x45,
    0x25, 0x14, 0x84, 0x62, 0x11, 0x8, 0x7c, 0x21,
    0x10, 0x80, 0x0,

    /* U+5492 "咒" */
    0x7c, 0xfc, 0x89, 0x9, 0x12, 0x12, 0x24, 0x27,
    0xcf, 0xc0, 0x0, 0x0, 0x0, 0x7, 0xe0, 0x8,
    0x40, 0x10, 0x80, 0x21, 0x0, 0x82, 0x3, 0x4,
    0x38, 0x7, 0xc0,

    /* U+5494 "咔" */
    0x0, 0x80, 0x2, 0xf, 0x8, 0x24, 0x3e, 0x90,
    0x82, 0x42, 0x9, 0x8, 0x27, 0xff, 0x90, 0x82,
    0x42, 0x9, 0x8, 0x3c, 0x2c, 0x80, 0x88, 0x2,
    0x0, 0x8, 0x0,

    /* U+5495 "咕" */
    0x0, 0x40, 0x1, 0xf, 0x84, 0x22, 0x10, 0x8f,
    0xfe, 0x21, 0x8, 0x84, 0x22, 0x10, 0x8b, 0xfa,
    0x28, 0x2f, 0xa0, 0xa0, 0x82, 0x2, 0x8, 0x8,
    0x20, 0x3f, 0x80,

    /* U+549A "咚" */
    0x0, 0x0, 0x4, 0xf, 0x1f, 0xa4, 0x84, 0x95,
    0x22, 0x63, 0x9, 0x4, 0x24, 0x68, 0x96, 0x1a,
    0x42, 0x9, 0x6, 0x3c, 0x0, 0x80, 0x2, 0xe,
    0x0, 0x7, 0x0,

    /* U+549D "咝" */
    0x1, 0x13, 0xc8, 0x49, 0x22, 0x25, 0x9, 0x94,
    0xaa, 0x6d, 0x69, 0x11, 0x24, 0x84, 0x94, 0x23,
    0xd6, 0xf8, 0x20, 0x20, 0x0, 0xf, 0xfc,

    /* U+54A3 "咣" */
    0x0, 0x43, 0xd1, 0x9, 0x45, 0x24, 0x94, 0x90,
    0x42, 0x41, 0x9, 0xff, 0xe4, 0x48, 0x91, 0x22,
    0x44, 0x8f, 0x22, 0x20, 0x88, 0x84, 0x24, 0x20,
    0x70,

    /* U+54A6 "咦" */
    0x0, 0x80, 0x2, 0xf, 0xff, 0xe4, 0x20, 0x97,
    0xfa, 0x42, 0x29, 0x8, 0xa5, 0xfe, 0x98, 0x82,
    0x7f, 0xef, 0x8, 0xa0, 0x62, 0x81, 0x58, 0x8,
    0x80, 0x41, 0x82, 0x0,

    /* U+54A7 "咧" */
    0x0, 0x7, 0xdf, 0x19, 0x22, 0x64, 0x89, 0x93,
    0xe6, 0x49, 0x99, 0x46, 0x65, 0x29, 0x99, 0xa6,
    0x42, 0x9e, 0x12, 0x60, 0x81, 0x4, 0x4, 0x0,
    0x70,

    /* U+54AC "咬" */
    0x0, 0x43, 0xc0, 0x9, 0x7f, 0xe4, 0x0, 0x92,
    0x12, 0x48, 0x29, 0x41, 0x64, 0x44, 0x91, 0x23,
    0xc2, 0x88, 0x4, 0x20, 0x28, 0x1, 0x10, 0x18,
    0x30,

    /* U+54AF "咯" */
    0x0, 0x0, 0x1, 0x3, 0xe7, 0xe4, 0x48, 0x48,
    0xb1, 0x11, 0x94, 0x22, 0x10, 0x44, 0x50, 0x8b,
    0x19, 0x1f, 0xfb, 0xe8, 0x24, 0x10, 0x40, 0x20,
    0x80, 0x41, 0x0, 0xfe, 0x0,

    /* U+54B1 "咱" */
    0x0, 0x7, 0x84, 0x25, 0xff, 0x28, 0x19, 0x40,
    0xcb, 0xfe, 0x50, 0x32, 0x81, 0x94, 0xc, 0xbf,
    0xfd, 0x3, 0x8, 0x10, 0x7f, 0x82, 0x4,

    /* U+54B3 "咳" */
    0x0, 0x0, 0x1, 0xf, 0x0, 0x25, 0xff, 0x91,
    0x2, 0x48, 0x9, 0x21, 0x25, 0xf8, 0x90, 0x4a,
    0x42, 0x4f, 0x32, 0x21, 0x10, 0x80, 0xb0, 0xc,
    0x20, 0xc0, 0x40,

    /* U+54BD "咽" */
    0x7, 0xff, 0xd0, 0x19, 0x44, 0x65, 0x11, 0x94,
    0x46, 0x5f, 0xf9, 0x44, 0x65, 0x11, 0x94, 0xa7,
    0xd2, 0x58, 0x51, 0x61, 0x83, 0x7, 0xfc, 0x10,
    0x10,

    /* U+54C0 "哀" */
    0x2, 0x0, 0x0, 0xf, 0xff, 0xc0, 0x0, 0x3f,
    0xf1, 0x0, 0x44, 0x1, 0x10, 0x4, 0x3f, 0xf0,
    0x14, 0x1, 0x91, 0x1c, 0x28, 0x90, 0x40, 0x40,
    0xc1, 0xe0, 0xc0,

    /* U+54C1 "品" */
    0x3f, 0xe1, 0x1, 0x8, 0x8, 0x40, 0x42, 0x2,
    0x1f, 0xf0, 0x0, 0x1f, 0xbf, 0x85, 0xc, 0x28,
    0x61, 0x43, 0xa, 0x1f, 0xdf, 0xc2, 0x84,

    /* U+54C4 "哄" */
    0x1, 0x10, 0x2, 0x23, 0xc4, 0x44, 0x88, 0x89,
    0x7f, 0xd2, 0x22, 0x24, 0x44, 0x48, 0x88, 0x91,
    0x11, 0x3f, 0xfe, 0x40, 0x7, 0x80, 0x8, 0x11,
    0x0, 0x41, 0x1, 0x1, 0x4, 0x0,

    /* U+54C7 "哇" */
    0x0, 0x41, 0xe0, 0x82, 0x5f, 0xe4, 0x82, 0x9,
    0x4, 0x12, 0xff, 0xa4, 0x0, 0x48, 0x20, 0x90,
    0x41, 0xef, 0xfa, 0x1, 0x4, 0x2, 0x0, 0x4,
    0x1, 0xff, 0xc0,

    /* U+54C8 "哈" */
    0x0, 0x40, 0x1, 0xf, 0xa, 0x24, 0x44, 0x91,
    0x12, 0x48, 0x39, 0x5f, 0x24, 0x0, 0x90, 0x2,
    0x4f, 0xef, 0x20, 0xa0, 0x82, 0x82, 0x8, 0xf,
    0xe0, 0x20, 0x80,

    /* U+54C9 "哉" */
    0x8, 0x80, 0x11, 0x21, 0xfe, 0x20, 0x44, 0x20,
    0x88, 0x1f, 0xff, 0x80, 0x20, 0x0, 0x60, 0x7e,
    0xc8, 0x84, 0xa1, 0x9, 0x42, 0x13, 0x7, 0xe6,
    0x28, 0x12, 0x40, 0x43, 0x0,

    /* U+54CD "响" */
    0x0, 0x40, 0x1, 0xf, 0x8, 0x25, 0xff, 0x94,
    0x6, 0x50, 0x19, 0x5f, 0x65, 0x45, 0x95, 0x16,
    0x54, 0x5f, 0x51, 0x61, 0x7d, 0x5, 0x4, 0x10,
    0x10, 0x40, 0xc0,

    /* U+54CE "哎" */
    0x1, 0x20, 0x4, 0x8f, 0xff, 0xe4, 0x48, 0x91,
    0x22, 0x40, 0x9, 0x21, 0x24, 0x84, 0x92, 0x22,
    0x44, 0x8f, 0x14, 0x20, 0x30, 0x80, 0xc0, 0xc,
    0xc0, 0xc0, 0xc0,

    /* U+54D1 "哑" */
    0xf7, 0xfa, 0x44, 0x89, 0x12, 0x24, 0x49, 0x99,
    0x26, 0x64, 0xa9, 0x92, 0xa5, 0x4a, 0xf1, 0x22,
    0x4, 0x88, 0x12, 0x7, 0xff,

    /* U+54D2 "哒" */
    0x0, 0x23, 0x90, 0x8a, 0x42, 0x28, 0x8, 0xa0,
    0xfa, 0xb8, 0x8a, 0x23, 0x28, 0x8c, 0xa2, 0x4a,
    0x89, 0x2e, 0x28, 0xa0, 0xc1, 0x87, 0x0, 0x27,
    0xf0,

    /* U+54D7 "哗" */
    0x1, 0x21, 0xe4, 0x4a, 0x48, 0xa4, 0xb1, 0x89,
    0x2e, 0x12, 0x44, 0x64, 0x8f, 0x49, 0x20, 0x90,
    0x41, 0x2f, 0xff, 0xc1, 0x4, 0x2, 0x0, 0x4,
    0x0, 0x8, 0x0,

    /* U+54DF "哟" */
    0x2, 0x43, 0x89, 0xa, 0x44, 0x29, 0x1f, 0xa9,
    0x86, 0xaa, 0x1a, 0x60, 0x69, 0x9, 0xa5, 0x27,
    0xb8, 0x18, 0x0, 0x60, 0x41, 0x6, 0xc, 0x0,
    0xe0,

    /* U+54E5 "哥" */
    0x7f, 0xf8, 0xfe, 0x42, 0x9, 0x8, 0x24, 0x3f,
    0x90, 0x0, 0x4f, 0xff, 0xc0, 0x4, 0x3f, 0x90,
    0x82, 0x43, 0xf9, 0x8, 0x4, 0x0, 0x70,

    /* U+54E6 "哦" */
    0x0, 0x20, 0x3, 0x53, 0xd8, 0xb4, 0xd1, 0x29,
    0x22, 0x13, 0xff, 0xe4, 0x88, 0x49, 0x14, 0x92,
    0x29, 0x27, 0x63, 0xf8, 0xc4, 0x11, 0x8, 0x25,
    0x40, 0x52, 0x83, 0x83, 0x0,

    /* U+54E8 "哨" */
    0x4, 0x47, 0xf1, 0x28, 0xa5, 0x22, 0x10, 0x8b,
    0xfa, 0x30, 0x28, 0xc0, 0xa2, 0xfe, 0x8c, 0xb,
    0xf0, 0x28, 0x3f, 0x81, 0x2, 0x4, 0x8, 0x0,
    0xe0,

    /* U+54EA "哪" */
    0x1f, 0xbf, 0x92, 0x9a, 0x4a, 0xa9, 0x2a, 0xbf,
    0xaa, 0x92, 0xca, 0x4a, 0xa9, 0x2a, 0xaf, 0xa7,
    0xa2, 0x98, 0x8a, 0x62, 0x2b, 0x10, 0xa0, 0x5e,
    0x80,

    /* U+54ED "哭" */
    0x7c, 0xf9, 0x14, 0x24, 0x50, 0x91, 0x42, 0x7c,
    0xf8, 0x0, 0x0, 0x22, 0x0, 0x84, 0xff, 0xfc,
    0xc, 0x0, 0x50, 0x1, 0x20, 0x8, 0x40, 0xc0,
    0xcc, 0x0, 0xc0,

    /* U+54EE "哮" */
    0x0, 0x84, 0x2, 0x2f, 0x7f, 0xa4, 0x24, 0x97,
    0xfe, 0x41, 0x9, 0x7f, 0x24, 0x48, 0x92, 0x43,
    0xd2, 0x8, 0xff, 0xc0, 0x20, 0x0, 0x80, 0xe,
    0x0,

    /* U+54FC "哼" */
    0x0, 0x0, 0x2, 0xf, 0x7f, 0xe4, 0x0, 0x97,
    0xf2, 0x50, 0x49, 0x41, 0x25, 0xfc, 0x90, 0x3,
    0xcf, 0x88, 0x0, 0x0, 0x20, 0x0, 0x80, 0x2,
    0x0, 0x38, 0x0,

    /* U+54FD "哽" */
    0x7, 0xff, 0xe0, 0x82, 0x5f, 0xf4, 0xa2, 0x29,
    0x44, 0x52, 0xff, 0xa5, 0x11, 0x4a, 0x22, 0x93,
    0xf9, 0xe8, 0x82, 0xa, 0x4, 0xc, 0x0, 0x24,
    0x1, 0x87, 0x80,

    /* U+5507 "唇" */
    0x3f, 0xfc, 0x40, 0x0, 0xbf, 0xe1, 0x0, 0x3,
    0xff, 0xe4, 0x90, 0x9, 0x16, 0x13, 0x98, 0x60,
    0xe, 0xcf, 0xf1, 0x20, 0x22, 0x40, 0x48, 0x80,
    0x90, 0xff, 0x0,

    /* U+5509 "唉" */
    0x0, 0x80, 0x4, 0xf, 0x22, 0x25, 0x4, 0x97,
    0xfa, 0x48, 0x9, 0x40, 0x24, 0xfe, 0x94, 0x82,
    0x42, 0xf, 0x7f, 0xe0, 0x60, 0x81, 0x40, 0x8,
    0x80, 0x41, 0x80,

    /* U+550F "唏" */
    0x0, 0x0, 0x10, 0xcf, 0x3c, 0x24, 0xdc, 0x94,
    0x8e, 0x44, 0x9, 0x7f, 0xe4, 0x90, 0x94, 0x42,
    0x5f, 0xef, 0x24, 0xa0, 0x92, 0x82, 0x48, 0x9,
    0x60, 0x4, 0x0,

    /* U+5510 "唐" */
    0x0, 0x0, 0x0, 0x80, 0xff, 0xf9, 0x2, 0x2,
    0xff, 0xc4, 0x8, 0x8f, 0xff, 0x90, 0x22, 0x27,
    0xfc, 0x40, 0x80, 0xbf, 0xf3, 0x40, 0x24, 0x80,
    0x49, 0x0, 0xa3, 0xff, 0x0,

    /* U+5520 "唠" */
    0x0, 0x20, 0x8, 0x8f, 0x7f, 0xe4, 0x88, 0x90,
    0x22, 0x5f, 0xf9, 0x80, 0x64, 0x21, 0x90, 0x82,
    0x4d, 0xcf, 0x11, 0x20, 0x44, 0x82, 0x10, 0x8,
    0x40, 0x46, 0x0,

    /* U+5524 "唤" */
    0x1, 0x0, 0x4, 0xf, 0x2f, 0x24, 0x88, 0x94,
    0x42, 0x7f, 0xe9, 0x44, 0xa5, 0x12, 0x94, 0x8a,
    0x52, 0x2f, 0x3f, 0x20, 0x50, 0x82, 0x20, 0x10,
    0x40, 0x80, 0xc0,

    /* U+552C "唬" */
    0x0, 0x3, 0xc1, 0xe9, 0x8, 0x25, 0xff, 0x94,
    0xa, 0x51, 0xc9, 0x58, 0x65, 0x1f, 0x94, 0x3,
    0xd3, 0x88, 0x4a, 0x22, 0x68, 0x9, 0x24, 0x48,
    0xf0,

    /* U+552E "售" */
    0x22, 0x1, 0x8, 0x1f, 0xfd, 0x7f, 0xe2, 0x10,
    0x1f, 0xfc, 0x84, 0x7, 0xff, 0x20, 0x1, 0xff,
    0xc8, 0x2, 0x40, 0x12, 0x0, 0x9f, 0xfc,

    /* U+552F "唯" */
    0x1, 0x3, 0xc9, 0x9, 0x20, 0x24, 0xfe, 0x96,
    0x42, 0x69, 0x9, 0x3f, 0xa4, 0x90, 0x92, 0x42,
    0x49, 0x9, 0x3f, 0xbc, 0x90, 0x82, 0x40, 0xf,
    0xf0, 0x20, 0x0,

    /* U+5531 "唱" */
    0x3, 0xfb, 0xc8, 0x29, 0x20, 0xa4, 0xfe, 0x92,
    0xa, 0x48, 0x29, 0x1f, 0x25, 0xff, 0x94, 0x7,
    0xd0, 0x18, 0x7f, 0xc1, 0x1, 0x4, 0x4, 0x1f,
    0xf0,

    /* U+553E "唾" */
    0x0, 0x18, 0x1f, 0x8f, 0x4, 0x24, 0x10, 0x9f,
    0xfe, 0x49, 0x49, 0x25, 0x27, 0xff, 0x92, 0x52,
    0x49, 0x4f, 0x25, 0x23, 0xff, 0x0, 0x40, 0x1,
    0x0, 0x7f, 0xc0,

    /* U+5543 "啃" */
    0x0, 0x41, 0xe4, 0x82, 0x49, 0xf4, 0x92, 0x9,
    0x7f, 0xf2, 0x0, 0x24, 0xfe, 0x49, 0x4, 0x93,
    0xf9, 0xe4, 0x12, 0xf, 0xe0, 0x10, 0x40, 0x20,
    0x80, 0x47, 0x0,

    /* U+5546 "商" */
    0x2, 0x0, 0x8, 0xf, 0xff, 0xc0, 0x0, 0x8,
    0x40, 0x2, 0x7, 0xff, 0x91, 0x22, 0x48, 0x69,
    0x7f, 0x24, 0x84, 0x92, 0x12, 0x4f, 0xc9, 0x20,
    0x24, 0x3, 0x80,

    /* U+554A "啊" */
    0xf, 0x3, 0xa7, 0xea, 0xa0, 0xaa, 0x9a, 0xac,
    0xaa, 0xb2, 0xaa, 0xaa, 0xaa, 0x6a, 0xa9, 0xab,
    0x26, 0x28, 0xb0, 0x82, 0x2, 0x8, 0x8, 0x20,
    0xe0,

    /* U+5550 "啐" */
    0x0, 0x80, 0x0, 0xf, 0xff, 0xa4, 0x0, 0x94,
    0x22, 0x51, 0x9, 0xb5, 0xa4, 0x20, 0x90, 0x83,
    0xff, 0xf8, 0x8, 0x0, 0x20, 0x0, 0x80, 0x2,
    0x0,

    /* U+5555 "啕" */
    0x2, 0x3, 0xd0, 0x9, 0x7f, 0xe6, 0x1, 0x9b,
    0xf6, 0x52, 0x19, 0x8, 0x65, 0xfd, 0x90, 0x87,
    0xd2, 0x58, 0x49, 0x61, 0xfd, 0x0, 0x4, 0x0,
    0xf0,

    /* U+5565 "啥" */
    0x0, 0x0, 0x2, 0xf, 0x14, 0x24, 0x88, 0x9c,
    0x1a, 0x5f, 0xc9, 0x8, 0x27, 0xfe, 0x90, 0x82,
    0x5f, 0xe9, 0x40, 0xbd, 0x2, 0x84, 0x8, 0x10,
    0x20, 0x7f, 0x80,

    /* U+5566 "啦" */
    0x4, 0x23, 0xd0, 0x89, 0x40, 0x27, 0xff, 0x94,
    0x2, 0x50, 0x29, 0x48, 0xa5, 0x92, 0x9c, 0x53,
    0xd1, 0x48, 0x45, 0x21, 0x4, 0x4, 0x10, 0x37,
    0xf0,

    /* U+5567 "啧" */
    0x0, 0x41, 0xef, 0xfa, 0x41, 0x4, 0x9f, 0x89,
    0xff, 0xf2, 0x0, 0x25, 0xfe, 0x4a, 0x4, 0x94,
    0x49, 0xe8, 0x92, 0x11, 0x24, 0x22, 0x40, 0xa,
    0x0, 0xe3, 0x80,

    /* U+556A "啪" */
    0x2, 0x23, 0xc8, 0x89, 0x22, 0x27, 0xf7, 0x92,
    0x86, 0x4a, 0x19, 0x28, 0x65, 0xff, 0x92, 0x87,
    0xca, 0x18, 0x28, 0x60, 0xa1, 0x2, 0xfc, 0x3a,
    0x10,

    /* U+5578 "啸" */
    0x0, 0x83, 0xdf, 0xe9, 0x8, 0xa7, 0xff, 0x90,
    0x8a, 0x7f, 0xe9, 0x8, 0x24, 0x20, 0x94, 0x8b,
    0xda, 0xa8, 0x6a, 0xa1, 0xa2, 0xa, 0x88, 0x2,
    0x20,

    /* U+557C "啼" */
    0x0, 0x0, 0x2, 0xf, 0x7f, 0xe4, 0x4, 0x91,
    0x22, 0x5f, 0xf9, 0x80, 0x64, 0x10, 0x93, 0xfa,
    0x51, 0x2f, 0x44, 0xa1, 0x12, 0x84, 0x48, 0x1,
    0x60, 0x4, 0x0,

    /* U+5582 "喂" */
    0x7, 0xfb, 0xd1, 0x29, 0x44, 0xa5, 0xfe, 0x94,
    0x4a, 0x5f, 0xe9, 0x0, 0x24, 0x0, 0x93, 0xfb,
    0xc9, 0x28, 0x25, 0x20, 0x88, 0x2, 0x10, 0xe,
    0x30,

    /* U+5583 "喃" */
    0x0, 0x40, 0x0, 0x83, 0xdf, 0xfc, 0x82, 0x9,
    0x8, 0x12, 0xff, 0xa5, 0x45, 0x4a, 0x52, 0x95,
    0xf5, 0x28, 0x8a, 0x51, 0x17, 0xbf, 0xe8, 0x44,
    0x40, 0x88, 0x81, 0x13, 0x0,

    /* U+5584 "善" */
    0x8, 0x20, 0x0, 0x41, 0xff, 0xf0, 0x8, 0x3,
    0xff, 0x80, 0x20, 0x1f, 0xff, 0x80, 0x88, 0x9,
    0x21, 0xff, 0xfc, 0x0, 0x0, 0xff, 0xc1, 0x0,
    0x82, 0x1, 0x7, 0xfe, 0x0,

    /* U+5587 "喇" */
    0x2, 0x4, 0x8, 0x1f, 0xfc, 0x64, 0x89, 0x9f,
    0xe6, 0x49, 0x99, 0x26, 0x64, 0x99, 0x9f, 0xa7,
    0xcc, 0x18, 0x68, 0x42, 0x81, 0x2, 0x4, 0x8,
    0x70,

    /* U+5589 "喉" */
    0x2, 0xf9, 0xe4, 0x12, 0x48, 0x24, 0xaf, 0xf9,
    0x48, 0x12, 0xa0, 0x27, 0x3f, 0x4a, 0x90, 0x94,
    0x21, 0xe9, 0xfa, 0x10, 0x84, 0x22, 0x80, 0x48,
    0x80, 0xa0, 0xc0,

    /* U+558A "喊" */
    0x0, 0x0, 0x0, 0xaf, 0x2, 0x65, 0xff, 0x94,
    0x22, 0x5f, 0x89, 0x42, 0xa5, 0xfa, 0x96, 0x6a,
    0x59, 0xcf, 0x65, 0x21, 0xf4, 0xa, 0x30, 0x21,
    0x30, 0x88, 0xc0,

    /* U+558B "喋" */
    0x4, 0x93, 0xd2, 0x49, 0xff, 0xe5, 0x24, 0x94,
    0xf2, 0x50, 0x9, 0x40, 0x25, 0xff, 0x90, 0x83,
    0xdf, 0xe8, 0x1a, 0x20, 0xa4, 0xc, 0x88, 0x0,
    0x10,

    /* U+5598 "喘" */
    0x0, 0x0, 0x9, 0xb, 0xd2, 0x14, 0xa4, 0x29,
    0x7f, 0xd2, 0x0, 0x25, 0xff, 0xc8, 0x40, 0x90,
    0x81, 0x2e, 0xfb, 0xd4, 0x94, 0x29, 0x28, 0x52,
    0x40, 0xa4, 0x81, 0x4b, 0x0,

    /* U+559C "喜" */
    0x2, 0x3, 0xff, 0xf0, 0x20, 0xf, 0xfe, 0x3f,
    0xf0, 0x80, 0x42, 0x1, 0xf, 0xfc, 0x8, 0x41,
    0xde, 0xe3, 0xff, 0x8, 0x4, 0x20, 0x10, 0xff,
    0xc0,

    /* U+559D "喝" */
    0x7, 0xfb, 0xd0, 0x29, 0x7f, 0xa5, 0x2, 0x94,
    0xa, 0x5f, 0xe9, 0x20, 0x24, 0xff, 0x9c, 0x7,
    0xd1, 0x18, 0x4a, 0x61, 0x45, 0x7, 0xf4, 0x0,
    0x60,

    /* U+55A7 "喧" */
    0x0, 0x80, 0x2, 0xf, 0xff, 0xe6, 0x1, 0x98,
    0x2, 0x4f, 0xe9, 0x0, 0x25, 0xfe, 0x94, 0xa,
    0x5f, 0xef, 0x40, 0xa1, 0x2, 0x87, 0xf8, 0x0,
    0x0, 0xff, 0xc0,

    /* U+55B3 "喳" */
    0x0, 0x83, 0xc2, 0x9, 0xff, 0xe4, 0x70, 0x92,
    0xa2, 0x52, 0x49, 0x88, 0xe4, 0xdc, 0x93, 0xf2,
    0x48, 0x4e, 0x21, 0x20, 0xfc, 0x0, 0x0, 0x3f,
    0xf0,

    /* U+55B5 "喵" */
    0x1, 0x23, 0xc4, 0x89, 0xff, 0xe4, 0x48, 0x91,
    0x22, 0x5f, 0xe9, 0x44, 0xa5, 0x12, 0x94, 0x4a,
    0x5f, 0xef, 0x44, 0xa1, 0x12, 0x7, 0xf8, 0x10,
    0x20,

    /* U+55B7 "喷" */
    0x0, 0x43, 0xdf, 0xf9, 0x4, 0x24, 0x84, 0x9f,
    0xfe, 0x48, 0x49, 0x7f, 0xa5, 0x2, 0x94, 0x4b,
    0xd1, 0x28, 0x44, 0xa1, 0x20, 0x1, 0x30, 0x38,
    0x30,

    /* U+55C5 "嗅" */
    0x0, 0x0, 0x2, 0xf, 0x7f, 0xa5, 0x2, 0x97,
    0xfa, 0x50, 0x29, 0x7f, 0xa5, 0x2, 0x97, 0xfa,
    0x40, 0x9, 0x9, 0x3d, 0xff, 0x81, 0x40, 0x4,
    0x80, 0x21, 0x3, 0x3,

    /* U+55D1 "嗑" */
    0x0, 0x0, 0x2, 0xf, 0x7f, 0xa4, 0x20, 0x90,
    0x2, 0x7f, 0xf9, 0x22, 0x25, 0x4, 0x97, 0xfa,
    0x40, 0xf, 0xbf, 0xa2, 0x4a, 0x89, 0x28, 0x24,
    0xa1, 0xff, 0xc0,

    /* U+55D2 "嗒" */
    0x0, 0x10, 0x4, 0x23, 0xff, 0xfc, 0x90, 0x89,
    0xd, 0x12, 0x28, 0x24, 0x48, 0x4a, 0xc, 0x9b,
    0xf5, 0x20, 0x7, 0xdf, 0xe4, 0x20, 0x40, 0x40,
    0x80, 0x81, 0x1, 0xfe, 0x0,

    /* U+55D3 "嗓" */
    0x3, 0xf3, 0xcc, 0x89, 0xc, 0x25, 0xcc, 0x9f,
    0xfe, 0x44, 0x29, 0x23, 0x25, 0x6a, 0x90, 0x3,
    0xbf, 0xf8, 0xc, 0x0, 0x6c, 0x6, 0x88, 0x20,
    0x10,

    /* U+55D6 "嗖" */
    0x1, 0x43, 0xd9, 0xe9, 0x44, 0xa5, 0xde, 0x94,
    0x4a, 0x51, 0x29, 0x7f, 0xa4, 0x10, 0x90, 0x43,
    0xde, 0xe8, 0x21, 0x20, 0x48, 0x0, 0xc0, 0x1c,
    0xf0,

    /* U+55D9 "嗙" */
    0x0, 0x0, 0x1, 0xf, 0x7f, 0xe4, 0x2, 0x91,
    0x12, 0x5f, 0xf9, 0x40, 0x65, 0x10, 0x97, 0xfe,
    0x44, 0x9, 0x10, 0x38, 0x7e, 0x1, 0x8, 0x8,
    0x20, 0x47, 0x0,

    /* U+55DC "嗜" */
    0x1, 0x3, 0xff, 0xe9, 0x12, 0x27, 0xff, 0x91,
    0x2, 0x79, 0x89, 0x38, 0x64, 0xfe, 0x90, 0x3,
    0xdf, 0xe8, 0x40, 0x81, 0xfe, 0x4, 0x8, 0x1f,
    0xe0,

    /* U+55DD "嗝" */
    0x7, 0xff, 0xc0, 0x9, 0x3f, 0xa5, 0x2, 0x94,
    0xa, 0x4f, 0xc9, 0x7f, 0xe5, 0x5, 0x95, 0x27,
    0xd2, 0x98, 0x7f, 0x41, 0x11, 0x4, 0x44, 0x11,
    0x30,

    /* U+55E1 "嗡" */
    0x2, 0x43, 0xd0, 0x89, 0x81, 0x24, 0x43, 0x92,
    0x22, 0x5f, 0x49, 0x0, 0x27, 0xfe, 0x91, 0xb,
    0xf5, 0x28, 0x12, 0xa1, 0xde, 0x9, 0x8, 0x1c,
    0xe0,

    /* U+55E4 "嗤" */
    0x0, 0x83, 0xd2, 0x9, 0x48, 0xa5, 0xfe, 0x90,
    0x82, 0x7f, 0xe9, 0x8, 0x24, 0xfe, 0x94, 0x8a,
    0x52, 0x2e, 0x3f, 0xa0, 0x20, 0x0, 0x90, 0x3f,
    0xe0, 0x0, 0x40,

    /* U+55E6 "嗦" */
    0x0, 0x80, 0x2, 0xf, 0xff, 0xa4, 0x20, 0x9f,
    0xfe, 0x42, 0x19, 0x10, 0x64, 0x98, 0x97, 0x82,
    0x48, 0x4f, 0xff, 0xa0, 0x20, 0x84, 0x90, 0x22,
    0x20, 0x18, 0x0,

    /* U+55E8 "嗨" */
    0x0, 0x83, 0xb4, 0xa, 0x1f, 0xe8, 0x40, 0xa2,
    0xfa, 0xa5, 0x2a, 0x52, 0xa8, 0x42, 0xa1, 0xfb,
    0xa5, 0xa8, 0x91, 0xa2, 0x7f, 0x10, 0x8, 0x41,
    0xe0,

    /* U+55EB "嗫" */
    0x1f, 0xff, 0xd0, 0x49, 0x7f, 0x25, 0x4, 0x97,
    0xf2, 0x7f, 0xf9, 0x0, 0x27, 0xde, 0x91, 0x4b,
    0xe4, 0xa8, 0x63, 0x20, 0x84, 0x5, 0x28, 0x21,
    0x10,

    /* U+55EF "嗯" */
    0x7, 0xfb, 0xd0, 0x29, 0x40, 0xa5, 0x7a, 0x94,
    0x8a, 0x55, 0x29, 0x52, 0xa5, 0xfe, 0x90, 0x3,
    0xc2, 0x28, 0xa4, 0xa2, 0x85, 0x2, 0x10, 0x7,
    0xc0,

    /* U+55F7 "嗷" */
    0x2, 0x23, 0x88, 0x8a, 0xfe, 0x28, 0x90, 0xa2,
    0x7a, 0xbf, 0x2a, 0x26, 0xa8, 0x8a, 0xbf, 0xaa,
    0x90, 0xae, 0x79, 0x21, 0x24, 0x88, 0x90, 0x22,
    0xa1, 0x3c, 0x40,

    /* U+55FD "嗽" */
    0x2, 0x3, 0xff, 0x8a, 0x23, 0xe8, 0x89, 0xaf,
    0xc6, 0xab, 0x5a, 0xa9, 0x2b, 0xe4, 0xa2, 0x13,
    0x9c, 0x48, 0xaa, 0xa4, 0x8a, 0x2, 0x44, 0x8,
    0x0,

    /* U+5600 "嘀" */
    0x0, 0x0, 0x1, 0xf, 0x7f, 0xe4, 0x4, 0x91,
    0x2, 0x5f, 0xe9, 0x44, 0xa5, 0xfe, 0x94, 0x4a,
    0x51, 0x2f, 0x5b, 0xa1, 0x46, 0x85, 0xf8, 0x14,
    0x20, 0x41, 0x80,

    /* U+5608 "嘈" */
    0x1, 0x20, 0x4, 0x8f, 0xff, 0xe4, 0x48, 0x97,
    0xfe, 0x54, 0x99, 0x7f, 0xe5, 0x49, 0x97, 0xfe,
    0x40, 0x9, 0x3f, 0xbd, 0x2, 0x83, 0xf8, 0x10,
    0x20, 0x3f, 0x80,

    /* U+5609 "嘉" */
    0x0, 0x3, 0xff, 0xf0, 0x0, 0xf, 0xfc, 0x3f,
    0xf1, 0x0, 0x43, 0xff, 0x2, 0x10, 0xff, 0xfc,
    0x80, 0xf, 0xf7, 0x89, 0x42, 0x45, 0xa, 0x33,
    0xe0,

    /* U+560E "嘎" */
    0xf, 0xfd, 0xe0, 0x2, 0x5f, 0xe4, 0xa0, 0x49,
    0x7f, 0x92, 0x81, 0x25, 0xfe, 0x4b, 0xfc, 0x91,
    0x11, 0xdf, 0xfa, 0x2, 0x20, 0x2, 0x80, 0x6,
    0x20, 0xf3, 0x80,

    /* U+5618 "嘘" */
    0x0, 0x3, 0xc2, 0xe9, 0x7f, 0xe5, 0x21, 0x94,
    0x86, 0x5f, 0x89, 0x48, 0xa5, 0x3e, 0x94, 0xa3,
    0xda, 0xa8, 0xea, 0x82, 0x28, 0x8, 0xa0, 0x3f,
    0xf1, 0x0, 0x0,

    /* U+561B "嘛" */
    0x0, 0x0, 0x1, 0x3, 0xbf, 0xf5, 0x40, 0xa,
    0xa1, 0x15, 0x42, 0x2b, 0xff, 0x55, 0x98, 0xab,
    0x59, 0x55, 0xb3, 0xb9, 0x64, 0xd4, 0xa9, 0xa9,
    0x42, 0x42, 0x8, 0x84, 0x0,

    /* U+561F "嘟" */
    0x2, 0x43, 0x8a, 0xfa, 0xfa, 0x68, 0xca, 0xaf,
    0xea, 0x88, 0xca, 0x42, 0xab, 0xe9, 0xb4, 0xa7,
    0x9e, 0x98, 0x4a, 0x61, 0x2a, 0x7, 0xa0, 0x12,
    0x80,

    /* U+562D "嘭" */
    0x2, 0x0, 0x8, 0x2f, 0xfc, 0xa4, 0x84, 0x9f,
    0xa2, 0x40, 0x9, 0xfc, 0xa4, 0x14, 0x90, 0x62,
    0x7e, 0xf, 0x88, 0x62, 0x42, 0x5, 0x18, 0x1a,
    0x40, 0x82, 0x0,

    /* U+5631 "嘱" */
    0x7, 0xfb, 0xd0, 0x29, 0x40, 0xa5, 0xfe, 0x94,
    0x3a, 0x57, 0x9, 0x5f, 0xa5, 0x92, 0xf5, 0xf2,
    0x3f, 0xf0, 0xa4, 0x42, 0xfd, 0x12, 0x4, 0x8,
    0x30,

    /* U+5632 "嘲" */
    0x2, 0x0, 0x8, 0xff, 0xfa, 0x64, 0x89, 0x92,
    0x26, 0x76, 0xf9, 0x8a, 0x67, 0xe9, 0x98, 0xa6,
    0x7e, 0xff, 0x26, 0x67, 0xf1, 0x2, 0x44, 0xa,
    0x10, 0x38, 0xc0,

    /* U+5634 "嘴" */
    0x1, 0x27, 0x97, 0xea, 0x52, 0x29, 0x48, 0xae,
    0x9a, 0x87, 0x8a, 0x64, 0x2a, 0xfe, 0xa4, 0x4a,
    0x8f, 0xee, 0x44, 0xa1, 0xfe, 0x8, 0x48, 0x61,
    0x60,

    /* U+5636 "嘶" */
    0x9, 0xf, 0xa5, 0xcb, 0xfc, 0x2a, 0x50, 0xaf,
    0x42, 0xa5, 0xfa, 0x94, 0xab, 0xd2, 0xa9, 0x4a,
    0xa5, 0x2f, 0xfc, 0xa2, 0x92, 0x11, 0x88, 0x82,
    0x20,

    /* U+563B "嘻" */
    0x0, 0x41, 0xef, 0xfa, 0x41, 0x4, 0x9d, 0xc9,
    0x7f, 0x92, 0x81, 0x25, 0xfe, 0x49, 0x8, 0x91,
    0x1, 0xcd, 0xfa, 0x1f, 0xe0, 0x20, 0x40, 0x40,
    0x80, 0xff, 0x0,

    /* U+564C "噌" */
    0x0, 0x0, 0x1, 0x3c, 0x9, 0x2f, 0xf9, 0x68,
    0xca, 0x56, 0x52, 0x32, 0xff, 0x90, 0x4, 0x9f,
    0xa5, 0x5, 0xc7, 0xe8, 0x41, 0x2, 0x8, 0xf,
    0xc0,

    /* U+564E "噎" */
    0x0, 0x83, 0xff, 0xe9, 0x8, 0x27, 0xfe, 0x90,
    0x2, 0x5f, 0xe9, 0x3f, 0x24, 0x0, 0x97, 0xfb,
    0xd0, 0x28, 0x7f, 0x80, 0x80, 0x0, 0x20, 0x3f,
    0xf0,

    /* U+5654 "噔" */
    0x0, 0x0, 0xe, 0x53, 0xc4, 0x44, 0xb0, 0xa9,
    0x21, 0x92, 0x7d, 0x27, 0x1, 0x4b, 0xfc, 0x94,
    0x9, 0x28, 0x13, 0xdf, 0xe4, 0x0, 0x88, 0x22,
    0x0, 0x24, 0x3, 0xff, 0x0,

    /* U+5657 "噗" */
    0x1, 0x20, 0xa, 0x43, 0xd4, 0xa4, 0x89, 0x9,
    0xff, 0xf2, 0x40, 0x24, 0x4, 0x4b, 0xfe, 0x90,
    0x81, 0x2f, 0xf2, 0x42, 0x7, 0x7f, 0xf0, 0x14,
    0x0, 0x64, 0x1, 0x7, 0x0,

    /* U+565C "噜" */
    0x1, 0x0, 0x7, 0x8f, 0x62, 0x25, 0xff, 0x94,
    0x46, 0x5f, 0xf9, 0x44, 0x65, 0xff, 0x90, 0x2,
    0x4f, 0xef, 0x7f, 0xa1, 0x2, 0x83, 0xf8, 0x10,
    0x20, 0x3f, 0x80,

    /* U+5668 "器" */
    0x7c, 0xf9, 0x12, 0x24, 0x48, 0x91, 0x22, 0x7c,
    0xf8, 0x9, 0x8f, 0xff, 0xc2, 0x10, 0x10, 0x21,
    0xf3, 0xfc, 0x48, 0x91, 0x22, 0x44, 0x89, 0xf3,
    0xe0,

    /* U+5669 "噩" */
    0x7f, 0xfc, 0x7a, 0xf0, 0x95, 0x21, 0x2a, 0x43,
    0xd7, 0x80, 0x20, 0xf, 0xfe, 0x1e, 0xbc, 0x25,
    0x48, 0x4a, 0x90, 0xf5, 0xe0, 0x8, 0xf, 0xff,
    0xe0,

    /* U+566A "噪" */
    0x3, 0xf3, 0xc8, 0x49, 0x21, 0x24, 0x78, 0x97,
    0xbe, 0x63, 0x19, 0x8c, 0x65, 0xef, 0x90, 0x42,
    0x41, 0xf, 0x7f, 0xe0, 0x58, 0x6, 0x58, 0x21,
    0x10,

    /* U+567C "噼" */
    0x0, 0x13, 0xfc, 0x49, 0x97, 0xe6, 0x51, 0x9f,
    0x4a, 0x60, 0x29, 0x83, 0x27, 0xc4, 0x9d, 0x13,
    0xf5, 0xf8, 0xd1, 0x25, 0x44, 0x7, 0x10, 0x10,
    0x40,

    /* U+568E "嚎" */
    0x0, 0x0, 0x0, 0x83, 0xce, 0xe4, 0x9f, 0xc9,
    0x20, 0x92, 0x7f, 0x24, 0x0, 0x4d, 0xfe, 0x93,
    0xf9, 0x21, 0x13, 0xdf, 0x44, 0x9, 0x88, 0x6e,
    0x80, 0xe4, 0xc0, 0x18, 0x0,

    /* U+5693 "嚓" */
    0x0, 0x0, 0x2, 0xe, 0xff, 0xea, 0x1, 0xa3,
    0xfa, 0x95, 0x4a, 0x93, 0x29, 0x84, 0xa5, 0xea,
    0xa0, 0x1a, 0x7f, 0xb8, 0x20, 0x82, 0x90, 0x32,
    0x20, 0x18, 0x0,

    /* U+56A3 "嚣" */
    0x7c, 0xf9, 0x14, 0x27, 0xcf, 0x80, 0x0, 0x7f,
    0xf8, 0xff, 0xc4, 0x1, 0x10, 0xc4, 0x4, 0xf0,
    0x60, 0x2f, 0xcf, 0xa1, 0x42, 0x85, 0x9, 0xf3,
    0xe0,

    /* U+56CA "囊" */
    0x1, 0x1, 0xff, 0xf8, 0x4, 0x3, 0xff, 0xc3,
    0xff, 0x9f, 0xff, 0xaf, 0xbf, 0x21, 0x84, 0x3c,
    0xf0, 0xff, 0xf1, 0xff, 0xe7, 0xff, 0xe0, 0x30,
    0x7, 0x96, 0x14, 0xd8, 0xe, 0xe,

    /* U+56D4 "囔" */
    0x0, 0x80, 0x3f, 0xfe, 0x7f, 0x29, 0xfc, 0xa0,
    0x82, 0xfd, 0xfa, 0x77, 0xe8, 0x0, 0xaf, 0xfe,
    0x89, 0xe, 0x3f, 0x23, 0xff, 0x81, 0x48, 0x18,
    0xc0, 0xb9, 0xc0,

    /* U+56DB "四" */
    0xff, 0xfc, 0x44, 0x62, 0x23, 0x11, 0x18, 0x88,
    0xc4, 0x46, 0x42, 0x32, 0x1f, 0xa0, 0xc, 0x0,
    0x60, 0x3, 0xff, 0xf8, 0x0, 0x80,

    /* U+56DE "回" */
    0xff, 0xfc, 0x0, 0x60, 0x3, 0x0, 0x19, 0xfc,
    0xc8, 0x26, 0x41, 0x32, 0x9, 0x90, 0x4c, 0xfe,
    0x60, 0x3, 0x0, 0x1f, 0xff, 0xc0, 0x4,

    /* U+56E0 "因" */
    0xff, 0xfc, 0x0, 0x60, 0x3, 0x4, 0x18, 0x20,
    0xdf, 0xfe, 0x8, 0x30, 0x61, 0x84, 0x8c, 0x42,
    0x64, 0xb, 0x0, 0x1f, 0xff, 0xc0, 0x4,

    /* U+56E2 "团" */
    0xff, 0xfc, 0x0, 0x60, 0x23, 0x1, 0x1b, 0xff,
    0xc0, 0x46, 0x6, 0x30, 0x51, 0x8c, 0x8c, 0x84,
    0x60, 0x23, 0x7, 0x18, 0x0, 0xff, 0xfc,

    /* U+56ED "园" */
    0xff, 0xfc, 0x0, 0x60, 0x3, 0x3f, 0xd8, 0x0,
    0xc0, 0x6, 0xff, 0xf1, 0x11, 0x88, 0x8c, 0x44,
    0x62, 0x23, 0x21, 0xfa, 0x0, 0xff, 0xfc,

    /* U+56F0 "困" */
    0xff, 0xfc, 0x10, 0x60, 0x83, 0x4, 0x1f, 0xff,
    0xc3, 0x86, 0x2a, 0x32, 0x49, 0xa2, 0x2e, 0x10,
    0xe0, 0x83, 0x4, 0x18, 0x0, 0xff, 0xfc,

    /* U+56F4 "围" */
    0xff, 0xfc, 0x10, 0x60, 0x83, 0x7f, 0xf8, 0x20,
    0xdf, 0xf6, 0x8, 0x30, 0x41, 0xff, 0xec, 0x11,
    0x60, 0x8b, 0x5, 0xdf, 0xff, 0xc0, 0x4,

    /* U+56FA "固" */
    0xff, 0xfc, 0x0, 0x60, 0x83, 0x4, 0x1b, 0xff,
    0xc1, 0x6, 0x7f, 0x32, 0x9, 0x90, 0x4c, 0x82,
    0x67, 0xf3, 0x0, 0x18, 0x0, 0xff, 0xfc,

    /* U+56FD "国" */
    0xff, 0xfc, 0x0, 0x60, 0x3, 0x7f, 0xd8, 0x20,
    0xc1, 0x6, 0x7f, 0xb0, 0x41, 0x82, 0x4c, 0x10,
    0x6f, 0xff, 0x0, 0x18, 0x0, 0xff, 0xfc,

    /* U+56FE "图" */
    0xff, 0xfc, 0x0, 0x62, 0x3, 0x1f, 0x99, 0x88,
    0xd2, 0x86, 0x18, 0x33, 0x31, 0xa4, 0x4c, 0x18,
    0x66, 0x3, 0xf, 0x18, 0x0, 0xff, 0xfc,

    /* U+5706 "圆" */
    0xff, 0xfc, 0x0, 0x67, 0xf3, 0x40, 0x99, 0xfc,
    0xc0, 0x6, 0xff, 0x34, 0x49, 0xa2, 0x4d, 0x12,
    0x69, 0x43, 0x31, 0x9a, 0x0, 0xff, 0xfc,

    /* U+5708 "圈" */
    0xff, 0xfc, 0x0, 0x62, 0x83, 0x7f, 0xd8, 0x40,
    0xff, 0xfe, 0x22, 0x37, 0xfd, 0x88, 0x8c, 0x4c,
    0x62, 0x3, 0x11, 0x18, 0x70, 0xff, 0xfc,

    /* U+571F "土" */
    0x1, 0x0, 0x2, 0x0, 0x4, 0x0, 0x8, 0x0,
    0x10, 0xf, 0xff, 0x80, 0x40, 0x0, 0x80, 0x1,
    0x0, 0x2, 0x0, 0x4, 0x0, 0x8, 0x0, 0x10,
    0x1f, 0xff, 0xc0,

    /* U+5723 "圣" */
    0x7f, 0xf0, 0x80, 0x81, 0x4, 0x3, 0x20, 0x7,
    0x3, 0xe7, 0x0, 0x23, 0xc0, 0x80, 0x3f, 0xf0,
    0x8, 0x0, 0x20, 0x0, 0x80, 0xff, 0xfc,

    /* U+5728 "在" */
    0x4, 0x0, 0x10, 0xf, 0xff, 0xc2, 0x0, 0x10,
    0x80, 0x82, 0x2, 0x8, 0x19, 0xfe, 0xa0, 0x80,
    0x82, 0x2, 0x8, 0x8, 0x20, 0x20, 0x80, 0xbf,
    0xf0,

    /* U+5730 "地" */
    0x20, 0x40, 0x44, 0x80, 0x89, 0x1, 0x12, 0x67,
    0x27, 0x44, 0x78, 0x89, 0x91, 0x11, 0x22, 0x22,
    0x44, 0x54, 0x89, 0x49, 0x24, 0x10, 0x10, 0x20,
    0x20, 0x7f, 0x80,

    /* U+573A "场" */
    0x27, 0xf0, 0x80, 0x82, 0x4, 0x8, 0x60, 0x72,
    0x0, 0x9f, 0xf2, 0xa, 0x48, 0x29, 0x21, 0x44,
    0x89, 0x13, 0x48, 0x50, 0x41, 0x3, 0xc, 0x10,
    0xe0,

    /* U+573E "圾" */
    0x20, 0x0, 0x9f, 0xc2, 0x11, 0x8, 0x44, 0x71,
    0x10, 0x84, 0x72, 0x10, 0x48, 0xc2, 0x22, 0x88,
    0x8a, 0x43, 0x46, 0x31, 0x8, 0x8, 0x50, 0x46,
    0x30,

    /* U+5740 "址" */
    0x0, 0x10, 0x10, 0x10, 0x10, 0x10, 0x10, 0x10,
    0x7d, 0x10, 0x11, 0x10, 0x11, 0x1f, 0x11, 0x10,
    0x11, 0x10, 0x11, 0x10, 0x19, 0x10, 0x61, 0x10,
    0x1, 0x10, 0x1, 0x10, 0x7, 0xff,

    /* U+5747 "均" */
    0x20, 0x80, 0x84, 0x2, 0x10, 0x8, 0xbf, 0xfa,
    0x4, 0x90, 0x12, 0x50, 0x48, 0x21, 0x20, 0x44,
    0x80, 0x52, 0x86, 0x5c, 0x61, 0x82, 0x4, 0x0,
    0x30, 0x7, 0x80,

    /* U+574E "坎" */
    0x20, 0x0, 0x88, 0x2, 0x20, 0x8, 0xff, 0xfc,
    0x4, 0x91, 0x22, 0x44, 0x88, 0x10, 0x20, 0x40,
    0x81, 0x3, 0xc, 0x30, 0x28, 0x1, 0x20, 0x8,
    0x40, 0x40, 0xc0,

    /* U+574F "坏" */
    0x20, 0x0, 0x40, 0x0, 0x9f, 0xf9, 0x2, 0xf,
    0x84, 0x4, 0x18, 0x8, 0x56, 0x11, 0x22, 0x24,
    0x42, 0x40, 0x80, 0xe1, 0x6, 0x2, 0x0, 0x4,
    0x0, 0x8, 0x0, 0x10, 0x0,

    /* U+5750 "坐" */
    0x1, 0x0, 0x22, 0x20, 0x44, 0x41, 0x8, 0x83,
    0x11, 0x9, 0x25, 0x11, 0x51, 0x40, 0x81, 0x1,
    0x0, 0xff, 0xf8, 0x4, 0x0, 0x8, 0x0, 0x10,
    0x0, 0x20, 0x3f, 0xff, 0x80,

    /* U+5751 "坑" */
    0x20, 0x0, 0x81, 0x2, 0x7f, 0xfe, 0x0, 0x20,
    0x0, 0x87, 0xc2, 0x21, 0x8, 0x84, 0x22, 0x10,
    0xa8, 0x45, 0x21, 0x0, 0x85, 0x4, 0x14, 0x10,
    0x70,

    /* U+5757 "块" */
    0x20, 0x40, 0x40, 0x80, 0x87, 0xe7, 0xc2, 0x42,
    0x4, 0x84, 0x9, 0x8, 0x12, 0x17, 0xfe, 0x20,
    0x40, 0x61, 0x43, 0x2, 0x80, 0x8, 0x80, 0x20,
    0x80, 0x80, 0x80,

    /* U+575A "坚" */
    0x8, 0x0, 0x93, 0xf1, 0x24, 0x22, 0x44, 0x84,
    0x89, 0x9, 0xc, 0x12, 0x2c, 0x5, 0x86, 0x1,
    0x0, 0x7f, 0xf0, 0x4, 0x0, 0x8, 0x0, 0x10,
    0x1f, 0xff, 0xc0,

    /* U+575B "坛" */
    0x20, 0x0, 0x80, 0x2, 0x3f, 0x88, 0x0, 0xf8,
    0x0, 0x80, 0x2, 0x0, 0x9, 0xff, 0x20, 0x80,
    0x84, 0x2, 0x11, 0xc, 0x84, 0x42, 0x8, 0xf,
    0xd0, 0x40, 0x0,

    /* U+575F "坟" */
    0x20, 0x80, 0x82, 0x2, 0x4, 0x9, 0xff, 0xfa,
    0x0, 0x88, 0x42, 0x21, 0x8, 0x48, 0x21, 0x20,
    0x84, 0x83, 0xc, 0x30, 0x10, 0x0, 0xa0, 0xc,
    0x40, 0xc0, 0xc0,

    /* U+5760 "坠" */
    0x7c, 0x41, 0x21, 0x5, 0x4, 0x12, 0x30, 0x44,
    0xc1, 0x64, 0x84, 0x21, 0x11, 0x2, 0x41, 0x4,
    0x4, 0x7, 0xff, 0x80, 0x40, 0x1, 0x3, 0xff,
    0xf0,

    /* U+5761 "坡" */
    0x20, 0x0, 0x81, 0x2, 0x4, 0x8, 0xff, 0xfa,
    0x44, 0x89, 0x12, 0x24, 0x8, 0xfe, 0x22, 0x8,
    0x8c, 0x43, 0x69, 0x31, 0x28, 0x4, 0x40, 0x22,
    0xc0, 0x30, 0xc0,

    /* U+5764 "坤" */
    0x20, 0x40, 0x81, 0x2, 0x7f, 0xc9, 0x11, 0x74,
    0x44, 0x9f, 0xf2, 0x44, 0x49, 0x11, 0x24, 0x44,
    0xff, 0xf6, 0x44, 0x60, 0x10, 0x0, 0x40, 0x1,
    0x0,

    /* U+5766 "坦" */
    0x23, 0xf8, 0x44, 0x10, 0x88, 0x21, 0x10, 0x47,
    0x20, 0x84, 0x7f, 0x8, 0x82, 0x11, 0x4, 0x22,
    0x8, 0x54, 0x11, 0xcf, 0xe4, 0x0, 0x0, 0x0,
    0x1, 0xff, 0xc0,

    /* U+5768 "坨" */
    0x20, 0x40, 0x40, 0x80, 0x80, 0x1, 0x3f, 0xff,
    0xc0, 0x24, 0xa0, 0x48, 0x40, 0x10, 0x84, 0x21,
    0x30, 0x43, 0x80, 0xc4, 0x6, 0x8, 0x0, 0x10,
    0x20, 0x20, 0x40, 0x7f, 0x80,

    /* U+5773 "坳" */
    0x20, 0x0, 0x88, 0x42, 0x21, 0x8, 0x9f, 0xfc,
    0x14, 0x92, 0x52, 0x11, 0x49, 0xc5, 0x22, 0x14,
    0x88, 0x52, 0x4a, 0x4e, 0x29, 0xcf, 0x24, 0x1,
    0x10, 0x9, 0xc0,

    /* U+5782 "垂" */
    0x0, 0x18, 0x7f, 0xc0, 0x4, 0x3, 0xff, 0xe1,
    0x11, 0x2, 0x22, 0x3f, 0xff, 0x88, 0x88, 0x11,
    0x10, 0x22, 0x21, 0xff, 0xf0, 0x8, 0x0, 0x10,
    0x7, 0xff, 0x0,

    /* U+5783 "垃" */
    0x20, 0x0, 0x81, 0x2, 0x4, 0x8, 0xff, 0xf8,
    0x0, 0x80, 0x2, 0x1, 0x8, 0x84, 0x21, 0x10,
    0x84, 0x42, 0x92, 0xc, 0x48, 0xc0, 0x20, 0x0,
    0x80, 0xff, 0xc0,

    /* U+578B "型" */
    0xff, 0x8, 0x91, 0x22, 0x44, 0x89, 0x12, 0x7e,
    0x48, 0x91, 0x24, 0x40, 0xa1, 0xe, 0x2, 0x0,
    0x8, 0x7, 0xff, 0x80, 0x80, 0x2, 0x3, 0xff,
    0xf0,

    /* U+5792 "垒" */
    0x2, 0x0, 0x18, 0x0, 0x40, 0x81, 0xff, 0xc0,
    0x2, 0x44, 0x8, 0x12, 0x12, 0x62, 0x42, 0xba,
    0x78, 0x2, 0x0, 0x4, 0x1, 0xff, 0xc0, 0x10,
    0x0, 0x20, 0x3f, 0xff, 0x80,

    /* U+57AB "垫" */
    0x10, 0x41, 0xff, 0xf0, 0x42, 0x20, 0x84, 0x41,
    0xd8, 0x9e, 0x19, 0x4, 0x4a, 0x9, 0x3, 0x71,
    0x0, 0x2, 0x0, 0xff, 0xe0, 0x8, 0x0, 0x10,
    0x1f, 0xff, 0xc0,

    /* U+57C3 "埃" */
    0x20, 0x0, 0x41, 0x0, 0x84, 0x41, 0x1f, 0xcf,
    0x80, 0x44, 0x20, 0x8, 0x80, 0x11, 0xfc, 0x24,
    0x40, 0x40, 0x80, 0xdf, 0xfe, 0x6, 0x0, 0x12,
    0x0, 0x42, 0x1, 0x3, 0x80,

    /* U+57CB "埋" */
    0x20, 0x0, 0x4f, 0xf8, 0x91, 0x11, 0x22, 0x2f,
    0xff, 0xc4, 0x88, 0x89, 0x11, 0x13, 0xfe, 0x20,
    0x40, 0x6f, 0xfb, 0x1, 0x0, 0x2, 0x0, 0x4,
    0x1, 0xff, 0xc0,

    /* U+57CE "城" */
    0x0, 0x20, 0x40, 0x50, 0x80, 0x91, 0x3f, 0xf2,
    0x42, 0xe, 0x84, 0x9, 0xea, 0x12, 0x54, 0x24,
    0xa8, 0x49, 0x60, 0x92, 0x41, 0xa4, 0x8c, 0xbf,
    0x21, 0x9, 0x42, 0x23, 0x80,

    /* U+57DF "域" */
    0x0, 0x20, 0x40, 0x50, 0x80, 0x91, 0x7f, 0xf2,
    0x2, 0xe, 0xf4, 0x9, 0x29, 0x12, 0x52, 0x24,
    0xa4, 0x4f, 0x50, 0x80, 0x63, 0x6, 0x80, 0xf1,
    0x20, 0xd, 0x40, 0x23, 0x80,

    /* U+57FA "基" */
    0x8, 0x10, 0x7f, 0xfe, 0x8, 0x10, 0xf, 0xf0,
    0x8, 0x10, 0xf, 0xf0, 0x8, 0x10, 0xff, 0xff,
    0x9, 0x20, 0x11, 0x10, 0x1f, 0xfc, 0x61, 0x3,
    0x1, 0x0, 0x7f, 0xfc,

    /* U+5802 "堂" */
    0x1, 0x0, 0x22, 0x10, 0x24, 0x43, 0xff, 0xf4,
    0x0, 0x2b, 0xff, 0x54, 0x2, 0x88, 0x4, 0x1f,
    0xf8, 0x2, 0x0, 0x4, 0x1, 0xff, 0xc0, 0x10,
    0x0, 0x20, 0x3f, 0xff, 0x80,

    /* U+5806 "堆" */
    0x21, 0x20, 0x42, 0x0, 0x8f, 0xf7, 0xd1, 0x2,
    0x62, 0x4, 0x7f, 0x88, 0x88, 0x11, 0x10, 0x22,
    0x20, 0x77, 0xfb, 0x8, 0x80, 0x11, 0x0, 0x3f,
    0xe0, 0x40, 0x0,

    /* U+5821 "堡" */
    0x0, 0x0, 0x2f, 0xf0, 0x90, 0x21, 0x20, 0x46,
    0x3f, 0x15, 0xff, 0xc8, 0x58, 0x11, 0x28, 0x24,
    0x4c, 0x42, 0x80, 0x4, 0x3, 0xff, 0xc0, 0x10,
    0x0, 0x20, 0x3f, 0xff, 0x0,

    /* U+5824 "堤" */
    0x27, 0xf8, 0x48, 0x10, 0x9f, 0xe7, 0xe0, 0x42,
    0x7f, 0x84, 0x0, 0x8, 0x0, 0x17, 0xff, 0x20,
    0x40, 0x58, 0xf1, 0xd1, 0x4, 0x32, 0x0, 0x94,
    0x1, 0x1f, 0xc0,

    /* U+582A "堪" */
    0x20, 0x0, 0x44, 0x10, 0x9f, 0xf1, 0x10, 0x4f,
    0xbf, 0x84, 0x41, 0x8, 0x82, 0x11, 0xfc, 0x22,
    0x8, 0x5f, 0xfc, 0x90, 0x1, 0xa4, 0x8c, 0x50,
    0x80, 0x80, 0x1, 0xff, 0x0,

    /* U+5835 "堵" */
    0x20, 0x0, 0x82, 0x22, 0x7e, 0x88, 0x24, 0xf8,
    0xa0, 0xbf, 0xf2, 0x8, 0x8, 0xfe, 0x2d, 0x8,
    0xa4, 0x23, 0x1f, 0xb0, 0x42, 0x1, 0x8, 0x7,
    0xe0,

    /* U+584C "塌" */
    0x20, 0x0, 0x9f, 0xe2, 0x40, 0x89, 0xfe, 0xfc,
    0x8, 0x9f, 0xe2, 0x0, 0xb, 0xef, 0x20, 0x84,
    0x92, 0x92, 0x29, 0x54, 0x67, 0x6, 0xe4, 0x2,
    0x10, 0x39, 0xc0,

    /* U+5851 "塑" */
    0x2, 0x0, 0x44, 0xf8, 0x41, 0x17, 0xfe, 0x20,
    0x87, 0xc9, 0x28, 0x92, 0x51, 0x3f, 0xbe, 0x31,
    0x84, 0x81, 0x18, 0x0, 0x1, 0xff, 0xe0, 0x10,
    0x0, 0x20, 0x3f, 0xff, 0x80,

    /* U+5854 "塔" */
    0x20, 0x0, 0x42, 0x20, 0x9f, 0xf1, 0x8, 0x8f,
    0x99, 0x4, 0x28, 0x8, 0x8c, 0x16, 0x4, 0x21,
    0xf6, 0x40, 0x0, 0x8f, 0xe0, 0x90, 0x46, 0x20,
    0x80, 0x41, 0x0, 0xfe, 0x0,

    /* U+585E "塞" */
    0x0, 0x0, 0x4, 0x3, 0xff, 0xf4, 0x0, 0x28,
    0x84, 0x4f, 0xff, 0x2, 0x10, 0x1f, 0xf0, 0xff,
    0xfc, 0x14, 0x80, 0x48, 0x81, 0xff, 0xcc, 0x20,
    0x40, 0x40, 0x3f, 0xfe, 0x0,

    /* U+5883 "境" */
    0x20, 0x40, 0x8f, 0xf2, 0x11, 0x8, 0x48, 0x77,
    0xfc, 0x80, 0x2, 0x7f, 0x88, 0xfe, 0x24, 0x8,
    0xef, 0xe6, 0x12, 0x20, 0x48, 0x1, 0x24, 0x18,
    0xf0,

    /* U+5893 "墓" */
    0x0, 0x3, 0xff, 0xf0, 0x0, 0x1f, 0xfc, 0x3f,
    0xf1, 0x0, 0x43, 0xff, 0x2, 0x0, 0xff, 0xfc,
    0x40, 0x87, 0xff, 0xa0, 0x81, 0x2, 0x1, 0xff,
    0xf0,

    /* U+5899 "墙" */
    0x0, 0x40, 0x40, 0x80, 0x9f, 0xf1, 0x2, 0x2,
    0x24, 0x8e, 0x2a, 0xb, 0xff, 0x90, 0x0, 0x27,
    0xfc, 0x48, 0x8, 0xb7, 0xd1, 0xa8, 0xac, 0x5f,
    0x40, 0x80, 0x81, 0xff, 0x0,

    /* U+589E "增" */
    0x22, 0x8, 0x84, 0x42, 0x10, 0x9, 0xbf, 0xfc,
    0x54, 0x95, 0x12, 0x44, 0x49, 0xff, 0x20, 0x0,
    0x8f, 0xe2, 0x40, 0x8c, 0xfe, 0xc4, 0x8, 0x10,
    0x20, 0x3f, 0x80,

    /* U+589F "墟" */
    0x20, 0x40, 0x81, 0xe2, 0x4, 0x3f, 0xfe, 0x24,
    0x40, 0x97, 0xc2, 0x44, 0x49, 0x1f, 0x24, 0x0,
    0xb1, 0x55, 0x55, 0x83, 0x16, 0x8, 0x50, 0x3f,
    0xf0, 0x0, 0x0,

    /* U+58A8 "墨" */
    0x3f, 0xf8, 0x42, 0x10, 0xa5, 0x21, 0xa, 0x43,
    0xff, 0x80, 0x20, 0x7, 0xfc, 0x7f, 0xff, 0x0,
    0x10, 0x48, 0x91, 0x4, 0x11, 0xff, 0xc0, 0x10,
    0x1f, 0xff, 0xc0,

    /* U+58C1 "壁" */
    0x7e, 0x20, 0x87, 0xf9, 0xa, 0x3, 0xf0, 0x4,
    0x1f, 0xcf, 0xc4, 0x30, 0xbe, 0x5f, 0x10, 0x0,
    0x20, 0x4, 0x1, 0xff, 0xe0, 0x10, 0x0, 0x20,
    0x1f, 0xff, 0x80,

    /* U+58E4 "壤" */
    0x20, 0x0, 0x41, 0x0, 0x9f, 0xf9, 0x3d, 0xcf,
    0xcc, 0x84, 0x99, 0x8, 0xcc, 0x13, 0xfe, 0x21,
    0x20, 0x47, 0xe0, 0xdf, 0xfe, 0x6, 0x40, 0x33,
    0x3, 0xc2, 0x0, 0xe3, 0x80,

    /* U+58EB "士" */
    0x1, 0x0, 0x2, 0x0, 0x4, 0x0, 0x8, 0x0,
    0x10, 0x1f, 0xff, 0xc0, 0x40, 0x0, 0x80, 0x1,
    0x0, 0x2, 0x0, 0x4, 0x0, 0x8, 0x7, 0xff,
    0xc0,

    /* U+58EE "壮" */
    0x8, 0x20, 0x8, 0x20, 0x8, 0x20, 0x48, 0x20,
    0x28, 0x20, 0xf, 0xff, 0x8, 0x20, 0x8, 0x20,
    0x8, 0x20, 0x38, 0x20, 0xc8, 0x20, 0x8, 0x20,
    0x8, 0x20, 0xb, 0xfe,

    /* U+58F0 "声" */
    0x1, 0x0, 0x2, 0x1, 0xff, 0xf8, 0x8, 0x7,
    0xff, 0xc0, 0x0, 0x0, 0x0, 0x1f, 0xfc, 0x21,
    0x8, 0x42, 0x10, 0xff, 0xe1, 0x0, 0x44, 0x0,
    0x8, 0x0, 0x20, 0x0, 0x0,

    /* U+5904 "处" */
    0x10, 0x40, 0x41, 0x1, 0xe4, 0x8, 0x90, 0x22,
    0x60, 0x89, 0x46, 0x44, 0x89, 0x11, 0x14, 0x40,
    0x61, 0x1, 0x84, 0x5, 0x0, 0x23, 0x1, 0x3,
    0xf0,

    /* U+5907 "备" */
    0x8, 0x0, 0x3f, 0x83, 0x2, 0x12, 0x30, 0x7,
    0x0, 0x12, 0x3, 0x87, 0x3f, 0xfe, 0x22, 0x10,
    0x88, 0x43, 0xff, 0x8, 0x84, 0x22, 0x10, 0xff,
    0xc0,

    /* U+590D "复" */
    0x8, 0x0, 0x20, 0x0, 0x7f, 0xf1, 0x0, 0x5,
    0xff, 0x82, 0x1, 0x7, 0xfe, 0x8, 0x4, 0x1f,
    0xf8, 0x10, 0x0, 0x3f, 0xc0, 0xc1, 0x82, 0x44,
    0x0, 0x70, 0x3, 0x9c, 0x78, 0x7,

    /* U+590F "夏" */
    0x7f, 0xfc, 0x2, 0x0, 0x7f, 0xc1, 0x0, 0x81,
    0xff, 0x4, 0x2, 0xf, 0xfc, 0xf, 0xf8, 0x4,
    0x0, 0x1f, 0xe0, 0xe0, 0x82, 0x22, 0x0, 0x38,
    0x1, 0xdc, 0x1c, 0x7, 0x0,

    /* U+5915 "夕" */
    0x2, 0x0, 0x40, 0x7, 0xf0, 0x81, 0x10, 0x12,
    0x2, 0x48, 0x20, 0x44, 0x3, 0x80, 0x8, 0x3,
    0x0, 0x40, 0x18, 0xe, 0x0,

    /* U+5916 "外" */
    0x10, 0x40, 0x20, 0x80, 0x79, 0x1, 0x12, 0x6,
    0x24, 0x8, 0x4c, 0x29, 0x16, 0xe, 0x22, 0x8,
    0x40, 0x10, 0x80, 0x41, 0x1, 0x2, 0x4, 0x4,
    0x10, 0x8, 0x0,

    /* U+591A "多" */
    0x0, 0x0, 0x10, 0x0, 0x7e, 0x6, 0x8, 0x20,
    0x41, 0x16, 0x0, 0x28, 0x3, 0x3f, 0xf3, 0x8,
    0x10, 0x21, 0x91, 0x0, 0x38, 0x0, 0x80, 0x1c,
    0x7, 0x80, 0x0,

    /* U+591C "夜" */
    0x1, 0x0, 0x1, 0x1, 0xff, 0xf8, 0x2, 0x0,
    0x88, 0x2, 0x1f, 0x84, 0x41, 0x19, 0x22, 0x53,
    0x28, 0x29, 0x20, 0x42, 0x40, 0x83, 0x1, 0x6,
    0x2, 0x33, 0x5, 0x81, 0x80,

    /* U+591F "够" */
    0x10, 0x10, 0x40, 0x7c, 0xf9, 0x12, 0x14, 0x43,
    0xe3, 0x4, 0xc4, 0x9, 0xb4, 0x13, 0xf, 0x26,
    0x62, 0x7d, 0x48, 0x88, 0x50, 0x10, 0x40, 0x21,
    0x1, 0xcc, 0x0, 0x20, 0x0,

    /* U+5927 "大" */
    0x0, 0x0, 0x8, 0x0, 0x20, 0x0, 0x80, 0x2,
    0x3, 0xff, 0xf0, 0x30, 0x1, 0x40, 0x5, 0x0,
    0x12, 0x0, 0x84, 0x2, 0x10, 0x10, 0x20, 0x80,
    0x4c, 0x0, 0xc0,

    /* U+5929 "天" */
    0x7f, 0xf8, 0x8, 0x0, 0x20, 0x0, 0x80, 0x2,
    0x3, 0xff, 0xf0, 0x30, 0x1, 0x40, 0x4, 0x80,
    0x22, 0x1, 0x4, 0x8, 0xc, 0xc0, 0xc,

    /* U+592A "太" */
    0x0, 0x0, 0x8, 0x0, 0x20, 0x0, 0x80, 0xff,
    0xfc, 0xc, 0x0, 0x30, 0x1, 0x20, 0x4, 0x80,
    0x21, 0x0, 0x84, 0x5, 0x8, 0x22, 0x13, 0x4,
    0x30,

    /* U+592B "夫" */
    0x0, 0x0, 0x8, 0x0, 0x20, 0x1f, 0xfe, 0x2,
    0x0, 0x8, 0x0, 0x20, 0x0, 0x80, 0xff, 0xfc,
    0x14, 0x0, 0x50, 0x2, 0x20, 0x10, 0x40, 0x80,
    0x84, 0x1, 0xc0,

    /* U+592E "央" */
    0x1, 0x0, 0x2, 0x0, 0xff, 0xe1, 0x8, 0x42,
    0x10, 0x84, 0x21, 0x8, 0x42, 0x7f, 0xff, 0x3,
    0x0, 0x5, 0x0, 0x1a, 0x0, 0x22, 0x1, 0x82,
    0x4, 0x3, 0x10, 0x1, 0x0,

    /* U+5931 "失" */
    0x10, 0x0, 0x88, 0x2, 0x20, 0xf, 0xfe, 0x42,
    0x2, 0x8, 0x0, 0x20, 0x3f, 0xff, 0x3, 0x0,
    0x14, 0x0, 0x48, 0x2, 0x10, 0x10, 0x20, 0x80,
    0x6c, 0x0, 0x0,

    /* U+5934 "头" */
    0x0, 0x0, 0x64, 0x0, 0x50, 0x10, 0x40, 0x31,
    0x0, 0x24, 0x0, 0x10, 0x3f, 0xff, 0x2, 0x0,
    0x8, 0x0, 0x28, 0x1, 0x18, 0x8, 0x11, 0xc0,
    0x20,

    /* U+5937 "夷" */
    0x1, 0x0, 0x2, 0x3, 0xff, 0xf8, 0x8, 0x3,
    0xff, 0x80, 0x21, 0x0, 0x42, 0x3f, 0xfc, 0x41,
    0x0, 0xff, 0xf8, 0xc, 0x10, 0x28, 0x20, 0x89,
    0xc2, 0x8, 0x38, 0xf, 0x0,

    /* U+5938 "夸" */
    0x4, 0x0, 0x10, 0xf, 0xff, 0xc4, 0x10, 0x20,
    0x21, 0x7f, 0xc0, 0x0, 0xdf, 0xfe, 0x10, 0x0,
    0x40, 0x1, 0xfe, 0x0, 0x8, 0x0, 0x20, 0xf,
    0x0,

    /* U+593A "夺" */
    0x0, 0x0, 0x8, 0x0, 0x20, 0x3f, 0xff, 0x8,
    0x80, 0x41, 0x86, 0x1, 0xe0, 0x10, 0xff, 0xfc,
    0x1, 0x1, 0x4, 0x2, 0x10, 0x4, 0x40, 0x1,
    0x0, 0x1c, 0x0,

    /* U+5947 "奇" */
    0x1, 0x0, 0x4, 0x7, 0xff, 0xc0, 0xc0, 0x4,
    0xc0, 0x60, 0xc2, 0x0, 0xbf, 0xff, 0x0, 0x10,
    0xfc, 0x44, 0x11, 0x10, 0x44, 0x3f, 0x10, 0x0,
    0x40, 0xf, 0x0,

    /* U+5948 "奈" */
    0x1, 0x0, 0x4, 0x1, 0xff, 0xf8, 0x21, 0x0,
    0x81, 0x2, 0xff, 0x18, 0x1, 0x80, 0x0, 0x3f,
    0xfc, 0x2, 0x0, 0x24, 0x40, 0x88, 0x42, 0x10,
    0x40, 0xe0, 0x0,

    /* U+594B "奋" */
    0x2, 0x0, 0x4, 0x1, 0xff, 0xf0, 0x28, 0x0,
    0x88, 0x2, 0xc, 0x1f, 0xff, 0x11, 0x8, 0x22,
    0x10, 0x7f, 0xe0, 0x88, 0x41, 0x10, 0x83, 0xff,
    0x4, 0x2, 0x0,

    /* U+594F "奏" */
    0x0, 0x0, 0xff, 0xf0, 0x8, 0x1, 0xff, 0x80,
    0x40, 0x1f, 0xff, 0x82, 0x10, 0xf, 0xf0, 0x22,
    0x11, 0x84, 0x18, 0xff, 0xc0, 0x40, 0x1, 0xc,
    0x4, 0x6, 0x0, 0x2, 0x0,

    /* U+5951 "契" */
    0x10, 0x0, 0x40, 0xf, 0xcf, 0x44, 0x11, 0x7c,
    0x44, 0x42, 0x11, 0x8, 0x5f, 0x42, 0x10, 0x38,
    0x8, 0xf, 0xff, 0xc1, 0x40, 0x8, 0x80, 0x41,
    0xe, 0x3, 0xc0,

    /* U+5954 "奔" */
    0x2, 0x0, 0x10, 0x7, 0xff, 0xc4, 0x10, 0x22,
    0x21, 0x7f, 0xe8, 0x20, 0x0, 0x0, 0x10, 0x43,
    0xff, 0xf1, 0x4, 0x4, 0x10, 0x20, 0x41, 0x0,
    0x0,

    /* U+5956 "奖" */
    0x0, 0x81, 0x43, 0xf5, 0x30, 0x84, 0x22, 0x30,
    0x53, 0x40, 0x80, 0x1c, 0x0, 0x80, 0xff, 0xfc,
    0xc, 0x0, 0x48, 0x2, 0x10, 0x10, 0x23, 0x80,
    0x70,

    /* U+5957 "套" */
    0x2, 0x0, 0x10, 0xf, 0xff, 0xc2, 0x10, 0x10,
    0x21, 0xff, 0xc9, 0x0, 0xc7, 0xf8, 0x10, 0x0,
    0x7f, 0xf, 0xff, 0xc2, 0x0, 0x10, 0x20, 0xff,
    0xc4, 0x0, 0x80,

    /* U+5960 "奠" */
    0x8, 0x40, 0x2, 0x3, 0xff, 0xf, 0xfc, 0x44,
    0x91, 0x23, 0xc4, 0x1, 0x17, 0xfc, 0x3f, 0xf0,
    0x8, 0xf, 0xff, 0xc1, 0x40, 0x18, 0x81, 0x81,
    0xe0,

    /* U+5962 "奢" */
    0x4, 0x3, 0xff, 0xf1, 0x4, 0x9, 0x8, 0xdf,
    0xd8, 0x12, 0x1f, 0xff, 0xc1, 0x0, 0x1f, 0xf1,
    0xc0, 0x49, 0x1, 0x7, 0xfc, 0x10, 0x10, 0x7f,
    0xc0,

    /* U+5965 "奥" */
    0x0, 0x0, 0x8, 0x3, 0xff, 0x10, 0x4, 0x4a,
    0x51, 0xa, 0x45, 0xff, 0x11, 0x84, 0x48, 0x50,
    0x48, 0xf, 0xff, 0xc1, 0x40, 0x8, 0x80, 0x41,
    0xe, 0x3, 0xc0,

    /* U+5973 "女" */
    0x4, 0x0, 0x10, 0x0, 0x40, 0x2, 0x0, 0xff,
    0xfc, 0x41, 0x1, 0x4, 0x8, 0x10, 0x20, 0x80,
    0x42, 0x0, 0xd0, 0x0, 0xe0, 0x4, 0x40, 0xe0,
    0xcc, 0x0, 0x80,

    /* U+5976 "奶" */
    0x0, 0x0, 0x47, 0xf0, 0x82, 0x47, 0xe4, 0x84,
    0x89, 0x9, 0x13, 0xd2, 0x20, 0xa4, 0x81, 0x29,
    0x2, 0x22, 0x4, 0x68, 0x9, 0x10, 0x14, 0x40,
    0x70, 0x87, 0x80,

    /* U+5978 "奸" */
    0x20, 0x0, 0x83, 0xfd, 0x0, 0x87, 0xe1, 0x4,
    0x82, 0x9, 0x4, 0x12, 0xff, 0xc4, 0x10, 0x90,
    0x20, 0xe0, 0x40, 0x40, 0x81, 0x41, 0x4, 0x42,
    0x10, 0x4, 0x0,

    /* U+5979 "她" */
    0x0, 0x20, 0x82, 0x41, 0x4, 0x87, 0xc9, 0x69,
    0x13, 0x52, 0x3c, 0xa4, 0xc9, 0x48, 0x92, 0x51,
    0x24, 0x42, 0x50, 0xe4, 0xa, 0x28, 0x14, 0x10,
    0x30, 0x3f, 0x80,

    /* U+597D "好" */
    0x20, 0x0, 0x83, 0xf9, 0x0, 0x27, 0xe0, 0x84,
    0x82, 0x9, 0x4, 0x22, 0xff, 0xc4, 0x10, 0x50,
    0x20, 0x60, 0x40, 0x60, 0x81, 0x21, 0x4, 0x2,
    0x10, 0x1c, 0x0,

    /* U+5982 "如" */
    0x0, 0x0, 0x83, 0xf2, 0x8, 0x7f, 0xa1, 0x24,
    0x85, 0x12, 0x14, 0x48, 0x51, 0x21, 0x48, 0x84,
    0xe2, 0x10, 0x88, 0x45, 0x21, 0x22, 0xfd, 0x2,
    0x10,

    /* U+5983 "妃" */
    0x20, 0x0, 0x43, 0xf9, 0x0, 0x17, 0xe0, 0x24,
    0x40, 0x48, 0x80, 0x91, 0x7f, 0x46, 0x82, 0x49,
    0x0, 0x72, 0x0, 0x64, 0x0, 0xa8, 0x2, 0x10,
    0x38, 0x3f, 0xc0,

    /* U+5984 "妄" */
    0x2, 0x0, 0x8, 0xf, 0xff, 0xc8, 0x0, 0x20,
    0x0, 0x80, 0x3, 0xff, 0x80, 0x80, 0x4, 0x3,
    0xff, 0xf0, 0x84, 0x4, 0x10, 0x18, 0x80, 0x1c,
    0x0, 0x6e, 0x3e, 0x6,

    /* U+5987 "妇" */
    0x20, 0x0, 0x87, 0xf2, 0x0, 0x7f, 0x1, 0x44,
    0x5, 0x10, 0x14, 0xdf, 0xe2, 0x1, 0x28, 0x4,
    0x60, 0x11, 0x40, 0x48, 0x1, 0x41, 0xfe, 0x0,
    0x10,

    /* U+5988 "妈" */
    0x40, 0x1, 0x7, 0xe4, 0x0, 0xbe, 0x42, 0x51,
    0xa, 0x44, 0x49, 0x21, 0x24, 0x7f, 0xd0, 0x4,
    0x80, 0x13, 0x3f, 0x52, 0x1, 0x40, 0x6, 0x0,
    0xe0,

    /* U+5996 "妖" */
    0x20, 0x6, 0x41, 0xf0, 0x80, 0x87, 0xe1, 0x4,
    0x82, 0x9, 0x4, 0x12, 0xff, 0xa4, 0x10, 0x8,
    0x30, 0x60, 0xa0, 0x41, 0x41, 0x44, 0x42, 0x50,
    0x48, 0x40, 0x40, 0x0, 0x0,

    /* U+5999 "妙" */
    0x0, 0x20, 0x40, 0x40, 0x80, 0x87, 0xe5, 0x22,
    0x92, 0x49, 0x24, 0x52, 0x48, 0xa4, 0x90, 0x48,
    0x24, 0x60, 0x48, 0x40, 0x20, 0xe0, 0x82, 0x2,
    0x8, 0x18, 0x0, 0xc0, 0x0,

    /* U+599E "妞" */
    0x47, 0xf9, 0x2, 0x24, 0x10, 0xbe, 0x42, 0x49,
    0xa, 0x24, 0x28, 0xff, 0xa2, 0x42, 0x99, 0x9,
    0xc4, 0x41, 0x11, 0xa, 0x84, 0x42, 0x12, 0x1f,
    0xf0,

    /* U+59A5 "妥" */
    0x1, 0xf0, 0xf8, 0x20, 0x21, 0x8, 0x88, 0x21,
    0x20, 0x0, 0x0, 0x40, 0x3f, 0xff, 0x8, 0x40,
    0x41, 0x1, 0x8, 0x3, 0xc0, 0x2, 0xc1, 0xf0,
    0xc0,

    /* U+59A8 "妨" */
    0x20, 0x20, 0x40, 0x0, 0x80, 0x3, 0xef, 0xe2,
    0x84, 0x9, 0x8, 0x12, 0x1f, 0x24, 0x22, 0x70,
    0x44, 0x21, 0x8, 0x62, 0x11, 0x24, 0x24, 0x10,
    0x40, 0x47, 0x80,

    /* U+59A9 "妩" */
    0x20, 0x0, 0x47, 0xf8, 0x81, 0x7, 0xe2, 0x4,
    0x84, 0x9, 0x7f, 0xd2, 0x18, 0x44, 0x30, 0xc8,
    0xa0, 0x61, 0x40, 0x64, 0x81, 0x29, 0x12, 0x22,
    0x29, 0x83, 0xc0,

    /* U+59AE "妮" */
    0x3, 0xfc, 0x84, 0x9, 0x8, 0x17, 0xd0, 0x24,
    0xbf, 0xd1, 0x40, 0x22, 0xa0, 0x45, 0x44, 0xd2,
    0xb0, 0x65, 0x80, 0x5a, 0x1, 0x64, 0x14, 0x48,
    0x31, 0x1f, 0x80,

    /* U+59B9 "妹" */
    0x20, 0x40, 0x81, 0x4, 0x7f, 0xfe, 0x10, 0x48,
    0x41, 0x21, 0x4, 0xff, 0xe2, 0x38, 0x91, 0x61,
    0xc5, 0x41, 0x24, 0x8b, 0x12, 0x44, 0x46, 0x1,
    0x0,

    /* U+59BB "妻" */
    0x0, 0x3, 0xff, 0xf0, 0x20, 0xf, 0xfc, 0x2,
    0x13, 0xff, 0xf0, 0x21, 0xf, 0xfc, 0x4, 0x3,
    0xff, 0xf0, 0x84, 0x5, 0xb0, 0x7, 0x63, 0xe0,
    0x60,

    /* U+59C6 "姆" */
    0x41, 0xf9, 0x8, 0x24, 0x20, 0xbe, 0x92, 0x4a,
    0x2a, 0x28, 0x28, 0xbf, 0xe2, 0xa2, 0x12, 0x49,
    0xc8, 0xa3, 0x40, 0x8a, 0xff, 0x40, 0xa, 0x1,
    0xc0,

    /* U+59CB "始" */
    0x0, 0x40, 0x40, 0x80, 0x82, 0x7, 0xe4, 0x44,
    0x90, 0x49, 0x7f, 0x92, 0x0, 0xa4, 0x0, 0x49,
    0xfc, 0x62, 0x8, 0x44, 0x11, 0x68, 0x22, 0x10,
    0x48, 0x3f, 0x80,

    /* U+59D0 "姐" */
    0x43, 0xf8, 0x84, 0x11, 0x8, 0x23, 0xd0, 0x44,
    0xbf, 0x89, 0x41, 0x22, 0x82, 0x45, 0x4, 0xdb,
    0xf8, 0x64, 0x10, 0x48, 0x21, 0x50, 0x42, 0x20,
    0x89, 0xff, 0xe0, 0x0, 0x0,

    /* U+59D1 "姑" */
    0x20, 0x20, 0x40, 0x40, 0x80, 0x82, 0xff, 0xf4,
    0x82, 0x9, 0x4, 0x12, 0x8, 0x44, 0x7f, 0x8,
    0x82, 0xe1, 0x4, 0x42, 0x9, 0x44, 0x14, 0x48,
    0x30, 0x1f, 0xc0,

    /* U+59D3 "姓" */
    0x1, 0x20, 0x42, 0x40, 0x84, 0x83, 0xef, 0xf4,
    0xa2, 0x9, 0x44, 0x11, 0x8, 0x24, 0x10, 0x49,
    0xfc, 0x60, 0x40, 0x60, 0x81, 0x21, 0x2, 0x2,
    0x8, 0x7f, 0xe0, 0x0, 0x0,

    /* U+59D4 "委" */
    0x7f, 0xe0, 0x8, 0x0, 0x20, 0x3f, 0xff, 0x6,
    0x80, 0x29, 0x3, 0x23, 0x30, 0x3, 0xff, 0xfc,
    0x21, 0x1, 0x4, 0x3, 0x20, 0x3, 0xc1, 0xf0,
    0xf0,

    /* U+59D7 "姗" */
    0x23, 0xdc, 0x44, 0xa9, 0x9, 0x57, 0xd2, 0xa4,
    0xa5, 0x49, 0x4a, 0x93, 0xff, 0xc5, 0x2a, 0x1a,
    0x54, 0xa4, 0xa8, 0xc9, 0x51, 0x52, 0xa4, 0x46,
    0x50, 0xbd, 0x80,

    /* U+59E5 "姥" */
    0x40, 0x80, 0x81, 0x11, 0x7, 0xc7, 0xc4, 0x84,
    0x8a, 0x11, 0xff, 0xa2, 0x20, 0x44, 0x80, 0x93,
    0x8, 0xfa, 0xe0, 0x46, 0x1, 0x48, 0x14, 0x10,
    0x30, 0x3f, 0xc0,

    /* U+59E8 "姨" */
    0x20, 0x40, 0x81, 0x4, 0x7f, 0xd0, 0x10, 0x7b,
    0xfd, 0x21, 0x14, 0x84, 0x62, 0xff, 0xc, 0x40,
    0x5f, 0xf5, 0x4, 0x4c, 0x31, 0x30, 0xa9, 0xa4,
    0x44, 0x20, 0xe1, 0x0,

    /* U+59FF "姿" */
    0x2, 0x1, 0x88, 0x1, 0x3f, 0x81, 0x22, 0x0,
    0x88, 0x45, 0x6, 0x22, 0x1, 0x7, 0x4, 0x3,
    0xff, 0xf1, 0x2, 0x4, 0x10, 0xf, 0x80, 0x19,
    0xcf, 0x0, 0xc0,

    /* U+5A01 "威" */
    0x0, 0x24, 0x0, 0x20, 0x3f, 0xfe, 0x20, 0x20,
    0x2f, 0xa0, 0x22, 0x24, 0x24, 0x24, 0x2f, 0xa8,
    0x28, 0xa8, 0x29, 0x18, 0x66, 0x10, 0x45, 0x91,
    0x48, 0x69, 0x80, 0x87,

    /* U+5A03 "娃" */
    0x0, 0x40, 0x80, 0x81, 0xf, 0xf7, 0xc2, 0x4,
    0x84, 0x11, 0xff, 0xa2, 0x0, 0x44, 0x20, 0x90,
    0x40, 0xaf, 0xf8, 0xc1, 0x1, 0x82, 0x2, 0x4,
    0x9, 0xff, 0xe0, 0x0, 0x0,

    /* U+5A05 "娅" */
    0x20, 0x0, 0x80, 0x1, 0x1f, 0xfa, 0x4, 0x8f,
    0x89, 0x9, 0x92, 0x23, 0x24, 0xc6, 0x4a, 0x8a,
    0x94, 0xa5, 0x28, 0xc2, 0x40, 0x84, 0x82, 0x9,
    0x9, 0xff, 0xe0, 0x0, 0x0,

    /* U+5A07 "娇" */
    0x20, 0x4, 0x41, 0xf0, 0x80, 0x83, 0xe1, 0x2,
    0x9f, 0xe9, 0xa, 0x12, 0x22, 0x24, 0x82, 0x68,
    0x4a, 0x20, 0x90, 0x61, 0x21, 0x24, 0x44, 0x8,
    0x90, 0x21, 0x0,

    /* U+5A18 "娘" */
    0x20, 0x40, 0x80, 0x81, 0xf, 0xf2, 0x10, 0x27,
    0xa0, 0x49, 0x7f, 0xa2, 0x81, 0x45, 0x2, 0x8b,
    0xfc, 0xa4, 0x80, 0xc9, 0x11, 0x91, 0xc2, 0xa2,
    0x8, 0x4a, 0x20, 0xe3, 0x0,

    /* U+5A1C "娜" */
    0x20, 0x0, 0x47, 0xbc, 0x85, 0x4a, 0xa, 0xa7,
    0x95, 0x49, 0x7a, 0x92, 0x56, 0x44, 0xaa, 0x89,
    0x52, 0x67, 0xa4, 0x45, 0x49, 0x52, 0x92, 0x25,
    0x48, 0x8a, 0x1, 0x74, 0x0,

    /* U+5A1F "娟" */
    0x0, 0x1, 0x7, 0xe4, 0x20, 0x90, 0x82, 0xfa,
    0xa, 0x47, 0xc9, 0x3f, 0xe4, 0x81, 0x92, 0x5,
    0x4f, 0xf2, 0x20, 0x4c, 0xff, 0x4a, 0x5, 0x8,
    0x18, 0x23, 0x80,

    /* U+5A46 "婆" */
    0x40, 0x0, 0x9f, 0xf8, 0x88, 0x91, 0xfe, 0xa,
    0x10, 0xa4, 0x85, 0xc, 0x21, 0xcf, 0x4, 0x3,
    0xff, 0xf1, 0x4, 0x7, 0xb0, 0x7, 0x63, 0xe0,
    0x70,

    /* U+5A49 "婉" */
    0x20, 0x0, 0x80, 0x81, 0xf, 0xfa, 0x10, 0x1f,
    0xb0, 0x29, 0x3f, 0xa2, 0x99, 0x45, 0x32, 0x8d,
    0xa4, 0x31, 0x48, 0xc2, 0xb0, 0x89, 0x2, 0xa2,
    0x8, 0x44, 0x61, 0xf, 0x80,

    /* U+5A55 "婕" */
    0x20, 0x40, 0x80, 0x81, 0x1f, 0xfa, 0x2, 0xf,
    0xff, 0xc9, 0x8, 0xa3, 0xff, 0xc4, 0x22, 0x8f,
    0xfc, 0x20, 0x81, 0x49, 0x1, 0x93, 0xe2, 0xd4,
    0x4, 0xb8, 0x11, 0x1f, 0xc0, 0x0,

    /* U+5A5A "婚" */
    0x0, 0x4, 0x1, 0xf8, 0x21, 0x10, 0x21, 0x10,
    0x7d, 0xff, 0x29, 0x10, 0x49, 0x8, 0x49, 0xcd,
    0x48, 0x0, 0x49, 0xfc, 0x31, 0x4, 0x19, 0xfc,
    0x25, 0x4, 0x41, 0x4, 0xc1, 0xfc,

    /* U+5A6A "婪" */
    0x10, 0x0, 0x41, 0xf, 0xdf, 0xc4, 0x10, 0x58,
    0xd1, 0x55, 0x29, 0x24, 0x45, 0x0, 0xff, 0xfc,
    0x20, 0x81, 0x4, 0x3, 0xe0, 0x7, 0x63, 0xe0,
    0x70,

    /* U+5A74 "婴" */
    0x7c, 0xfa, 0x14, 0x29, 0x52, 0xa5, 0x4a, 0x95,
    0x28, 0x81, 0x2, 0x85, 0x11, 0x63, 0x4, 0x3,
    0xff, 0xf1, 0x2, 0x7, 0x90, 0x3, 0xe3, 0xf0,
    0x70,

    /* U+5A77 "婷" */
    0x20, 0x0, 0x40, 0x81, 0x1f, 0xfa, 0x0, 0xf,
    0x9f, 0x89, 0x21, 0x12, 0x7e, 0x44, 0x0, 0x9f,
    0xfc, 0xa8, 0x8, 0xdf, 0xe1, 0x82, 0x4, 0x84,
    0x10, 0x8, 0x0, 0x30, 0x0,

    /* U+5A9A "媚" */
    0x23, 0xfd, 0x8, 0x94, 0x22, 0x5e, 0xff, 0x4a,
    0x1, 0x2b, 0xf8, 0xa8, 0x62, 0xa1, 0xd2, 0xfc,
    0xca, 0x13, 0x2f, 0xcb, 0x21, 0x44, 0x86, 0x13,
    0xf0,

    /* U+5AB3 "媳" */
    0x40, 0x40, 0x87, 0xf9, 0x8, 0x13, 0xdf, 0xe4,
    0xa0, 0x51, 0x7f, 0xa2, 0x81, 0x45, 0x2, 0xd3,
    0xfc, 0x60, 0x0, 0xc5, 0x81, 0x68, 0x24, 0x50,
    0xb0, 0x3f, 0x0,

    /* U+5AC1 "嫁" */
    0x20, 0x40, 0x8f, 0xfd, 0x10, 0xf, 0xe0, 0x14,
    0x9f, 0x89, 0x10, 0x22, 0x51, 0x47, 0x2c, 0xd1,
    0xb0, 0x6c, 0xd0, 0x42, 0x91, 0x59, 0x14, 0x2,
    0x10, 0x1c, 0x0,

    /* U+5AC2 "嫂" */
    0x40, 0x40, 0x86, 0xf9, 0x1, 0x13, 0xdb, 0xe4,
    0xc4, 0x51, 0x88, 0xa2, 0xff, 0x44, 0x20, 0x97,
    0xfc, 0xa4, 0x18, 0xc4, 0x61, 0x85, 0x84, 0x86,
    0x10, 0x73, 0xc0,

    /* U+5ACC "嫌" */
    0x21, 0x10, 0x41, 0x41, 0xf, 0xf3, 0xc5, 0x4,
    0xbf, 0xc9, 0x14, 0x93, 0xff, 0xc4, 0x52, 0x90,
    0xa4, 0xe7, 0xf8, 0x42, 0x81, 0x5d, 0x84, 0x2a,
    0xd0, 0x94, 0x0,

    /* U+5AE9 "嫩" */
    0x1, 0x0, 0x1, 0x10, 0x27, 0xd0, 0x21, 0x10,
    0x79, 0x16, 0x4f, 0xd2, 0x49, 0x72, 0x49, 0x72,
    0x4f, 0xd4, 0x11, 0x14, 0x51, 0x8c, 0x33, 0x48,
    0x35, 0x14, 0x49, 0x14, 0x81, 0x22,

    /* U+5B09 "嬉" */
    0x40, 0x40, 0x8f, 0xfd, 0x1, 0x7, 0xdd, 0xc4,
    0xbf, 0xd9, 0x40, 0xa2, 0xff, 0x44, 0x80, 0x90,
    0x10, 0xa7, 0xd8, 0xcf, 0xf1, 0x90, 0x24, 0x20,
    0x50, 0x7f, 0x80,

    /* U+5B50 "子" */
    0x7f, 0xf0, 0x0, 0x80, 0x4, 0x0, 0x60, 0x2,
    0x0, 0x8, 0xf, 0xff, 0xc0, 0x80, 0x2, 0x0,
    0x8, 0x0, 0x20, 0x0, 0x80, 0x1e, 0x0,

    /* U+5B51 "孑" */
    0x7f, 0xf0, 0x0, 0x80, 0x4, 0x0, 0x60, 0x0,
    0x0, 0x8, 0x10, 0x2f, 0x87, 0xc0, 0x62, 0x0,
    0x8, 0x0, 0x20, 0x0, 0x80, 0x1e, 0x0,

    /* U+5B54 "孔" */
    0x0, 0x41, 0xfc, 0x80, 0x11, 0x0, 0x42, 0x1,
    0x4, 0x2, 0x8, 0x4, 0x10, 0xe, 0x20, 0x70,
    0x40, 0x20, 0x80, 0x41, 0x0, 0x82, 0x11, 0x4,
    0x22, 0x8, 0x5c, 0x1f, 0x80,

    /* U+5B57 "字" */
    0x2, 0x0, 0x4, 0xf, 0xff, 0xe0, 0x1, 0x80,
    0x4, 0x7f, 0x80, 0x4, 0x0, 0x20, 0x2, 0x3,
    0xff, 0xf0, 0x20, 0x0, 0x80, 0x2, 0x0, 0x8,
    0x0, 0x60, 0x0,

    /* U+5B58 "存" */
    0x4, 0x0, 0x20, 0xf, 0xff, 0xc4, 0x0, 0x13,
    0xf8, 0x80, 0x42, 0x2, 0x18, 0x10, 0xa0, 0x40,
    0xbf, 0xf2, 0x4, 0x8, 0x10, 0x20, 0x40, 0x8e,
    0x0,

    /* U+5B63 "季" */
    0x0, 0xf1, 0xfc, 0x0, 0x10, 0x3f, 0xff, 0x5,
    0x80, 0x25, 0x3, 0x13, 0x37, 0xfb, 0x0, 0xc0,
    0x4, 0xf, 0xff, 0xc0, 0x40, 0x1, 0x0, 0x3c,
    0x0,

    /* U+5B64 "孤" */
    0x0, 0x1f, 0xef, 0xc0, 0xc9, 0x5, 0x24, 0x24,
    0x90, 0x92, 0x42, 0x49, 0xd, 0x22, 0xe4, 0x88,
    0x92, 0x22, 0x4a, 0x89, 0x46, 0x29, 0xd7, 0xa0,
    0x10,

    /* U+5B66 "学" */
    0x2, 0x0, 0x88, 0x41, 0x12, 0x3f, 0xff, 0x80,
    0x6, 0x0, 0x11, 0xfe, 0x0, 0x20, 0x0, 0x3,
    0xff, 0xf0, 0x20, 0x0, 0x80, 0x2, 0x0, 0x8,
    0x0, 0xe0, 0x0,

    /* U+5B69 "孩" */
    0x0, 0x43, 0xe1, 0x0, 0x82, 0x4, 0xff, 0x10,
    0x80, 0x4, 0x2, 0x11, 0x8, 0x78, 0x38, 0x47,
    0x82, 0x22, 0x11, 0x8, 0x84, 0x20, 0x68, 0x82,
    0x1e, 0x30, 0x0,

    /* U+5B7D "孽" */
    0x8, 0x43, 0xff, 0xf0, 0x84, 0x1f, 0x7e, 0x44,
    0x91, 0xe5, 0xa7, 0xdf, 0xd0, 0x8, 0x3c, 0x20,
    0x7f, 0x80, 0x10, 0x3f, 0xff, 0x1, 0x0, 0x3c,
    0x0,

    /* U+5B81 "宁" */
    0x0, 0x0, 0x8, 0x0, 0x10, 0x3f, 0xfe, 0x80,
    0xa, 0x0, 0x20, 0x0, 0x3f, 0xff, 0x2, 0x0,
    0x8, 0x0, 0x20, 0x0, 0x80, 0x2, 0x0, 0x8,
    0x1, 0xe0, 0x0,

    /* U+5B83 "它" */
    0x2, 0x0, 0x0, 0x3f, 0xff, 0x0, 0x18, 0x0,
    0x90, 0x0, 0x80, 0x84, 0x38, 0x2e, 0x1, 0x0,
    0x8, 0x0, 0x40, 0x12, 0x0, 0x9f, 0xf8,

    /* U+5B85 "宅" */
    0x0, 0x0, 0x4, 0xf, 0xff, 0xe0, 0x1, 0x80,
    0x26, 0xf, 0x13, 0xe0, 0x0, 0x80, 0x2, 0x1c,
    0x7f, 0x86, 0x20, 0x0, 0x80, 0x2, 0x4, 0x8,
    0x10, 0x3f, 0xc0,

    /* U+5B88 "守" */
    0x2, 0x0, 0x8, 0xf, 0xff, 0xe0, 0x1, 0x80,
    0x44, 0x1, 0x0, 0x4, 0x3f, 0xff, 0x0, 0x40,
    0x81, 0x1, 0x4, 0x2, 0x10, 0x0, 0x40, 0x1,
    0x0, 0x3c, 0x0,

    /* U+5B89 "安" */
    0x2, 0x0, 0x8, 0xf, 0xff, 0xa0, 0x2, 0x80,
    0x0, 0x10, 0x0, 0x80, 0x3f, 0xff, 0x10, 0x40,
    0x41, 0x2, 0x8, 0x7, 0x40, 0x3, 0x80, 0x19,
    0x87, 0x81, 0x80,

    /* U+5B8C "完" */
    0x0, 0x0, 0x2, 0x1, 0xff, 0xfa, 0x0, 0x14,
    0x0, 0x2b, 0xfe, 0x40, 0x0, 0x0, 0x0, 0x7f,
    0xfe, 0x11, 0x0, 0x22, 0x0, 0x44, 0x1, 0x8,
    0x4, 0x10, 0x50, 0x1f, 0x80,

    /* U+5B97 "宗" */
    0x0, 0x0, 0x8, 0xf, 0xff, 0xe0, 0x1, 0x80,
    0x6, 0xff, 0x90, 0x0, 0x0, 0x0, 0xff, 0xfc,
    0x8, 0x0, 0x20, 0x10, 0x84, 0x42, 0xa, 0x8,
    0x10, 0xe0, 0x0,

    /* U+5B98 "官" */
    0x0, 0x0, 0x8, 0xf, 0xff, 0xe0, 0x1, 0xbf,
    0xf4, 0x80, 0x42, 0x1, 0x8, 0x4, 0x3f, 0xf0,
    0x80, 0x3, 0xff, 0x8, 0x4, 0x20, 0x10, 0x80,
    0x43, 0xff, 0x0,

    /* U+5B9A "定" */
    0x2, 0x0, 0x1, 0x0, 0x7f, 0xfe, 0x40, 0x2,
    0x40, 0x2, 0x3f, 0xf8, 0x1, 0x0, 0x1, 0x0,
    0x1, 0x0, 0x21, 0xf8, 0x21, 0x0, 0x31, 0x0,
    0x49, 0x0, 0x47, 0x0, 0x81, 0xff,

    /* U+5B9C "宜" */
    0x0, 0x0, 0x4, 0xf, 0xff, 0xe0, 0x1, 0x80,
    0x4, 0x7f, 0x81, 0x2, 0x4, 0x8, 0x1f, 0xe0,
    0x40, 0x81, 0x2, 0x7, 0xf8, 0x10, 0x20, 0x40,
    0x8f, 0xff, 0xc0,

    /* U+5B9D "宝" */
    0x2, 0x0, 0x2, 0x1, 0xff, 0xf2, 0x0, 0x24,
    0x0, 0x4f, 0xff, 0x80, 0x40, 0x0, 0x80, 0x3f,
    0xf8, 0x2, 0x0, 0x4, 0x80, 0x8, 0x80, 0x10,
    0x9f, 0xff, 0xc0,

    /* U+5B9E "实" */
    0x2, 0x0, 0x4, 0xf, 0xff, 0xa0, 0x42, 0x91,
    0x0, 0x24, 0x0, 0x10, 0x8, 0x40, 0x12, 0x3,
    0xff, 0xf0, 0x20, 0x1, 0x10, 0x8, 0x31, 0xc0,
    0x20,

    /* U+5BA0 "宠" */
    0x0, 0x0, 0x2, 0x1, 0xff, 0xf2, 0x0, 0x24,
    0x44, 0x40, 0x84, 0x1, 0x0, 0x3f, 0xfe, 0x8,
    0x80, 0x11, 0x20, 0x42, 0x80, 0x86, 0x2, 0x38,
    0x8, 0x90, 0x60, 0x3f, 0x0,

    /* U+5BA1 "审" */
    0x0, 0x0, 0x8, 0xf, 0xff, 0xe0, 0x81, 0x82,
    0x4, 0xff, 0xc4, 0x21, 0x10, 0x84, 0x3f, 0xf1,
    0x8, 0x44, 0x21, 0xf, 0xfc, 0x2, 0x10, 0x8,
    0x0, 0x20, 0x0,

    /* U+5BA2 "客" */
    0x0, 0x0, 0x2, 0x3, 0xff, 0xf4, 0x20, 0x28,
    0x7e, 0x43, 0x4, 0x9, 0x10, 0x1, 0x40, 0x3,
    0x80, 0x18, 0xe1, 0xff, 0xb8, 0x81, 0x1, 0x2,
    0x2, 0x4, 0x7, 0xf8, 0x0,

    /* U+5BA3 "宣" */
    0x2, 0x0, 0x8, 0xf, 0xff, 0xe0, 0x1, 0x80,
    0x4, 0xff, 0xc0, 0x0, 0x7, 0xf8, 0x20, 0x20,
    0x7f, 0x82, 0x2, 0x8, 0x8, 0x1f, 0xe0, 0x0,
    0xf, 0xff, 0xc0,

    /* U+5BA4 "室" */
    0x2, 0x0, 0x2, 0x1, 0xff, 0xfa, 0x0, 0x17,
    0xff, 0xa0, 0x80, 0x2, 0x8, 0x8, 0x8, 0x3f,
    0xe8, 0x2, 0x0, 0x4, 0x1, 0xff, 0xc0, 0x10,
    0x0, 0x20, 0x3f, 0xff, 0x80,

    /* U+5BAB "宫" */
    0x0, 0x0, 0x8, 0xf, 0xff, 0xe0, 0x1, 0x80,
    0x6, 0xff, 0x92, 0x2, 0x8, 0x8, 0x3f, 0xe0,
    0x0, 0x7, 0xff, 0x10, 0x4, 0x40, 0x11, 0x0,
    0x47, 0xff, 0x0,

    /* U+5BB0 "宰" */
    0x2, 0x0, 0x2, 0x1, 0xff, 0xf2, 0x0, 0x24,
    0x10, 0x47, 0xff, 0x0, 0x0, 0x4, 0x10, 0xff,
    0xfe, 0x2, 0x0, 0x4, 0x3, 0xff, 0xe0, 0x10,
    0x0, 0x20, 0x0, 0x40, 0x0,

    /* U+5BB3 "害" */
    0x0, 0x0, 0x2, 0x1, 0xff, 0xfa, 0x8, 0x14,
    0x10, 0x23, 0xfe, 0xf, 0xfe, 0x0, 0x80, 0xff,
    0xfe, 0x2, 0x0, 0x7f, 0xe0, 0x80, 0x41, 0x0,
    0x82, 0x1, 0x7, 0xfe, 0x0,

    /* U+5BB4 "宴" */
    0x2, 0x0, 0x8, 0xf, 0xff, 0xe0, 0x1, 0x9f,
    0xe4, 0x80, 0x81, 0xfe, 0x8, 0x8, 0x1f, 0xe0,
    0x10, 0xf, 0xff, 0xc4, 0x10, 0x10, 0x80, 0xbc,
    0x0, 0xce, 0x3c, 0x6,

    /* U+5BB5 "宵" */
    0x0, 0x0, 0x8, 0xf, 0xff, 0xe0, 0x89, 0x92,
    0x44, 0x8, 0x3, 0xff, 0x8, 0x4, 0x20, 0x10,
    0xff, 0xc2, 0x1, 0xf, 0xfc, 0x20, 0x10, 0x80,
    0x42, 0x7, 0x0,

    /* U+5BB6 "家" */
    0x2, 0x0, 0x8, 0xf, 0xff, 0xe0, 0x1, 0x80,
    0x6, 0xff, 0xd0, 0x40, 0x6, 0x84, 0x62, 0x60,
    0x37, 0x7, 0x14, 0x1, 0xc8, 0x39, 0x13, 0x4,
    0x20, 0xe0, 0x40,

    /* U+5BB9 "容" */
    0x0, 0x0, 0x1, 0x0, 0x7f, 0xfe, 0x40, 0x2,
    0x44, 0x22, 0x8, 0x18, 0x33, 0x4, 0x42, 0x82,
    0x4, 0x40, 0x8, 0x30, 0x3f, 0xfc, 0xd0, 0x13,
    0x10, 0x10, 0x10, 0x10, 0x1f, 0xf0,

    /* U+5BBD "宽" */
    0x1, 0x0, 0x1, 0x0, 0x7f, 0xfe, 0x40, 0x2,
    0x44, 0x22, 0x3f, 0xfc, 0x4, 0x20, 0x1f, 0xf8,
    0x10, 0x8, 0x11, 0x8, 0x11, 0x8, 0x11, 0x8,
    0x12, 0x81, 0x4, 0x82, 0x78, 0x7e,

    /* U+5BBE "宾" */
    0x2, 0x0, 0x4, 0xf, 0xff, 0xe0, 0x1, 0x8f,
    0xe6, 0x40, 0x11, 0x0, 0x7, 0xfe, 0x10, 0x40,
    0x41, 0xf, 0xff, 0xc0, 0x0, 0x8, 0x40, 0x40,
    0xc6, 0x0, 0xc0,

    /* U+5BC2 "寂" */
    0x0, 0x0, 0x2, 0x1, 0xff, 0xf2, 0x44, 0x24,
    0x80, 0x1, 0xef, 0x2, 0x11, 0x4, 0x22, 0xff,
    0xc8, 0x10, 0x50, 0xa0, 0xc2, 0x48, 0x84, 0x83,
    0x1, 0x9, 0x6, 0x21, 0x80,

    /* U+5BC4 "寄" */
    0x0, 0x0, 0x2, 0x3, 0xff, 0xf4, 0x0, 0x2b,
    0xff, 0x40, 0x60, 0x3, 0x38, 0x38, 0x8, 0xff,
    0xfe, 0x0, 0x20, 0xfe, 0x41, 0x4, 0x82, 0x9,
    0x7, 0xf2, 0x8, 0x1c, 0x0,

    /* U+5BC6 "密" */
    0x0, 0x0, 0x2, 0x1, 0xff, 0xfa, 0x10, 0x14,
    0x52, 0x20, 0x90, 0x9, 0x42, 0x23, 0xa, 0x1c,
    0x12, 0xcf, 0xe0, 0x4, 0x1, 0x8, 0x42, 0x10,
    0x83, 0xff, 0x0, 0x0, 0x0,

    /* U+5BCC "富" */
    0x0, 0x0, 0x8, 0xf, 0xff, 0xe0, 0x1, 0xbf,
    0xf0, 0xff, 0x82, 0x2, 0xf, 0xf8, 0x0, 0x1,
    0xff, 0xe4, 0x20, 0x9f, 0xfe, 0x42, 0x9, 0x8,
    0x27, 0xff, 0x80,

    /* U+5BD2 "寒" */
    0x2, 0x1, 0xff, 0xfa, 0x21, 0x17, 0xff, 0xe0,
    0x84, 0xf, 0xfe, 0x2, 0x10, 0x7f, 0xfe, 0x8,
    0x40, 0x2c, 0x40, 0x86, 0x46, 0x0, 0x70, 0x60,
    0x0, 0x3c, 0x0,

    /* U+5BDE "寞" */
    0x2, 0x3, 0xff, 0xf8, 0x0, 0x6f, 0xfd, 0x0,
    0x0, 0xff, 0xc2, 0x1, 0xf, 0xfc, 0x20, 0x10,
    0x7f, 0x8f, 0xff, 0xc1, 0x20, 0x8, 0x43, 0x40,
    0xf0,

    /* U+5BDF "察" */
    0x2, 0x0, 0x4, 0x3, 0xff, 0xf4, 0x0, 0x29,
    0xdf, 0xcc, 0xa2, 0x26, 0x28, 0x8, 0x20, 0x2f,
    0xf1, 0x80, 0x18, 0xff, 0xc0, 0x11, 0x2, 0x21,
    0x8, 0x41, 0xa3, 0x80, 0x0,

    /* U+5BE1 "寡" */
    0x2, 0x3, 0xff, 0xf8, 0x0, 0x6f, 0xfd, 0x2,
    0x0, 0x77, 0x81, 0xfe, 0x4, 0x8, 0x1f, 0xe3,
    0xff, 0xf1, 0x4, 0xf, 0xf8, 0xc4, 0x54, 0x21,
    0x7, 0x18, 0x0,

    /* U+5BE5 "寥" */
    0x1, 0x0, 0x7f, 0xfe, 0x40, 0x2, 0x7e, 0xfa,
    0x22, 0x8, 0x12, 0x48, 0x6, 0x18, 0x3a, 0xe8,
    0x4, 0x60, 0x19, 0x1c, 0x66, 0x2, 0x9, 0x80,
    0xe, 0x20, 0x0, 0xc0, 0x1f, 0x0,

    /* U+5BE8 "寨" */
    0x1, 0x0, 0xff, 0xfd, 0x11, 0xb, 0xff, 0xd0,
    0x44, 0x3, 0xfe, 0x3f, 0xff, 0x82, 0x20, 0x9,
    0x20, 0x22, 0x20, 0xff, 0xe6, 0x29, 0x33, 0x91,
    0x80, 0x60, 0x0,

    /* U+5BF8 "寸" */
    0x0, 0x20, 0x0, 0x40, 0x0, 0x80, 0x1, 0xf,
    0xff, 0xe0, 0x4, 0x0, 0x8, 0x0, 0x10, 0x10,
    0x20, 0x10, 0x40, 0x10, 0x80, 0x1, 0x0, 0x2,
    0x0, 0x4, 0x0, 0xf8, 0x0,

    /* U+5BF9 "对" */
    0x0, 0x8, 0x0, 0x11, 0xf8, 0x20, 0x10, 0x40,
    0x3f, 0xe0, 0x81, 0x1, 0x2, 0x1a, 0x44, 0x8,
    0x88, 0x18, 0x90, 0x48, 0x21, 0x0, 0x44, 0x0,
    0x98, 0xf, 0x0,

    /* U+5BFB "寻" */
    0x3f, 0xf0, 0x0, 0x20, 0x0, 0x41, 0xff, 0x80,
    0x1, 0x7, 0xfe, 0x0, 0x8, 0x0, 0x10, 0xff,
    0xfe, 0x0, 0x40, 0x30, 0x80, 0x1, 0x0, 0x2,
    0x0, 0x3c, 0x0,

    /* U+5BFC "导" */
    0x3f, 0xf8, 0x40, 0x10, 0x80, 0x21, 0xff, 0xc2,
    0x0, 0x4, 0x0, 0x8f, 0xff, 0x0, 0x10, 0xff,
    0xfe, 0x0, 0x40, 0x20, 0x80, 0x21, 0x0, 0x2,
    0x0, 0x3c, 0x0,

    /* U+5C01 "封" */
    0x8, 0x4, 0x8, 0x4, 0x7f, 0x4, 0x8, 0x4,
    0x8, 0x7e, 0x7f, 0x4, 0x8, 0x44, 0x8, 0x44,
    0x7f, 0x24, 0x8, 0x4, 0x8, 0x4, 0x8, 0x4,
    0x76, 0x4, 0x0, 0x3c,

    /* U+5C04 "射" */
    0x10, 0x8, 0xf8, 0x11, 0x10, 0x23, 0xef, 0xf4,
    0x40, 0x88, 0x81, 0x1f, 0x22, 0x22, 0x44, 0xfc,
    0x48, 0x18, 0x10, 0x50, 0x21, 0x20, 0x4c, 0x40,
    0x83, 0x87, 0x0,

    /* U+5C06 "将" */
    0x10, 0x80, 0x43, 0xf9, 0x30, 0x97, 0x44, 0x10,
    0xe0, 0x4e, 0x41, 0x41, 0xf, 0xff, 0x50, 0x12,
    0x48, 0x41, 0x11, 0x4, 0x4, 0x10, 0x10, 0x43,
    0xc0,

    /* U+5C0A "尊" */
    0x10, 0x0, 0x21, 0x7, 0x7b, 0x9f, 0xfc, 0x44,
    0x91, 0x23, 0xc4, 0x1, 0x1f, 0xfc, 0x7f, 0xf0,
    0x1, 0xf, 0xff, 0xc4, 0x10, 0xc, 0x40, 0x7,
    0x0,

    /* U+5C0F "小" */
    0x1, 0x0, 0x2, 0x0, 0x4, 0x0, 0x8, 0x0,
    0x10, 0x4, 0x21, 0x8, 0x42, 0x20, 0x82, 0x41,
    0x5, 0x2, 0x6, 0x4, 0x8, 0x8, 0x0, 0x10,
    0x0, 0x20, 0x3, 0xc0, 0x0,

    /* U+5C11 "少" */
    0x1, 0x0, 0x2, 0x0, 0x4, 0x1, 0x8, 0x42,
    0x10, 0x48, 0x20, 0x90, 0x40, 0x80, 0x80, 0x1,
    0x10, 0x0, 0x40, 0x1, 0x0, 0xc, 0x0, 0xe0,
    0x1e, 0x0, 0x0,

    /* U+5C13 "尓" */
    0x8, 0x0, 0x40, 0x1, 0x0, 0x7, 0xff, 0x20,
    0x1, 0x4, 0x8, 0x10, 0x2, 0x48, 0x11, 0x10,
    0x44, 0x42, 0x10, 0x90, 0x41, 0x1, 0x0, 0x4,
    0x0, 0xf0, 0x0,

    /* U+5C14 "尔" */
    0x8, 0x0, 0x40, 0x1, 0x0, 0x7, 0xff, 0x61,
    0xd, 0x4, 0x28, 0x11, 0x0, 0x48, 0x11, 0x10,
    0x84, 0x44, 0x10, 0xa0, 0x40, 0x1, 0x0, 0x4,
    0x0, 0xf0, 0x0,

    /* U+5C16 "尖" */
    0x0, 0x0, 0x8, 0x1, 0x22, 0x8, 0x84, 0x42,
    0x9, 0x0, 0x20, 0x0, 0x0, 0x80, 0xff, 0xfc,
    0xc, 0x0, 0x50, 0x1, 0x20, 0x8, 0x40, 0xc0,
    0xcc, 0x0, 0xc0,

    /* U+5C18 "尘" */
    0x1, 0x0, 0x2, 0x0, 0x44, 0x41, 0x8, 0x44,
    0x10, 0x50, 0x20, 0x0, 0x0, 0x0, 0x80, 0x1,
    0x0, 0xff, 0xf8, 0x4, 0x0, 0x8, 0x0, 0x10,
    0x1f, 0xff, 0xc0,

    /* U+5C1A "尚" */
    0x2, 0x0, 0x21, 0x42, 0x20, 0x24, 0x2, 0xf,
    0xff, 0x80, 0x18, 0x1, 0x9f, 0x99, 0x9, 0x90,
    0x99, 0x9, 0x9f, 0x99, 0x1, 0x80, 0x70,

    /* U+5C1D "尝" */
    0x22, 0x0, 0x48, 0x80, 0x22, 0x3f, 0xff, 0x80,
    0x6, 0x0, 0x1b, 0xff, 0x40, 0x0, 0x0, 0x3,
    0xff, 0xf0, 0x80, 0x2, 0x8, 0x10, 0x11, 0xff,
    0xe4, 0x0, 0x0,

    /* U+5C24 "尤" */
    0x2, 0x0, 0x9, 0x0, 0x23, 0x0, 0x80, 0xff,
    0xfc, 0x8, 0x0, 0x30, 0x1, 0x40, 0x5, 0x0,
    0x14, 0x0, 0x90, 0x2, 0x41, 0x11, 0x4, 0x84,
    0x1c, 0xf, 0x80,

    /* U+5C2C "尬" */
    0x0, 0x0, 0x81, 0x2, 0x6, 0x8, 0x24, 0xfd,
    0x10, 0xa8, 0x32, 0x89, 0xa, 0x24, 0x28, 0x90,
    0xa2, 0x44, 0x89, 0x12, 0x44, 0x4a, 0x12, 0x20,
    0x18, 0xff, 0xc0,

    /* U+5C31 "就" */
    0x10, 0x40, 0x41, 0x4f, 0xe4, 0x0, 0x10, 0x7d,
    0xfe, 0x11, 0x8, 0x46, 0x1f, 0x18, 0x10, 0xa0,
    0x52, 0x85, 0x4a, 0x24, 0x49, 0x11, 0x24, 0xc8,
    0xf0,

    /* U+5C34 "尴" */
    0x20, 0xa0, 0x8a, 0x82, 0x2b, 0xfe, 0xb0, 0x32,
    0xd0, 0xca, 0x23, 0x0, 0xc, 0xfe, 0x52, 0xa9,
    0x4a, 0xa5, 0x2a, 0x95, 0xff, 0x90, 0x2, 0x3f,
    0xf8, 0x0, 0x0,

    /* U+5C38 "尸" */
    0x3f, 0xf9, 0x0, 0x48, 0x2, 0x40, 0x13, 0xff,
    0x90, 0x0, 0x80, 0x4, 0x0, 0x20, 0x1, 0x0,
    0x10, 0x0, 0x80, 0x8, 0x0, 0x40, 0x0,

    /* U+5C3A "尺" */
    0x1f, 0xfc, 0x20, 0x8, 0x40, 0x10, 0x80, 0x21,
    0x0, 0x42, 0x0, 0x87, 0xff, 0x8, 0x40, 0x10,
    0x40, 0x60, 0x80, 0x80, 0x81, 0x0, 0x84, 0x0,
    0x88, 0x0, 0x80, 0x0, 0x80,

    /* U+5C3C "尼" */
    0x3f, 0xf8, 0x80, 0x22, 0x0, 0x88, 0x2, 0x3f,
    0xf8, 0x80, 0x2, 0x40, 0x9, 0x6, 0x24, 0x60,
    0x9e, 0x4, 0x40, 0x11, 0x1, 0x44, 0x6, 0x1f,
    0xe0, 0x0, 0x0,

    /* U+5C3D "尽" */
    0x3f, 0xf8, 0x80, 0x22, 0x0, 0x88, 0x2, 0x3f,
    0xf8, 0x81, 0x6, 0x2, 0x11, 0x8, 0x43, 0x12,
    0x3, 0x28, 0x0, 0x40, 0x0, 0xe, 0x0, 0x7,
    0x80,

    /* U+5C3E "尾" */
    0x3f, 0xfc, 0x40, 0x8, 0x80, 0x11, 0xff, 0xe2,
    0x1, 0x4, 0x3c, 0x9, 0xc0, 0x10, 0xf8, 0x3f,
    0x0, 0xc2, 0x39, 0x1f, 0x82, 0x48, 0x14, 0x10,
    0x30, 0x3f, 0xc0,

    /* U+5C3F "尿" */
    0x3f, 0xfc, 0x40, 0x8, 0x80, 0x11, 0xff, 0xe2,
    0x8, 0x4, 0x10, 0xf, 0xa2, 0x11, 0x68, 0x22,
    0xe0, 0xc9, 0x41, 0x22, 0x42, 0x84, 0x48, 0x8,
    0x70, 0x70, 0x0,

    /* U+5C40 "局" */
    0x3f, 0xf8, 0x80, 0x22, 0x0, 0x88, 0x2, 0x3f,
    0xf8, 0x80, 0x3, 0xff, 0xc8, 0x1, 0x6f, 0xe5,
    0x20, 0x94, 0x82, 0x63, 0xf9, 0x88, 0x4, 0x0,
    0xe0,

    /* U+5C41 "屁" */
    0x3f, 0xfc, 0x40, 0x8, 0x80, 0x11, 0x0, 0x23,
    0xff, 0xc5, 0x8, 0xa, 0x11, 0x17, 0xec, 0x28,
    0x60, 0xd0, 0x81, 0x21, 0x2, 0x42, 0x4, 0x94,
    0x33, 0xcf, 0xc0,

    /* U+5C42 "层" */
    0x3f, 0xfc, 0x40, 0x8, 0x80, 0x11, 0xff, 0xe2,
    0x0, 0x4, 0xff, 0x88, 0x0, 0x10, 0x0, 0x2f,
    0xfe, 0x42, 0x1, 0x88, 0x42, 0x10, 0x44, 0x40,
    0x91, 0xff, 0xa0, 0x0, 0x0,

    /* U+5C45 "居" */
    0x3f, 0xfc, 0x40, 0x8, 0x80, 0x11, 0xff, 0xe2,
    0x8, 0x4, 0x10, 0xf, 0xff, 0x90, 0x40, 0x20,
    0x80, 0xdf, 0xf1, 0x20, 0x22, 0x40, 0x44, 0x80,
    0x91, 0xff, 0x0,

    /* U+5C48 "屈" */
    0x3f, 0xfc, 0x80, 0x12, 0x0, 0x4f, 0xff, 0x20,
    0x80, 0x82, 0x12, 0x88, 0x4a, 0x21, 0x27, 0xfd,
    0x82, 0x4, 0x88, 0x12, 0x21, 0x48, 0x86, 0x3f,
    0xf0,

    /* U+5C4A "届" */
    0x3f, 0xfc, 0x80, 0x12, 0x0, 0x48, 0x1, 0x3f,
    0xfc, 0x82, 0x2, 0xff, 0xca, 0x21, 0x28, 0x85,
    0xbf, 0xf4, 0x88, 0x52, 0x21, 0x48, 0x86, 0x3f,
    0xf0,

    /* U+5C4B "屋" */
    0x3f, 0xfc, 0x40, 0x8, 0x80, 0x11, 0xff, 0xe2,
    0x0, 0x7, 0xff, 0xc8, 0x80, 0x16, 0x8, 0x2f,
    0xf8, 0x41, 0x9, 0xff, 0xf2, 0x4, 0x4, 0x8,
    0x17, 0xff, 0xe0, 0x0, 0x0,

    /* U+5C4C "屌" */
    0x3f, 0xfc, 0x80, 0x12, 0x0, 0x4f, 0xff, 0x20,
    0x0, 0x9f, 0xe2, 0x40, 0x89, 0x2, 0x23, 0xf1,
    0xbf, 0xf4, 0x88, 0x52, 0x21, 0x88, 0x86, 0x22,
    0x70,

    /* U+5C4E "屎" */
    0x3f, 0xfc, 0x40, 0x8, 0x80, 0x11, 0xff, 0xe2,
    0x8, 0x5, 0x11, 0xa, 0x24, 0x12, 0x40, 0x3f,
    0xfe, 0xc5, 0x81, 0xa, 0x82, 0x24, 0x89, 0x88,
    0xd4, 0x10, 0x40,

    /* U+5C4F "屏" */
    0x3f, 0xfc, 0x40, 0x8, 0x80, 0x11, 0xff, 0xe2,
    0x40, 0x84, 0x42, 0xf, 0xff, 0x91, 0x8, 0x22,
    0x10, 0xff, 0xfd, 0x8, 0x42, 0x20, 0x88, 0x81,
    0x12, 0x2, 0x0,

    /* U+5C51 "屑" */
    0x3f, 0xfe, 0x40, 0x4, 0x80, 0x9, 0xff, 0xf2,
    0x88, 0x44, 0x93, 0xb, 0xff, 0x14, 0x2, 0x28,
    0x4, 0xdf, 0xf9, 0x20, 0x12, 0x7f, 0xe8, 0x80,
    0x51, 0x3, 0x80,

    /* U+5C55 "展" */
    0x3f, 0xfc, 0x40, 0x8, 0x80, 0x11, 0xff, 0xe2,
    0x2, 0x4, 0x44, 0xb, 0xff, 0x11, 0x10, 0x3f,
    0xfe, 0xc9, 0x9, 0x11, 0x62, 0x21, 0x4, 0x49,
    0x11, 0xe1, 0x80,

    /* U+5C5E "属" */
    0x3f, 0xfc, 0x80, 0x12, 0x0, 0xf, 0xff, 0x2f,
    0xf0, 0x82, 0x2, 0xff, 0xca, 0x21, 0x2f, 0xfd,
    0x82, 0x4, 0x7f, 0x95, 0xfd, 0x90, 0xe, 0x0,
    0x70,

    /* U+5C60 "屠" */
    0x3f, 0xfc, 0x40, 0x8, 0x80, 0x11, 0xff, 0xe2,
    0x8, 0x85, 0xfe, 0x8, 0x28, 0x1f, 0xff, 0x21,
    0x0, 0xc7, 0xf1, 0x38, 0x22, 0x9f, 0xc4, 0x20,
    0x90, 0x7f, 0x0,

    /* U+5C61 "屡" */
    0x3f, 0xfc, 0x40, 0x8, 0x80, 0x11, 0xff, 0xe2,
    0x9, 0x4, 0x90, 0xf, 0xff, 0x11, 0x50, 0x24,
    0x90, 0x70, 0x1d, 0xff, 0xfa, 0x21, 0x4, 0x66,
    0x10, 0x3c, 0x27, 0xc7, 0x0,

    /* U+5C65 "履" */
    0x3f, 0xfc, 0x40, 0x8, 0x80, 0x11, 0xff, 0xc2,
    0x8f, 0xe6, 0x60, 0x9, 0x7f, 0x14, 0xfe, 0x39,
    0x4, 0xd1, 0xf1, 0x23, 0xf2, 0x4c, 0x4c, 0xa7,
    0x11, 0x30, 0xc0,

    /* U+5C71 "山" */
    0x2, 0x0, 0x20, 0x2, 0x8, 0x21, 0x82, 0x18,
    0x21, 0x82, 0x18, 0x21, 0x82, 0x18, 0x21, 0x82,
    0x18, 0x21, 0xff, 0xf0, 0x1,

    /* U+5C81 "岁" */
    0x0, 0x8, 0x41, 0x84, 0x18, 0x41, 0xff, 0xf0,
    0x80, 0x10, 0x1, 0xfe, 0x60, 0x28, 0x4, 0x8,
    0x40, 0x48, 0x3, 0x0, 0x40, 0x78, 0x0,

    /* U+5C82 "岂" */
    0x82, 0x4, 0x10, 0xa0, 0x85, 0xff, 0xe0, 0x0,
    0x0, 0x3, 0xff, 0xc0, 0x2, 0x0, 0x10, 0x0,
    0xbf, 0xfd, 0x0, 0x8, 0x0, 0x40, 0x5, 0xff,
    0xe0,

    /* U+5C94 "岔" */
    0x0, 0x40, 0x10, 0x40, 0x40, 0x43, 0x0, 0x49,
    0xff, 0x60, 0x82, 0x1, 0x4, 0xc, 0x8, 0x60,
    0x70, 0x0, 0x0, 0x4, 0x1, 0x8, 0x42, 0x10,
    0x84, 0x21, 0xf, 0xfe, 0x0,

    /* U+5C9B "岛" */
    0x0, 0x0, 0x20, 0xf, 0xf8, 0x80, 0x44, 0xc4,
    0x21, 0x21, 0x7, 0x8, 0x0, 0x3f, 0xfc, 0x44,
    0x62, 0x23, 0x11, 0x1f, 0xf8, 0x80, 0x4c, 0x1,
    0xc0,

    /* U+5CA9 "岩" */
    0x0, 0x1, 0x8, 0x24, 0x20, 0x9f, 0xfe, 0x0,
    0x3, 0xff, 0xf0, 0x80, 0x4, 0x0, 0x10, 0x0,
    0xff, 0xe5, 0x0, 0xa4, 0x2, 0x10, 0x8, 0x7f,
    0xe0,

    /* U+5CB8 "岸" */
    0x1, 0x1, 0x4, 0x24, 0x10, 0x9f, 0xfe, 0x0,
    0x1, 0xff, 0xf4, 0x0, 0x10, 0x0, 0x5f, 0xf9,
    0x2, 0x7, 0xff, 0xe0, 0x20, 0x80, 0x82, 0x2,
    0x0, 0x8, 0x0,

    /* U+5CE1 "峡" */
    0x20, 0x40, 0x81, 0x2, 0x4, 0x2a, 0xff, 0xaa,
    0x4a, 0xa9, 0x2a, 0x85, 0x2a, 0x10, 0xab, 0xfa,
    0xa2, 0x8a, 0x8a, 0x36, 0x44, 0x2, 0x8, 0x10,
    0x10,

    /* U+5CED "峭" */
    0x20, 0x20, 0x44, 0x48, 0x84, 0xa5, 0x41, 0xa,
    0x82, 0x15, 0x7b, 0xaa, 0x81, 0x55, 0xfe, 0xaa,
    0x5, 0x54, 0xa, 0xaf, 0xf6, 0xd0, 0x20, 0x20,
    0x40, 0x41, 0x80,

    /* U+5CF0 "峰" */
    0x21, 0x0, 0x87, 0xe2, 0x31, 0x2b, 0x44, 0xa8,
    0xa2, 0xa3, 0x8a, 0xb5, 0xaa, 0xfe, 0xa8, 0x42,
    0xaf, 0xea, 0x84, 0x3f, 0xff, 0x0, 0x40, 0x1,
    0x0,

    /* U+5CFB "峻" */
    0x20, 0x40, 0x82, 0x2, 0x11, 0x28, 0xfe, 0xb0,
    0x12, 0xc4, 0x2b, 0x28, 0x6d, 0x40, 0xb1, 0xfa,
    0xcc, 0x4b, 0x4a, 0x38, 0x10, 0x0, 0xa0, 0x1c,
    0x70,

    /* U+5D07 "崇" */
    0x1, 0x4, 0x82, 0x8, 0xff, 0xf0, 0x0, 0x7,
    0xff, 0xe8, 0x0, 0x57, 0xfc, 0x80, 0x0, 0x0,
    0x0, 0xff, 0xfc, 0x4, 0x40, 0x88, 0x42, 0x10,
    0x69, 0xe0, 0x0,

    /* U+5D16 "崖" */
    0x1, 0x1, 0x4, 0x24, 0x10, 0x9f, 0xfe, 0x0,
    0x1, 0xff, 0xf4, 0x8, 0x17, 0xfe, 0x40, 0x81,
    0x7f, 0xe4, 0x0, 0x10, 0x20, 0x9f, 0xfa, 0x2,
    0xb, 0xff, 0xc0,

    /* U+5D29 "崩" */
    0x0, 0x1, 0x8, 0x14, 0x20, 0x5f, 0xff, 0x0,
    0x1, 0xf3, 0xf4, 0x48, 0x51, 0x21, 0x7c, 0xfd,
    0x12, 0x14, 0x48, 0x5f, 0x3f, 0x45, 0x86, 0x14,
    0x19, 0xd1, 0xc0,

    /* U+5D2D "崭" */
    0x2, 0x2, 0x8, 0x27, 0xff, 0x84, 0x0, 0xfe,
    0xf0, 0x82, 0x4, 0x8, 0x14, 0x3f, 0xfe, 0x90,
    0x42, 0x41, 0x9, 0x3f, 0x44, 0x11, 0x10, 0x8,
    0x40,

    /* U+5D4C "嵌" */
    0x0, 0x1, 0x8, 0x24, 0x20, 0x9f, 0xfe, 0x44,
    0x1, 0x12, 0xf, 0xff, 0xd1, 0x41, 0x45, 0x29,
    0x14, 0xa7, 0xc2, 0x11, 0x18, 0x44, 0x51, 0xf2,
    0x44, 0x50, 0x80,

    /* U+5DDD "川" */
    0x20, 0x4, 0x84, 0x12, 0x10, 0x48, 0x41, 0x21,
    0x4, 0x84, 0x12, 0x10, 0x48, 0x41, 0x21, 0x4,
    0x84, 0x14, 0x10, 0x50, 0x41, 0x80, 0x4,

    /* U+5DE1 "巡" */
    0x42, 0x48, 0x48, 0x90, 0x12, 0x40, 0x44, 0x80,
    0x92, 0x1d, 0x24, 0xa, 0x24, 0x12, 0x48, 0x24,
    0x48, 0x44, 0x90, 0x88, 0x93, 0x11, 0x2d, 0x80,
    0x10, 0xff, 0x80,

    /* U+5DE5 "工" */
    0x7f, 0xfc, 0x2, 0x0, 0x4, 0x0, 0x8, 0x0,
    0x10, 0x0, 0x20, 0x0, 0x40, 0x0, 0x80, 0x1,
    0x0, 0x2, 0x0, 0x4, 0x7, 0xff, 0xf0,

    /* U+5DE6 "左" */
    0x4, 0x0, 0x20, 0x0, 0x80, 0x3f, 0xfe, 0x8,
    0x0, 0x40, 0x1, 0x0, 0x7, 0xfe, 0x20, 0x80,
    0x82, 0x4, 0x8, 0x20, 0x20, 0x80, 0x80, 0xff,
    0xf0,

    /* U+5DE7 "巧" */
    0x1, 0xfd, 0xfd, 0x0, 0x42, 0x0, 0x84, 0x1,
    0x10, 0x2, 0x1f, 0xc4, 0x0, 0x88, 0x1, 0x14,
    0x2, 0xd0, 0x8, 0x0, 0x10, 0x0, 0x20, 0x7,
    0x80,

    /* U+5DE8 "巨" */
    0xff, 0xf8, 0x0, 0x80, 0x8, 0x0, 0xff, 0xc8,
    0x4, 0x80, 0x48, 0x4, 0x80, 0x4f, 0xfc, 0x80,
    0x8, 0x0, 0x80, 0xf, 0xff,

    /* U+5DEB "巫" */
    0x7f, 0xfc, 0x2, 0x0, 0x44, 0x40, 0x88, 0x81,
    0x12, 0x2, 0x22, 0xa, 0x4a, 0x22, 0xa2, 0x81,
    0x84, 0x2, 0x0, 0x4, 0x7, 0xff, 0xf0,

    /* U+5DEE "差" */
    0x10, 0x20, 0x21, 0x7, 0xff, 0x80, 0x80, 0x7f,
    0xf8, 0x10, 0x0, 0x40, 0x3f, 0xff, 0x8, 0x0,
    0x5f, 0xe2, 0x8, 0x10, 0x20, 0x9f, 0xfc,

    /* U+5DF1 "己" */
    0xff, 0xe0, 0x1, 0x0, 0x8, 0x0, 0x40, 0x2,
    0x0, 0x13, 0xff, 0x90, 0x4, 0x80, 0x4, 0x0,
    0x20, 0x3, 0x0, 0x18, 0x0, 0xff, 0xf8,

    /* U+5DF2 "已" */
    0xff, 0xf0, 0x0, 0x44, 0x1, 0x10, 0x4, 0x40,
    0x11, 0xff, 0xc4, 0x1, 0x10, 0x0, 0x40, 0x1,
    0x0, 0x14, 0x0, 0x50, 0x1, 0x7f, 0xf8,

    /* U+5DF4 "巴" */
    0xff, 0xf4, 0x20, 0xa1, 0x5, 0x8, 0x28, 0x41,
    0x7f, 0xfa, 0x0, 0x50, 0x0, 0x80, 0x4, 0x0,
    0x20, 0x3, 0x0, 0x1f, 0xff, 0x0,

    /* U+5DF7 "巷" */
    0x8, 0x40, 0x10, 0x81, 0xff, 0xe0, 0x42, 0x0,
    0x84, 0x1f, 0xff, 0x82, 0x10, 0xf, 0xf0, 0x10,
    0x30, 0xe0, 0x5e, 0x7f, 0x80, 0x80, 0x41, 0x0,
    0x83, 0xff, 0x0,

    /* U+5E01 "币" */
    0x0, 0x3f, 0xfe, 0x0, 0x80, 0x4, 0x7, 0xff,
    0x21, 0x9, 0x8, 0x48, 0x42, 0x42, 0x12, 0x10,
    0x90, 0x84, 0x84, 0xe0, 0x20, 0x1, 0x0,

    /* U+5E02 "市" */
    0x2, 0x0, 0x2, 0x0, 0x0, 0x7, 0xff, 0xf0,
    0x10, 0x0, 0x20, 0xf, 0xfe, 0x10, 0x84, 0x21,
    0x8, 0x42, 0x10, 0x84, 0x21, 0x8, 0x42, 0x13,
    0x80, 0x20, 0x0, 0x40, 0x0,

    /* U+5E03 "布" */
    0x4, 0x0, 0x10, 0xf, 0xff, 0xc2, 0x0, 0x11,
    0x0, 0x44, 0x3, 0xff, 0x98, 0x42, 0xa1, 0x8,
    0x84, 0x22, 0x10, 0x88, 0x42, 0x1, 0x38, 0x4,
    0x0,

    /* U+5E05 "帅" */
    0x10, 0x40, 0x82, 0x24, 0x11, 0x2f, 0xf9, 0x44,
    0xca, 0x26, 0x51, 0x32, 0x89, 0x94, 0x48, 0xa2,
    0x49, 0x12, 0x48, 0xb4, 0x4, 0x40, 0x20,

    /* U+5E08 "师" */
    0x20, 0x1, 0x7f, 0xe8, 0x21, 0x41, 0xa, 0x7f,
    0xd2, 0x46, 0x92, 0x34, 0x91, 0xa4, 0x89, 0x24,
    0x49, 0x22, 0x89, 0x74, 0x8, 0x40, 0x40,

    /* U+5E0C "希" */
    0x30, 0x20, 0x3b, 0x0, 0x38, 0x7, 0x1c, 0x24,
    0x3, 0xff, 0xf0, 0x90, 0x4, 0x40, 0x3f, 0xf9,
    0x84, 0x2a, 0x10, 0x88, 0x42, 0x21, 0x38, 0x4,
    0x0,

    /* U+5E10 "帐" */
    0x21, 0x4, 0x42, 0x10, 0x84, 0x47, 0xc9, 0xa,
    0x94, 0x15, 0x20, 0x2b, 0xff, 0xd4, 0xa0, 0xa9,
    0x41, 0x52, 0x42, 0xe4, 0x85, 0x8, 0x82, 0x10,
    0x84, 0x38, 0x80,

    /* U+5E15 "帕" */
    0x20, 0x1, 0x2, 0x8, 0x11, 0xfb, 0xfa, 0x50,
    0xd2, 0x86, 0x94, 0x34, 0xbf, 0xa5, 0xd, 0x28,
    0x6b, 0x43, 0x42, 0x12, 0x1f, 0x90, 0x84,

    /* U+5E1C "帜" */
    0x20, 0x0, 0x87, 0xe2, 0x10, 0xbf, 0x42, 0xa5,
    0xa, 0x94, 0x2a, 0x50, 0xa9, 0x7e, 0xa4, 0x2,
    0x92, 0xa, 0xd1, 0x28, 0x42, 0x21, 0x8, 0x80,
    0x10,

    /* U+5E1D "帝" */
    0x0, 0x0, 0x8, 0xf, 0xff, 0xc4, 0x0, 0x10,
    0x40, 0x21, 0xf, 0xff, 0xe0, 0x81, 0xbf, 0xf4,
    0x88, 0x42, 0x21, 0x8, 0x84, 0x22, 0x10, 0x89,
    0xc0, 0x20, 0x0,

    /* U+5E26 "带" */
    0x2, 0x20, 0x88, 0x8f, 0xff, 0xc8, 0x88, 0x2,
    0x23, 0xff, 0xf8, 0x20, 0x60, 0x81, 0xbf, 0xf4,
    0x88, 0x42, 0x21, 0x8, 0x84, 0x22, 0x70, 0x8,
    0x0,

    /* U+5E2D "席" */
    0x0, 0x80, 0x0, 0x80, 0x3f, 0xff, 0x22, 0x10,
    0x22, 0x10, 0x3f, 0xfe, 0x22, 0x10, 0x22, 0x10,
    0x23, 0xf0, 0x20, 0x40, 0x2f, 0xfc, 0x68, 0x44,
    0x48, 0x44, 0x48, 0x44, 0x88, 0x5c,

    /* U+5E2E "帮" */
    0x0, 0x7f, 0xfe, 0x21, 0x9, 0x1f, 0xa4, 0x10,
    0x89, 0xfa, 0x22, 0xb, 0x88, 0x0, 0x40, 0x0,
    0xff, 0xe4, 0x20, 0x90, 0x82, 0x42, 0x38, 0x0,
    0x0,

    /* U+5E38 "常" */
    0x2, 0x1, 0x11, 0x0, 0x91, 0xff, 0xf8, 0x0,
    0xdf, 0xf6, 0x80, 0xa4, 0x4, 0x3f, 0xe0, 0x10,
    0x1f, 0xfc, 0x84, 0x24, 0x21, 0x21, 0x9, 0x9,
    0xc0,

    /* U+5E3D "帽" */
    0x23, 0xfc, 0x88, 0x12, 0x3f, 0x7e, 0x81, 0xab,
    0xf6, 0xa8, 0x1a, 0x80, 0x2a, 0xbe, 0xa9, 0xfa,
    0xa8, 0x2b, 0xa0, 0x88, 0x7e, 0x22, 0x8, 0x87,
    0xe0,

    /* U+5E45 "幅" */
    0x23, 0xfc, 0x80, 0x2, 0x0, 0x3e, 0x7e, 0xaa,
    0xa, 0xa7, 0xea, 0x80, 0x2a, 0x0, 0xab, 0xfe,
    0xa9, 0x1b, 0xbf, 0xc8, 0x91, 0x22, 0x44, 0x8f,
    0xf0,

    /* U+5E55 "幕" */
    0x8, 0x41, 0xff, 0xf8, 0x21, 0x1, 0xff, 0xc2,
    0x0, 0x87, 0xff, 0xf, 0xfe, 0x2, 0x0, 0xff,
    0xfe, 0x22, 0x21, 0xff, 0xe5, 0x8, 0xb2, 0x11,
    0x4, 0x2e, 0x0,

    /* U+5E72 "干" */
    0x7f, 0xfc, 0x2, 0x0, 0x4, 0x0, 0x8, 0x0,
    0x10, 0x1f, 0xff, 0xc0, 0x40, 0x0, 0x80, 0x1,
    0x0, 0x2, 0x0, 0x4, 0x0, 0x8, 0x0, 0x10,
    0x0,

    /* U+5E73 "平" */
    0x7f, 0xfc, 0x2, 0x0, 0x84, 0x40, 0x88, 0x81,
    0x12, 0x0, 0x20, 0x3f, 0xff, 0x80, 0x80, 0x1,
    0x0, 0x2, 0x0, 0x4, 0x0, 0x8, 0x0, 0x10,
    0x0,

    /* U+5E74 "年" */
    0x8, 0x0, 0x20, 0x0, 0x7f, 0xf9, 0x4, 0x4,
    0x8, 0x13, 0xff, 0x84, 0x20, 0x8, 0x40, 0x10,
    0x81, 0xff, 0xfc, 0x2, 0x0, 0x4, 0x0, 0x8,
    0x0, 0x10, 0x0,

    /* U+5E76 "并" */
    0x0, 0x10, 0x20, 0x20, 0x20, 0x80, 0x2, 0x7,
    0xff, 0xc1, 0x4, 0x2, 0x8, 0x4, 0x10, 0xff,
    0xfe, 0x10, 0x40, 0x20, 0x80, 0x81, 0x1, 0x2,
    0x4, 0x4, 0x20, 0x8, 0x0,

    /* U+5E78 "幸" */
    0x1, 0x0, 0x2, 0x0, 0xff, 0xe0, 0x8, 0x0,
    0x10, 0x1f, 0xff, 0xc4, 0x4, 0x8, 0x10, 0x8,
    0x20, 0xff, 0xf8, 0x4, 0x3, 0xff, 0xf0, 0x10,
    0x0, 0x20, 0x0, 0x40, 0x0,

    /* U+5E7B "幻" */
    0x10, 0x0, 0x40, 0x2, 0x1f, 0xc8, 0x1, 0x40,
    0x5, 0x10, 0x18, 0x40, 0x7e, 0x1, 0x10, 0x4,
    0x40, 0x12, 0x40, 0x51, 0x1, 0x4e, 0x6, 0xc8,
    0x30, 0x7, 0x80,

    /* U+5E7C "幼" */
    0x0, 0x20, 0x40, 0x82, 0x2, 0x8, 0x8, 0x41,
    0xfd, 0x10, 0x98, 0x42, 0x5e, 0x9, 0x8, 0x24,
    0x51, 0x92, 0x44, 0x48, 0x91, 0x5e, 0x86, 0x82,
    0x10, 0x11, 0xc0,

    /* U+5E7D "幽" */
    0x2, 0x4, 0x92, 0x64, 0x93, 0x45, 0x1a, 0xa9,
    0xfd, 0x76, 0x48, 0xb2, 0x49, 0xaa, 0x9d, 0x7d,
    0xe4, 0x93, 0x4, 0x1f, 0xff, 0x80, 0x4,

    /* U+5E7F "广" */
    0x0, 0x80, 0x0, 0x0, 0xff, 0xf9, 0x0, 0x2,
    0x0, 0x4, 0x0, 0x8, 0x0, 0x10, 0x0, 0x20,
    0x0, 0x40, 0x1, 0x80, 0x2, 0x0, 0x4, 0x0,
    0x10, 0x0, 0x20, 0x0, 0x0,

    /* U+5E84 "庄" */
    0x1, 0x0, 0x1, 0x0, 0xff, 0xf9, 0x4, 0x2,
    0x8, 0x4, 0x10, 0x8, 0x20, 0x1f, 0xfe, 0x20,
    0x80, 0x41, 0x0, 0x82, 0x3, 0x4, 0x4, 0x8,
    0xf, 0xff, 0xe0, 0x0, 0x0,

    /* U+5E86 "庆" */
    0x0, 0x80, 0x0, 0x40, 0x3f, 0xff, 0x20, 0x40,
    0x20, 0x40, 0x20, 0x40, 0x2f, 0xfe, 0x20, 0x40,
    0x20, 0xc0, 0x20, 0xa0, 0x61, 0x20, 0x61, 0x10,
    0x42, 0x8, 0x44, 0x6, 0x88, 0x0,

    /* U+5E8A "床" */
    0x0, 0x80, 0x0, 0x40, 0x3f, 0xff, 0x20, 0x40,
    0x20, 0x40, 0x20, 0x40, 0x2f, 0xff, 0x20, 0xc0,
    0x21, 0x60, 0x22, 0x50, 0x64, 0x48, 0x48, 0x44,
    0x50, 0x42, 0x0, 0x40,

    /* U+5E8F "序" */
    0x0, 0x80, 0x0, 0x80, 0x3f, 0xff, 0x20, 0x0,
    0x27, 0xf8, 0x22, 0x10, 0x21, 0xa0, 0x20, 0x60,
    0x3f, 0xfe, 0x20, 0x44, 0x20, 0x48, 0x60, 0x40,
    0x40, 0x40, 0x40, 0x40, 0x83, 0xc0,

    /* U+5E93 "库" */
    0x0, 0x0, 0x0, 0x80, 0x3f, 0xff, 0x20, 0x0,
    0x21, 0x0, 0x2f, 0xfc, 0x22, 0x0, 0x22, 0x0,
    0x24, 0x40, 0x27, 0xfc, 0x20, 0x40, 0x6f, 0xfe,
    0x40, 0x40, 0x40, 0x40, 0x80, 0x0,

    /* U+5E94 "应" */
    0x0, 0x80, 0x0, 0x40, 0x3f, 0xfe, 0x20, 0x0,
    0x20, 0x0, 0x20, 0x4, 0x24, 0x44, 0x24, 0x44,
    0x24, 0x48, 0x22, 0x8, 0x22, 0x10, 0x60, 0x10,
    0x40, 0x20, 0x4f, 0xff, 0x80, 0x0,

    /* U+5E95 "底" */
    0x0, 0x0, 0x1, 0x0, 0xff, 0xf9, 0x0, 0x2,
    0x7, 0x84, 0xf8, 0x9, 0x10, 0x12, 0x20, 0x27,
    0xfe, 0x48, 0x40, 0x90, 0x83, 0x25, 0x4, 0x45,
    0x28, 0xea, 0x60, 0x3, 0x80,

    /* U+5E97 "店" */
    0x1, 0x0, 0x1, 0x0, 0xff, 0xf9, 0x4, 0x2,
    0x8, 0x4, 0x1f, 0xc8, 0x20, 0x10, 0x40, 0x27,
    0xfc, 0x48, 0x8, 0x90, 0x12, 0x20, 0x24, 0x40,
    0x50, 0xff, 0x80,

    /* U+5E9C "府" */
    0x0, 0x0, 0x4, 0x7, 0xff, 0xd0, 0x4, 0x48,
    0x11, 0x20, 0x44, 0xbf, 0xd6, 0x4, 0x68, 0x11,
    0x24, 0x44, 0x89, 0x12, 0x4, 0xc8, 0x12, 0x20,
    0x48, 0x87, 0x0,

    /* U+5E9E "庞" */
    0x0, 0x0, 0x1, 0x0, 0xff, 0xf9, 0x9, 0x2,
    0x11, 0x4, 0x20, 0xf, 0xff, 0x10, 0xa0, 0x21,
    0x40, 0x44, 0x90, 0x89, 0x43, 0x13, 0x4, 0x4c,
    0x29, 0x28, 0x64, 0x1f, 0x80,

    /* U+5E9F "废" */
    0x0, 0x0, 0x2, 0x1, 0xff, 0xfa, 0x0, 0x4,
    0x90, 0xa, 0x22, 0x14, 0x82, 0x2f, 0xfe, 0x42,
    0x0, 0x87, 0xe1, 0x10, 0x46, 0x51, 0x9, 0x1c,
    0x14, 0x18, 0x21, 0xcf, 0x0,

    /* U+5EA6 "度" */
    0x0, 0x0, 0x1, 0x0, 0xff, 0xf9, 0x10, 0x82,
    0x21, 0x7, 0xff, 0xc8, 0x84, 0x11, 0x8, 0x23,
    0xf0, 0x40, 0x0, 0xff, 0xe3, 0x0, 0x44, 0x21,
    0x8, 0x3c, 0x10, 0x48, 0x4b, 0xf,

    /* U+5EA7 "座" */
    0x0, 0x0, 0x0, 0x40, 0x3f, 0xff, 0x20, 0x40,
    0x20, 0x48, 0x24, 0x48, 0x26, 0x4c, 0x29, 0x52,
    0x30, 0x61, 0x20, 0x40, 0x2f, 0xfe, 0x60, 0x40,
    0x40, 0x40, 0x40, 0x40, 0x9f, 0xff,

    /* U+5EAD "庭" */
    0x1, 0x0, 0x2, 0x1, 0xff, 0xfa, 0x0, 0x5,
    0xc3, 0x89, 0x3c, 0x12, 0x8, 0x28, 0x10, 0x5d,
    0xfc, 0x88, 0x41, 0x50, 0x82, 0xcf, 0xe8, 0x80,
    0x12, 0xc0, 0x28, 0x7f, 0x80,

    /* U+5EB7 "康" */
    0x1, 0x0, 0x1, 0x0, 0xff, 0xf9, 0x4, 0x3,
    0xff, 0xc4, 0x10, 0x8f, 0xff, 0x90, 0x42, 0x20,
    0x84, 0x7f, 0xf8, 0xa2, 0x3, 0x26, 0x64, 0x6b,
    0xf, 0x11, 0xe1, 0xe0, 0x0,

    /* U+5EC9 "廉" */
    0x0, 0x80, 0x0, 0x80, 0x3f, 0xff, 0x20, 0x0,
    0x22, 0x10, 0x3f, 0xfe, 0x21, 0x20, 0x27, 0xfc,
    0x3f, 0xfe, 0x21, 0x24, 0x21, 0x24, 0x6f, 0xfc,
    0x43, 0x30, 0x45, 0x28, 0x99, 0x26,

    /* U+5ECA "廊" */
    0x0, 0x80, 0x3f, 0xff, 0x20, 0x0, 0x2f, 0xbe,
    0x28, 0xa4, 0x28, 0xa4, 0x2f, 0xa8, 0x28, 0xa8,
    0x2f, 0xa4, 0x28, 0x22, 0x69, 0x22, 0x49, 0x22,
    0x4e, 0xac, 0x90, 0x20,

    /* U+5EF6 "延" */
    0x0, 0x5, 0xe0, 0xf0, 0x4e, 0x81, 0x1, 0x4,
    0x22, 0xf, 0x47, 0x84, 0x88, 0x9, 0x10, 0xd2,
    0x20, 0xa4, 0x40, 0x8f, 0xf9, 0x80, 0x4, 0xc0,
    0x10, 0x7f, 0xc0, 0x0, 0x0,

    /* U+5EFA "建" */
    0x0, 0x80, 0x1, 0x3, 0xdf, 0xe1, 0x4, 0x42,
    0xff, 0xc8, 0x11, 0x1d, 0xfe, 0x8, 0x40, 0x1f,
    0xf9, 0x21, 0x1, 0x82, 0x1, 0x7f, 0xe3, 0x8,
    0x9, 0x90, 0x20, 0xff, 0x0,

    /* U+5F00 "开" */
    0x7f, 0xfc, 0x10, 0x40, 0x20, 0x80, 0x41, 0x0,
    0x82, 0x1f, 0xff, 0xc2, 0x8, 0x4, 0x10, 0x10,
    0x20, 0x20, 0x40, 0x80, 0x81, 0x1, 0xc, 0x2,
    0x0,

    /* U+5F02 "异" */
    0x3f, 0xf8, 0x40, 0x10, 0x80, 0x21, 0xff, 0xc2,
    0x0, 0x4, 0x0, 0x8f, 0xff, 0x4, 0x10, 0x8,
    0x21, 0xff, 0xfc, 0x20, 0x80, 0x81, 0x2, 0x2,
    0x8, 0x4, 0x0,

    /* U+5F03 "弃" */
    0x2, 0x0, 0x8, 0xf, 0xff, 0xc1, 0x0, 0x8,
    0x40, 0x40, 0x83, 0xff, 0x0, 0x2, 0x0, 0x0,
    0x41, 0xf, 0xff, 0xc4, 0x10, 0x10, 0x40, 0x81,
    0xc, 0x0, 0x0,

    /* U+5F04 "弄" */
    0x7f, 0xfc, 0x2, 0x0, 0x4, 0x1, 0xff, 0xc0,
    0x10, 0x1f, 0xff, 0xc0, 0x0, 0x4, 0x10, 0x8,
    0x21, 0xff, 0xfc, 0x20, 0x80, 0x81, 0x2, 0x2,
    0x18, 0x4, 0x0,

    /* U+5F0A "弊" */
    0x10, 0x41, 0x5a, 0x1, 0xf, 0xff, 0xa2, 0x93,
    0x8a, 0x49, 0x49, 0x22, 0x24, 0x94, 0x96, 0x8c,
    0x0, 0x0, 0x4, 0x3f, 0xff, 0x10, 0x40, 0x81,
    0xc, 0x4, 0x0,

    /* U+5F0F "式" */
    0x0, 0x80, 0x2, 0x60, 0x8, 0x3f, 0xff, 0x0,
    0x80, 0x2, 0xf, 0xf8, 0x4, 0x10, 0x10, 0x40,
    0x41, 0x1, 0x4, 0x1, 0x89, 0x78, 0x14, 0x0,
    0x30,

    /* U+5F13 "弓" */
    0xff, 0xe0, 0x2, 0x0, 0x20, 0x2, 0x7f, 0xe8,
    0x0, 0x80, 0x8, 0x0, 0xff, 0xf0, 0x1, 0x0,
    0x10, 0x1, 0x0, 0x20, 0x3e,

    /* U+5F15 "引" */
    0xfe, 0x10, 0x21, 0x2, 0x10, 0x21, 0xfe, 0x18,
    0x1, 0x80, 0x1f, 0xe1, 0x2, 0x10, 0x21, 0x2,
    0x10, 0x21, 0x4, 0x13, 0xc1,

    /* U+5F17 "弗" */
    0x4, 0x40, 0x11, 0xf, 0xff, 0x81, 0x12, 0x4,
    0x49, 0xff, 0xe4, 0x44, 0x11, 0x10, 0x7f, 0xfc,
    0x11, 0x10, 0x84, 0x44, 0x12, 0x20, 0x5b, 0x1,
    0x0,

    /* U+5F1F "弟" */
    0x20, 0x21, 0x2, 0x4, 0x11, 0xff, 0xf0, 0x20,
    0x81, 0x5, 0xff, 0xf0, 0x40, 0x82, 0x7, 0xff,
    0xc1, 0x82, 0x14, 0x11, 0x20, 0xb1, 0x3e, 0x8,
    0x0,

    /* U+5F20 "张" */
    0xf2, 0x8, 0x48, 0x41, 0x22, 0x4, 0x90, 0xf2,
    0x82, 0x8, 0x8, 0x7f, 0xbc, 0x90, 0x12, 0x40,
    0x49, 0x81, 0x22, 0x4, 0x84, 0x32, 0xcb, 0x9c,
    0x10,

    /* U+5F25 "弥" */
    0x1, 0x3, 0xc8, 0x1, 0x20, 0x4, 0xff, 0x16,
    0x4b, 0xd1, 0x28, 0x44, 0x20, 0x14, 0xf2, 0x48,
    0x49, 0x21, 0x44, 0x45, 0x11, 0x10, 0x40, 0x41,
    0xe, 0x1c, 0x0,

    /* U+5F26 "弦" */
    0x0, 0x83, 0xc1, 0x1, 0x0, 0x5, 0xff, 0x10,
    0x83, 0xc4, 0x8, 0x11, 0x20, 0x88, 0xf5, 0xa0,
    0x41, 0x1, 0x9, 0x4, 0x44, 0x12, 0x8, 0x57,
    0xdf, 0x0, 0x0,

    /* U+5F27 "弧" */
    0x0, 0xf, 0xcf, 0xc1, 0x29, 0x4, 0xa4, 0x12,
    0x93, 0xca, 0x48, 0x29, 0x20, 0xa6, 0xf2, 0x88,
    0x4a, 0x21, 0x2c, 0x85, 0x4a, 0x15, 0x34, 0x57,
    0x5f, 0x80, 0x0,

    /* U+5F2F "弯" */
    0x1, 0x0, 0x2, 0x3, 0xff, 0xf8, 0x22, 0x2,
    0x44, 0x8, 0x89, 0x11, 0x11, 0x0, 0x0, 0x1f,
    0xf0, 0x7f, 0xe1, 0x0, 0x2, 0x0, 0x7, 0xff,
    0xc0, 0x1, 0x0, 0x3e, 0x0,

    /* U+5F31 "弱" */
    0xfe, 0xfc, 0x8, 0x10, 0x20, 0x5f, 0xbf, 0x40,
    0x81, 0x2, 0x7, 0xef, 0xc0, 0x81, 0x22, 0x64,
    0x68, 0x50, 0xa1, 0x7c, 0xf9, 0x6, 0x4, 0x70,
    0xe0,

    /* U+5F39 "弹" */
    0x1, 0x5, 0xf2, 0x10, 0x22, 0x20, 0x40, 0x80,
    0xbf, 0xee, 0x44, 0x50, 0xff, 0xa1, 0x11, 0x42,
    0x22, 0x57, 0xfc, 0x20, 0x80, 0x7f, 0xf0, 0x82,
    0x1, 0x4, 0x1c, 0x8, 0x0,

    /* U+5F3A "强" */
    0xfb, 0xfc, 0x14, 0x8, 0x28, 0x10, 0x50, 0x2f,
    0x9f, 0x90, 0x8, 0x20, 0xff, 0x42, 0x22, 0x7c,
    0x44, 0x17, 0xf8, 0x21, 0x0, 0x42, 0x41, 0x84,
    0x4e, 0x37, 0x40,

    /* U+5F52 "归" */
    0x10, 0x0, 0x80, 0x24, 0x7f, 0x20, 0x19, 0x0,
    0xc8, 0x6, 0x40, 0x32, 0x3f, 0x90, 0x8, 0x80,
    0x44, 0x2, 0x40, 0x12, 0x7f, 0xa0, 0x4,

    /* U+5F53 "当" */
    0x2, 0x0, 0x21, 0x42, 0x12, 0x22, 0x2, 0x40,
    0x20, 0xff, 0xf0, 0x1, 0x0, 0x10, 0x1, 0x7f,
    0xf0, 0x1, 0x0, 0x10, 0x1, 0xff, 0xf0,

    /* U+5F55 "录" */
    0x3f, 0xf0, 0x0, 0x20, 0x0, 0x41, 0xff, 0x80,
    0x1, 0x0, 0x2, 0x3f, 0xff, 0x80, 0x80, 0x31,
    0x10, 0x13, 0x40, 0x1d, 0x0, 0xc9, 0x86, 0x10,
    0xe0, 0xe0, 0x0,

    /* U+5F62 "形" */
    0x0, 0x5, 0xff, 0x10, 0x88, 0x41, 0x13, 0x2,
    0x20, 0x4, 0x40, 0xbf, 0xe2, 0x11, 0x8, 0x22,
    0x60, 0x44, 0x5, 0x8, 0x12, 0x10, 0x48, 0x21,
    0x10, 0x4c, 0x0,

    /* U+5F64 "彤" */
    0x0, 0x0, 0x7e, 0x8, 0x84, 0x21, 0x8, 0x82,
    0x96, 0x4, 0x20, 0x88, 0x42, 0x7f, 0xc4, 0x21,
    0x30, 0x42, 0x4, 0x84, 0x11, 0x8, 0x26, 0x10,
    0x88, 0x22, 0x30, 0xd8, 0x0,

    /* U+5F69 "彩" */
    0x3, 0x82, 0x3c, 0x4, 0x0, 0x98, 0x24, 0xa0,
    0x21, 0x0, 0x4, 0x2, 0x4, 0x4, 0x7f, 0xc8,
    0xe, 0x30, 0x15, 0x1, 0x24, 0x82, 0x44, 0x4,
    0x4, 0x8, 0x4, 0x30,

    /* U+5F6A "彪" */
    0x10, 0x8, 0x1e, 0x20, 0x40, 0x83, 0xfa, 0x4,
    0x10, 0x8b, 0x82, 0x14, 0x8, 0x27, 0x82, 0x40,
    0x8, 0xbc, 0x11, 0x48, 0xc6, 0x92, 0x1b, 0x20,
    0x34, 0x7f, 0xc0,

    /* U+5F6C "彬" */
    0x21, 0x0, 0x42, 0x8, 0x84, 0x21, 0x8, 0x4f,
    0xfd, 0x4, 0x24, 0x8, 0x41, 0x39, 0xc4, 0x6d,
    0x49, 0x4a, 0x62, 0x94, 0x9, 0x48, 0x22, 0x10,
    0x84, 0x22, 0x8, 0x58, 0x0,

    /* U+5F71 "影" */
    0x7e, 0xa, 0x8, 0x47, 0xe2, 0x20, 0x90, 0x7e,
    0x0, 0x0, 0x27, 0xe1, 0x1f, 0x88, 0x82, 0x41,
    0xf8, 0x21, 0x0, 0x94, 0x84, 0x90, 0x60, 0xc2,
    0x0,

    /* U+5F7B "彻" */
    0x12, 0x0, 0x44, 0xfd, 0x8, 0x4c, 0x10, 0x91,
    0x31, 0x24, 0xc2, 0x58, 0x84, 0xd1, 0x9, 0x22,
    0x12, 0x46, 0x44, 0x88, 0x89, 0x2, 0x12, 0x8,
    0x24, 0x21, 0x80,

    /* U+5F7C "彼" */
    0x0, 0x40, 0x81, 0x4, 0x4, 0x11, 0xff, 0x94,
    0x44, 0x91, 0x12, 0x44, 0x19, 0xfe, 0xa6, 0x8,
    0x94, 0x42, 0x51, 0xb, 0x28, 0x28, 0x40, 0xa6,
    0x82, 0x61, 0xc0,

    /* U+5F80 "往" */
    0x8, 0x40, 0x10, 0x20, 0x20, 0x0, 0x3, 0xff,
    0x8, 0x20, 0x10, 0x20, 0x30, 0x20, 0x53, 0xfe,
    0x10, 0x20, 0x10, 0x20, 0x10, 0x20, 0x10, 0x20,
    0x10, 0x20, 0x17, 0xff,

    /* U+5F81 "征" */
    0x8, 0x0, 0x13, 0xfe, 0x20, 0x20, 0x0, 0x20,
    0x8, 0x20, 0x11, 0x20, 0x11, 0x20, 0x71, 0x3e,
    0x91, 0x20, 0x11, 0x20, 0x11, 0x20, 0x11, 0x20,
    0x11, 0x20, 0x17, 0xff,

    /* U+5F84 "径" */
    0x10, 0x0, 0x9f, 0xc4, 0x1, 0x20, 0x8, 0x10,
    0x40, 0x87, 0x2, 0x23, 0x9b, 0x1, 0xa0, 0x2,
    0x9f, 0xe2, 0x8, 0x8, 0x20, 0x20, 0x80, 0x82,
    0x2, 0xff, 0xc0,

    /* U+5F85 "待" */
    0x8, 0x20, 0x10, 0x20, 0x23, 0xfe, 0x40, 0x20,
    0x8, 0x20, 0x17, 0xff, 0x30, 0x8, 0x50, 0x8,
    0x17, 0xfe, 0x10, 0x8, 0x11, 0x8, 0x10, 0x88,
    0x10, 0x8, 0x10, 0x38,

    /* U+5F88 "很" */
    0x8, 0x0, 0x27, 0xf8, 0x88, 0x12, 0x10, 0x21,
    0x3f, 0xc2, 0x40, 0x84, 0x81, 0x39, 0xfe, 0x92,
    0x40, 0x24, 0x84, 0x48, 0xb0, 0x91, 0x81, 0x21,
    0x2, 0x49, 0x5, 0xe1, 0x80,

    /* U+5F8A "徊" */
    0x10, 0x0, 0x9f, 0xf6, 0x40, 0x51, 0x1, 0x94,
    0x4, 0x93, 0xd4, 0x51, 0x79, 0x45, 0x25, 0x14,
    0x94, 0x52, 0x4f, 0x49, 0x1, 0x24, 0x4, 0x9f,
    0xf2, 0x40, 0x40,

    /* U+5F8B "律" */
    0x0, 0x40, 0x40, 0x81, 0x9f, 0xf4, 0x2, 0x20,
    0x4, 0x42, 0xff, 0xcc, 0x11, 0x2b, 0xfe, 0x90,
    0x40, 0x2f, 0xf8, 0x41, 0x0, 0x82, 0x1, 0xff,
    0xe2, 0x8, 0x4, 0x10, 0x0,

    /* U+5F92 "徒" */
    0x10, 0x20, 0x20, 0x20, 0x43, 0xfe, 0x8, 0x20,
    0x10, 0x20, 0x17, 0xff, 0x70, 0x20, 0x10, 0x20,
    0x12, 0x3e, 0x12, 0x20, 0x12, 0x20, 0x15, 0x20,
    0x14, 0xe0, 0x18, 0x3f,

    /* U+5F97 "得" */
    0x13, 0xfc, 0x22, 0x4, 0x43, 0xfc, 0xa, 0x4,
    0x12, 0x4, 0x13, 0xfc, 0x30, 0x0, 0x57, 0xfe,
    0x10, 0x8, 0x17, 0xff, 0x10, 0x8, 0x10, 0x88,
    0x10, 0x8, 0x10, 0x38,

    /* U+5F98 "徘" */
    0x1, 0x20, 0x42, 0x41, 0x4, 0x84, 0x79, 0xe0,
    0x12, 0x4, 0x24, 0x10, 0x48, 0x37, 0x9e, 0xa1,
    0x20, 0x42, 0x40, 0xfc, 0xf9, 0x9, 0x2, 0x12,
    0x4, 0x24, 0x8, 0x48, 0x0,

    /* U+5FA1 "御" */
    0x4, 0x0, 0x48, 0x3d, 0x1f, 0x4c, 0x48, 0x93,
    0x11, 0x24, 0x22, 0x4b, 0xfc, 0xf0, 0x89, 0xa9,
    0x12, 0x53, 0xa4, 0xa4, 0x49, 0x48, 0x92, 0x91,
    0x65, 0x3a, 0x9, 0x84, 0x0,

    /* U+5FAA "循" */
    0x20, 0x18, 0x8f, 0xc2, 0x10, 0x80, 0xbf, 0xf2,
    0x42, 0x4, 0x88, 0x39, 0xff, 0x53, 0x2, 0x27,
    0xfc, 0x4c, 0x8, 0x9f, 0xf1, 0x70, 0x22, 0xa0,
    0x45, 0x7f, 0x80,

    /* U+5FAE "微" */
    0x21, 0x10, 0x92, 0x42, 0x26, 0x81, 0x4d, 0xf2,
    0x7a, 0x24, 0xc, 0xbb, 0xf5, 0x50, 0xa, 0x27,
    0x94, 0x49, 0x30, 0x92, 0x21, 0x26, 0xc2, 0x8a,
    0x46, 0x8, 0x40,

    /* U+5FB7 "德" */
    0x0, 0x0, 0x20, 0x80, 0x9f, 0xfa, 0x2, 0x0,
    0xbf, 0xc2, 0x92, 0x85, 0x25, 0x19, 0xfe, 0x50,
    0x0, 0x2f, 0xfc, 0x41, 0x0, 0x88, 0x21, 0x50,
    0x42, 0xa1, 0x44, 0x3c, 0x0,

    /* U+5FBD "徽" */
    0x12, 0x10, 0x2a, 0x90, 0x4a, 0x90, 0x8a, 0x9e,
    0x1f, 0xa4, 0x20, 0x34, 0x6f, 0xd4, 0xa0, 0x54,
    0x2f, 0x14, 0x22, 0x98, 0x2f, 0x88, 0x22, 0x8,
    0x22, 0x98, 0x22, 0x24, 0x26, 0x22,

    /* U+5FC3 "心" */
    0x4, 0x0, 0x4, 0x0, 0x4, 0x0, 0x4, 0x0,
    0x80, 0x1, 0x0, 0x12, 0x1, 0x24, 0x2, 0x88,
    0x5, 0x10, 0x26, 0x20, 0x48, 0x40, 0x80, 0x81,
    0x1, 0xfc, 0x0,

    /* U+5FC5 "必" */
    0x4, 0x0, 0x2, 0x0, 0x1, 0x88, 0x0, 0x48,
    0x4, 0x10, 0x24, 0x20, 0x24, 0x24, 0x44, 0x44,
    0x44, 0x82, 0x45, 0x2, 0x86, 0x1, 0xc, 0x8,
    0x14, 0x8, 0x64, 0x8, 0x7, 0xf0,

    /* U+5FC6 "忆" */
    0x20, 0x0, 0x8f, 0xe2, 0x0, 0xaa, 0x4, 0xa8,
    0x12, 0x80, 0x82, 0x4, 0x8, 0x20, 0x21, 0x0,
    0x88, 0x2, 0x20, 0x49, 0x1, 0x24, 0x4, 0x8f,
    0xf0,

    /* U+5FCC "忌" */
    0x3f, 0xf0, 0x0, 0x40, 0x1, 0xf, 0xfc, 0x20,
    0x0, 0x80, 0x12, 0x0, 0x4f, 0xff, 0x0, 0x0,
    0x8, 0x45, 0x10, 0xa4, 0x9, 0x90, 0x24, 0x3f,
    0x80,

    /* U+5FCD "忍" */
    0x7f, 0xf8, 0x8, 0x20, 0x20, 0x89, 0x2, 0x44,
    0x8, 0x20, 0x21, 0x1, 0x88, 0x3c, 0xc4, 0x0,
    0x48, 0x45, 0x10, 0xa4, 0x9, 0x90, 0x20, 0x7f,
    0x80,

    /* U+5FCF "忏" */
    0x20, 0x18, 0x8f, 0x83, 0x4, 0x2c, 0x10, 0xa0,
    0x42, 0x81, 0xa, 0x7f, 0xc8, 0x10, 0x20, 0x40,
    0x81, 0x2, 0x4, 0x8, 0x10, 0x20, 0x40, 0x81,
    0x0,

    /* U+5FD0 "忐" */
    0x1, 0x0, 0x2, 0x0, 0x4, 0x0, 0xf, 0xe0,
    0x10, 0x0, 0x20, 0x3f, 0xff, 0x80, 0x0, 0x3,
    0x0, 0x11, 0x0, 0x20, 0x22, 0x40, 0x24, 0x81,
    0x31, 0x2, 0x3, 0xfc, 0x0,

    /* U+5FD1 "忑" */
    0xff, 0xfc, 0x8, 0x0, 0x28, 0x0, 0x98, 0x2,
    0x18, 0x8, 0x0, 0x0, 0x5, 0x0, 0x52, 0x12,
    0x44, 0x29, 0x2, 0x84, 0x8, 0x1f, 0xe0,

    /* U+5FD7 "志" */
    0x1, 0x0, 0x2, 0x0, 0x4, 0x7, 0xff, 0xf0,
    0x10, 0x0, 0x20, 0x0, 0x40, 0x3f, 0xfe, 0x0,
    0x0, 0x6, 0x0, 0xa2, 0x22, 0x40, 0x44, 0x81,
    0x51, 0x2, 0x43, 0xfc, 0x0,

    /* U+5FD8 "忘" */
    0x0, 0x0, 0x4, 0xf, 0xff, 0xc8, 0x0, 0x20,
    0x0, 0x80, 0x2, 0x0, 0xf, 0xfe, 0x0, 0x0,
    0x8, 0x4, 0x10, 0xa4, 0x22, 0x90, 0x14, 0x40,
    0x40, 0xff, 0x0,

    /* U+5FD9 "忙" */
    0x20, 0x0, 0x81, 0x3, 0x0, 0x2b, 0xff, 0xb2,
    0x2, 0x88, 0xa, 0x20, 0x8, 0x80, 0x22, 0x0,
    0x88, 0x2, 0x20, 0x8, 0x80, 0x23, 0xfc, 0x80,
    0x0,

    /* U+5FE0 "忠" */
    0x2, 0x0, 0x8, 0x7, 0xff, 0x90, 0x82, 0x42,
    0x9, 0x8, 0x24, 0x20, 0x9f, 0xfe, 0x2, 0x0,
    0x8, 0x0, 0x60, 0x12, 0x44, 0x48, 0x2a, 0x20,
    0x90, 0xfe, 0x0,

    /* U+5FE7 "忧" */
    0x0, 0x80, 0x41, 0x20, 0x82, 0x5, 0x4, 0xb,
    0x7f, 0xf5, 0x10, 0x28, 0x20, 0x10, 0x80, 0x21,
    0x40, 0x42, 0x80, 0x89, 0x1, 0x12, 0x2, 0x44,
    0x45, 0x8, 0x88, 0xf, 0x0,

    /* U+5FEB "快" */
    0x20, 0x40, 0x40, 0x80, 0x8f, 0xe5, 0x42, 0x4a,
    0x84, 0x94, 0x9, 0x8, 0x12, 0x13, 0xff, 0x20,
    0x40, 0x41, 0x80, 0x82, 0x81, 0x9, 0x2, 0x21,
    0x4, 0x81, 0x80,

    /* U+5FF5 "念" */
    0x2, 0x0, 0x14, 0x0, 0x88, 0x4, 0x98, 0x61,
    0x1a, 0x0, 0x13, 0xfe, 0x0, 0x8, 0x0, 0x40,
    0x12, 0x0, 0x21, 0x14, 0x42, 0x90, 0xa, 0x40,
    0x90, 0xfe, 0x0,

    /* U+5FFD "忽" */
    0x8, 0x0, 0x20, 0x0, 0x7f, 0xe1, 0x24, 0x44,
    0x88, 0x91, 0x21, 0x4, 0x42, 0x11, 0x4, 0x2,
    0x18, 0x9, 0xe0, 0x8, 0x2, 0x88, 0x49, 0x0,
    0x42, 0x4, 0x7, 0xf8, 0x0,

    /* U+6000 "怀" */
    0x20, 0x0, 0x9f, 0xf2, 0x4, 0x28, 0x20, 0xa8,
    0x82, 0x86, 0x8a, 0x19, 0x8, 0xa2, 0x24, 0x84,
    0x82, 0x2, 0x8, 0x8, 0x20, 0x20, 0x80, 0x80,
    0x0,

    /* U+6001 "态" */
    0x2, 0x0, 0x8, 0xf, 0xff, 0xc1, 0x40, 0x5,
    0x0, 0x22, 0x1, 0x44, 0x8, 0xcc, 0x40, 0xc,
    0x48, 0x45, 0x10, 0xa4, 0x2, 0x90, 0x28, 0x7f,
    0x80,

    /* U+6002 "怂" */
    0x8, 0x0, 0x10, 0x80, 0x21, 0x80, 0x63, 0x1,
    0x29, 0x4, 0x12, 0x10, 0x42, 0x0, 0x3, 0x2,
    0x0, 0x52, 0x11, 0x22, 0x12, 0x40, 0xa0, 0x81,
    0x21, 0xfe, 0x0,

    /* U+600E "怎" */
    0x10, 0x0, 0x40, 0x1, 0xff, 0xc8, 0x80, 0x42,
    0x2, 0xf, 0xe0, 0x20, 0x0, 0xff, 0x2, 0x0,
    0x8, 0x0, 0x21, 0x14, 0x42, 0x90, 0x2a, 0x40,
    0x91, 0xfe, 0x0,

    /* U+6012 "怒" */
    0x10, 0x0, 0x43, 0xfb, 0xf0, 0x22, 0x24, 0x44,
    0x49, 0x11, 0xa, 0xc, 0x8, 0x14, 0x68, 0x41,
    0x9, 0xc, 0x8, 0x4, 0x2, 0x80, 0x4d, 0x2,
    0x52, 0x4, 0x43, 0xf8, 0x0,

    /* U+6015 "怕" */
    0x20, 0x0, 0x81, 0xa, 0x3f, 0xea, 0x81, 0xaa,
    0x6, 0x88, 0x12, 0x20, 0x48, 0xff, 0x22, 0x4,
    0x88, 0x12, 0x20, 0x48, 0x81, 0x23, 0xfc, 0x88,
    0x10,

    /* U+6016 "怖" */
    0x0, 0x81, 0x2, 0x4, 0xff, 0xf4, 0x40, 0xd2,
    0x43, 0x11, 0xc, 0x7f, 0xd3, 0x11, 0x44, 0x45,
    0x11, 0x14, 0x44, 0x51, 0x17, 0x40, 0x40, 0x1,
    0x0,

    /* U+601C "怜" */
    0x20, 0x0, 0x42, 0x40, 0xc4, 0x41, 0x90, 0x4a,
    0x48, 0x55, 0x8, 0x68, 0x0, 0x13, 0xfc, 0x20,
    0x18, 0x40, 0x60, 0x80, 0x81, 0xa, 0x2, 0x8,
    0x4, 0x8, 0x0,

    /* U+601D "思" */
    0x3f, 0xfc, 0x42, 0x8, 0x84, 0x11, 0xff, 0xe2,
    0x10, 0x44, 0x20, 0x8f, 0xff, 0x0, 0x0, 0x2,
    0x0, 0x13, 0x0, 0xa0, 0x12, 0x40, 0x94, 0x81,
    0x21, 0xfe, 0x0,

    /* U+6021 "怡" */
    0x20, 0x80, 0x41, 0x0, 0xc4, 0x5, 0x88, 0x8a,
    0xa0, 0x94, 0xff, 0xa8, 0x0, 0x90, 0x0, 0x23,
    0xf8, 0x44, 0x10, 0x88, 0x21, 0x10, 0x42, 0x20,
    0x84, 0x7f, 0x0,

    /* U+6025 "急" */
    0x8, 0x0, 0x1f, 0x80, 0x41, 0x1, 0xff, 0xc4,
    0x0, 0x80, 0x1, 0x7, 0xfe, 0x0, 0x4, 0x3f,
    0xf8, 0x0, 0x0, 0xa4, 0x2, 0x44, 0xa8, 0x81,
    0x21, 0xfe, 0x0,

    /* U+6027 "性" */
    0x20, 0x40, 0x89, 0x3, 0x24, 0x2c, 0xff, 0xac,
    0x40, 0xa1, 0x2, 0x4, 0x9, 0xff, 0x20, 0x40,
    0x81, 0x2, 0x4, 0x8, 0x10, 0x20, 0x40, 0xbf,
    0xf0,

    /* U+6028 "怨" */
    0x0, 0x0, 0x20, 0x0, 0x7b, 0xc1, 0x14, 0x44,
    0x48, 0x90, 0x93, 0x6, 0x20, 0x8, 0x41, 0x20,
    0xff, 0x80, 0x0, 0xa6, 0x22, 0x40, 0x64, 0x81,
    0x51, 0x2, 0x43, 0xfc, 0x0,

    /* U+602A "怪" */
    0x11, 0xfc, 0x21, 0x8, 0x62, 0x22, 0xc2, 0x85,
    0x42, 0x12, 0x1b, 0x5, 0xc1, 0x88, 0x0, 0x10,
    0x20, 0x27, 0xfc, 0x40, 0x80, 0x81, 0x1, 0x2,
    0x2, 0xff, 0xc0,

    /* U+602F "怯" */
    0x20, 0x40, 0x40, 0x80, 0xc1, 0x5, 0xbf, 0xea,
    0x4, 0x14, 0x8, 0xb, 0xff, 0x90, 0x40, 0x20,
    0x80, 0x42, 0x20, 0x88, 0x41, 0x10, 0x42, 0x4f,
    0xc4, 0x60, 0x80,

    /* U+6035 "怵" */
    0x20, 0x40, 0x40, 0xa0, 0x81, 0x25, 0x82, 0xb,
    0x7f, 0xd5, 0x1c, 0x8, 0x58, 0x10, 0xa8, 0x22,
    0x50, 0x44, 0x90, 0x91, 0x11, 0x42, 0x12, 0x4,
    0x4, 0x8, 0x0,

    /* U+603B "总" */
    0x8, 0x40, 0x22, 0x0, 0x48, 0xf, 0xfc, 0x20,
    0x10, 0x80, 0x42, 0x1, 0xf, 0xfc, 0x4, 0x0,
    0x8, 0x1, 0x10, 0xa4, 0x2, 0x10, 0x20, 0x3f,
    0x80,

    /* U+6043 "恃" */
    0x20, 0x40, 0x81, 0x2, 0x7f, 0xe8, 0x10, 0xa0,
    0x42, 0xbf, 0xfa, 0x1, 0x8, 0x4, 0x2f, 0xfc,
    0x80, 0x42, 0x21, 0x8, 0x44, 0x20, 0x10, 0x81,
    0xc0,

    /* U+604B "恋" */
    0x0, 0x0, 0x0, 0xf, 0xff, 0xc1, 0x20, 0x4,
    0x80, 0x92, 0x84, 0x49, 0x11, 0x22, 0x4, 0x80,
    0x8, 0x45, 0x11, 0x24, 0x2, 0x90, 0x24, 0x7f,
    0x80,

    /* U+604D "恍" */
    0x20, 0x40, 0x44, 0x90, 0x89, 0x25, 0x8a, 0x8a,
    0x95, 0x14, 0x8, 0x29, 0xff, 0x90, 0x50, 0x20,
    0xa0, 0x41, 0x40, 0x84, 0x81, 0x9, 0x12, 0x22,
    0x24, 0x87, 0xc0,

    /* U+6050 "恐" */
    0x1, 0xf1, 0xfe, 0x20, 0x44, 0x40, 0x8a, 0x81,
    0x13, 0x3, 0xe2, 0x38, 0x84, 0x82, 0x7, 0x0,
    0x0, 0x3, 0x0, 0x21, 0x22, 0x40, 0xa8, 0x81,
    0x20, 0xfe, 0x0,

    /* U+6055 "恕" */
    0x0, 0x0, 0x80, 0xf, 0xcf, 0x91, 0x22, 0x44,
    0x88, 0x22, 0x24, 0x88, 0x8e, 0x22, 0x24, 0xfb,
    0x0, 0x0, 0x20, 0x14, 0x44, 0x90, 0xaa, 0x40,
    0x91, 0xfe, 0x0,

    /* U+6059 "恙" */
    0x10, 0x0, 0x10, 0x40, 0x1, 0x3, 0xff, 0xe0,
    0x10, 0x0, 0x20, 0xf, 0xfe, 0x0, 0x80, 0xff,
    0xfe, 0x0, 0x0, 0x4, 0x0, 0x44, 0x44, 0x82,
    0x51, 0x4, 0x43, 0xf8, 0x0,

    /* U+6062 "恢" */
    0x21, 0x0, 0x42, 0x0, 0x9f, 0xf9, 0x50, 0xa,
    0xa1, 0x14, 0x42, 0x68, 0x95, 0x12, 0x52, 0x24,
    0xa8, 0x48, 0x60, 0xa0, 0xc1, 0x82, 0x42, 0x8,
    0x84, 0x20, 0xc0,

    /* U+6064 "恤" */
    0x0, 0x40, 0x40, 0x81, 0xaf, 0xf3, 0x54, 0xa6,
    0xa9, 0x54, 0x52, 0xa8, 0xa5, 0x11, 0x4a, 0x22,
    0x94, 0x45, 0x28, 0x8a, 0x51, 0x14, 0xa2, 0x29,
    0x40, 0xff, 0xc0,

    /* U+6068 "恨" */
    0x23, 0xf8, 0x88, 0x2a, 0x20, 0xaa, 0xfe, 0xaa,
    0xa, 0x88, 0x22, 0x3f, 0x88, 0xa0, 0x22, 0x84,
    0x89, 0x22, 0x25, 0x8, 0x88, 0x22, 0x50, 0x9e,
    0x30,

    /* U+6069 "恩" */
    0x7f, 0xf2, 0x10, 0x90, 0x84, 0xbf, 0xa4, 0x51,
    0x24, 0x49, 0x1, 0x4f, 0xfe, 0x0, 0x0, 0x11,
    0x14, 0x45, 0x20, 0x11, 0x4, 0x7, 0xe0,

    /* U+606D "恭" */
    0x8, 0x40, 0x10, 0x81, 0xff, 0xe0, 0x42, 0x0,
    0x84, 0x1f, 0xff, 0x82, 0x10, 0x8, 0x10, 0x20,
    0x18, 0xc8, 0x4a, 0x92, 0x42, 0x24, 0x40, 0x40,
    0x3, 0x80, 0x0,

    /* U+606F "息" */
    0x0, 0x0, 0x8, 0x3, 0xff, 0x8, 0x4, 0x3f,
    0xf0, 0x80, 0x42, 0x1, 0xf, 0xfc, 0x20, 0x10,
    0xff, 0xc0, 0x0, 0x10, 0x80, 0x91, 0x2a, 0x40,
    0x90, 0xfe, 0x0,

    /* U+6070 "恰" */
    0x20, 0x40, 0x83, 0x3, 0xa, 0xc, 0x44, 0xa2,
    0xa, 0x97, 0xda, 0x0, 0x8, 0x0, 0x23, 0xf8,
    0x88, 0x22, 0x20, 0x88, 0x82, 0x23, 0xf8, 0x88,
    0x20,

    /* U+6073 "恳" */
    0x3f, 0xf0, 0x80, 0x43, 0xff, 0x8, 0x4, 0x3f,
    0xf0, 0x88, 0x42, 0x1a, 0x9, 0xd8, 0x58, 0x1c,
    0x28, 0x4, 0x91, 0x12, 0x2a, 0x88, 0x24, 0x3f,
    0x80,

    /* U+6076 "恶" */
    0x7f, 0xfc, 0x12, 0x0, 0x48, 0x9, 0x24, 0x24,
    0xa0, 0x52, 0x0, 0x48, 0x3f, 0xff, 0x0, 0x0,
    0x8, 0x45, 0x11, 0x24, 0x2, 0x90, 0x24, 0x7f,
    0x80,

    /* U+607C "恼" */
    0x20, 0x0, 0x82, 0x3, 0xff, 0xec, 0x0, 0xaa,
    0x22, 0xa5, 0x22, 0x8c, 0x8a, 0x22, 0x28, 0xc8,
    0xa4, 0xa2, 0xa1, 0x8a, 0x2, 0x27, 0xf8, 0x80,
    0x0,

    /* U+6084 "悄" */
    0x20, 0x40, 0x44, 0x88, 0x85, 0x25, 0x82, 0xa,
    0xbf, 0xd4, 0x40, 0x88, 0x81, 0x11, 0xfe, 0x22,
    0x4, 0x44, 0x8, 0x8f, 0xf1, 0x10, 0x22, 0x20,
    0x44, 0x43, 0x80,

    /* U+6089 "悉" */
    0x7f, 0xf0, 0x2, 0x20, 0x44, 0x80, 0x48, 0xf,
    0xff, 0xe0, 0xb0, 0x2, 0x58, 0x8, 0x88, 0x61,
    0xc, 0x4, 0x4, 0x26, 0x22, 0x41, 0x28, 0x82,
    0x21, 0xfc, 0x0,

    /* U+608D "悍" */
    0x23, 0xfc, 0x44, 0x8, 0xc8, 0x11, 0x9f, 0xea,
    0xa0, 0x54, 0x7f, 0x88, 0x0, 0x13, 0xfe, 0x20,
    0x40, 0x40, 0x80, 0xbf, 0xf9, 0x2, 0x2, 0x4,
    0x4, 0x8, 0x0,

    /* U+6094 "悔" */
    0x0, 0x80, 0x43, 0xfc, 0x84, 0x3, 0x50, 0x6,
    0x1f, 0xd4, 0x48, 0x88, 0x81, 0x13, 0xff, 0x22,
    0x4, 0x44, 0x88, 0x88, 0x91, 0x1f, 0xf2, 0x0,
    0x80, 0x7, 0x0,

    /* U+609A "悚" */
    0x20, 0x40, 0x40, 0x80, 0x9f, 0xf1, 0x2, 0xb,
    0x7f, 0xd4, 0x88, 0xa9, 0x11, 0x12, 0x22, 0x27,
    0xfc, 0x41, 0xc0, 0x85, 0x41, 0x12, 0x82, 0x44,
    0x85, 0x8, 0xc0,

    /* U+609F "悟" */
    0x27, 0xfc, 0x41, 0x0, 0x82, 0x1, 0x5f, 0xca,
    0x10, 0x94, 0x22, 0x29, 0xff, 0x90, 0x0, 0x20,
    0x0, 0x47, 0xf0, 0x90, 0x21, 0x20, 0x42, 0x40,
    0x84, 0x7f, 0x0,

    /* U+60A0 "悠" */
    0x8, 0x0, 0x21, 0x0, 0x53, 0xf9, 0xac, 0x45,
    0x64, 0x82, 0x86, 0x5, 0x8, 0xa, 0x2c, 0x11,
    0x86, 0x4, 0x0, 0x46, 0x21, 0x40, 0x24, 0x81,
    0x28, 0xfe, 0x0,

    /* U+60A3 "患" */
    0x1, 0x0, 0xff, 0xc2, 0x11, 0xf, 0xfc, 0x1,
    0x1, 0xff, 0xe4, 0x10, 0x9f, 0xfe, 0x1, 0x0,
    0x8, 0x2, 0x99, 0x12, 0xa, 0x88, 0x24, 0x3f,
    0x80,

    /* U+60A6 "悦" */
    0x20, 0x8, 0x42, 0x20, 0xc0, 0x45, 0xbf, 0xea,
    0x40, 0x54, 0x80, 0x89, 0x1, 0x13, 0xfe, 0x21,
    0x20, 0x42, 0x40, 0x84, 0x81, 0x11, 0x2, 0x42,
    0x25, 0x7, 0xc0,

    /* U+60A8 "您" */
    0x0, 0x0, 0x48, 0x2, 0x3f, 0xc9, 0x11, 0xe8,
    0x40, 0x81, 0x42, 0x24, 0x89, 0x11, 0x20, 0x40,
    0x87, 0x0, 0x20, 0x10, 0x42, 0x90, 0x16, 0x40,
    0x50, 0xff, 0x0,

    /* U+60AC "悬" */
    0x1f, 0xf8, 0x20, 0x10, 0x7f, 0xe0, 0x80, 0x41,
    0xff, 0x82, 0x1, 0x3f, 0xff, 0x82, 0x8, 0x3f,
    0xf8, 0x40, 0x8, 0x86, 0x22, 0x40, 0xa8, 0x81,
    0x20, 0xfe, 0x0,

    /* U+60AF "悯" */
    0x24, 0xfe, 0x44, 0x4, 0xc1, 0xd, 0xa2, 0x1b,
    0x5f, 0xb4, 0x82, 0x69, 0x8, 0x92, 0x51, 0x24,
    0x42, 0x48, 0xc4, 0x92, 0x49, 0x28, 0x12, 0x40,
    0x24, 0x83, 0xc0,

    /* U+60B2 "悲" */
    0x4, 0x80, 0x12, 0xf, 0xcf, 0xc1, 0x20, 0x4,
    0x81, 0xf3, 0xf0, 0x48, 0x3f, 0x3f, 0x4, 0x80,
    0x12, 0x0, 0xa1, 0x2, 0x42, 0x48, 0xaa, 0x20,
    0x90, 0xfe, 0x0,

    /* U+60B4 "悴" */
    0x20, 0x0, 0x81, 0x2, 0x7f, 0xcc, 0x40, 0xa2,
    0x12, 0x8c, 0x42, 0x4e, 0x88, 0x10, 0x20, 0x40,
    0xbf, 0xf2, 0x4, 0x8, 0x10, 0x20, 0x40, 0x81,
    0x0,

    /* U+60BB "悻" */
    0x0, 0x40, 0x81, 0x2, 0x7f, 0xcc, 0x10, 0xb0,
    0x42, 0xbf, 0xfa, 0x20, 0x88, 0x44, 0x27, 0xfc,
    0x81, 0x2, 0x4, 0xb, 0xff, 0x20, 0x40, 0x81,
    0x2, 0x4, 0x0,

    /* U+60C5 "情" */
    0x20, 0x40, 0x4f, 0xfc, 0xc1, 0x5, 0xbf, 0xea,
    0x4, 0x14, 0xf7, 0x88, 0xff, 0x11, 0x2, 0x22,
    0x4, 0x47, 0xf8, 0x88, 0x11, 0x1f, 0xe2, 0x20,
    0x44, 0x43, 0x80,

    /* U+60CA "惊" */
    0x20, 0x0, 0x9f, 0xf2, 0x0, 0x2c, 0x0, 0xab,
    0xfa, 0xb0, 0x22, 0x40, 0x88, 0xfe, 0x20, 0x40,
    0x89, 0x2, 0x44, 0x89, 0x11, 0x20, 0x40, 0x87,
    0x0,

    /* U+60D1 "惑" */
    0x1, 0x10, 0x4, 0x7, 0xff, 0x9f, 0x44, 0x44,
    0x91, 0x12, 0x87, 0xc6, 0x0, 0x10, 0x3c, 0xa5,
    0x4, 0x70, 0x20, 0x14, 0x62, 0x90, 0x24, 0x7f,
    0x80,

    /* U+60D5 "惕" */
    0x23, 0xfc, 0x88, 0x12, 0x20, 0x6a, 0xff, 0xa2,
    0x6, 0x8f, 0xfa, 0x10, 0x8, 0x40, 0x23, 0xfc,
    0x92, 0x52, 0x92, 0x48, 0x89, 0x24, 0x48, 0x82,
    0x60,

    /* U+60DA "惚" */
    0x21, 0x0, 0x43, 0xf8, 0xca, 0x95, 0xa9, 0x2a,
    0x92, 0x54, 0x48, 0xa8, 0x91, 0x12, 0x46, 0x20,
    0x38, 0x40, 0x0, 0x95, 0x1, 0x48, 0x22, 0x11,
    0x4, 0x3e, 0x0,

    /* U+60DC "惜" */
    0x20, 0x10, 0x42, 0x20, 0xcf, 0xf1, 0x88, 0x8a,
    0x91, 0x14, 0xff, 0xc8, 0x0, 0x11, 0xfc, 0x22,
    0x8, 0x44, 0x10, 0x8f, 0xe1, 0x10, 0x42, 0x20,
    0x84, 0x7f, 0x0,

    /* U+60E0 "惠" */
    0x1, 0x0, 0xff, 0xf8, 0x4, 0x1, 0xff, 0xc2,
    0x10, 0x87, 0xff, 0xf, 0xfe, 0x0, 0x90, 0x7f,
    0xf8, 0x0, 0x8, 0xa4, 0x2, 0x40, 0x44, 0x81,
    0x41, 0xfe, 0x0,

    /* U+60E6 "惦" */
    0x0, 0x40, 0x40, 0x40, 0x8f, 0xfb, 0x51, 0x6,
    0x22, 0xc, 0x47, 0xe8, 0x88, 0x11, 0x10, 0x22,
    0xfc, 0x46, 0x8, 0x9c, 0x11, 0x28, 0x22, 0x4f,
    0xc1, 0x0, 0x80,

    /* U+60E7 "惧" */
    0x23, 0xfc, 0x22, 0x4, 0x73, 0xfc, 0x72, 0x4,
    0x72, 0x4, 0xa3, 0xfc, 0xa2, 0x4, 0x23, 0xfc,
    0x22, 0x4, 0x22, 0x4, 0x2f, 0xff, 0x20, 0x0,
    0x21, 0x4, 0x22, 0x2, 0x4, 0x0,

    /* U+60E8 "惨" */
    0x0, 0x90, 0x42, 0x11, 0x8f, 0xf3, 0x44, 0x6,
    0x7f, 0xf4, 0x22, 0x28, 0x82, 0x12, 0x23, 0x20,
    0x80, 0x46, 0x40, 0x83, 0x11, 0x18, 0xc2, 0x6,
    0x0, 0x70, 0x0,

    /* U+60EE "惮" */
    0x21, 0x8, 0x80, 0x4b, 0x2, 0x2c, 0xff, 0xa2,
    0x46, 0x8f, 0xf2, 0x24, 0x48, 0x91, 0x23, 0xfc,
    0x81, 0x2, 0xff, 0xc8, 0x10, 0x20, 0x40, 0x81,
    0x0,

    /* U+60EF "惯" */
    0x23, 0xf8, 0x92, 0x23, 0xff, 0xed, 0x22, 0xa4,
    0x92, 0x8d, 0x8a, 0x7f, 0x9, 0x4, 0x24, 0x10,
    0x92, 0x42, 0x49, 0x9, 0x20, 0x21, 0x30, 0xb8,
    0x30,

    /* U+60F3 "想" */
    0x8, 0xfe, 0x8, 0x82, 0x7f, 0x82, 0x18, 0xfe,
    0x28, 0x82, 0x2e, 0xfe, 0x48, 0x82, 0x8, 0x82,
    0x8, 0xfe, 0x1, 0x0, 0x24, 0x84, 0x44, 0x12,
    0x44, 0x11, 0x7, 0xf0,

    /* U+60F9 "惹" */
    0x8, 0x3, 0xff, 0xf0, 0x80, 0x3f, 0xff, 0x8,
    0x0, 0x20, 0x1, 0xff, 0x1c, 0x4, 0x9f, 0xf0,
    0x0, 0x0, 0x11, 0x14, 0x22, 0x90, 0x24, 0x3f,
    0x80,

    /* U+6101 "愁" */
    0x0, 0x20, 0xf8, 0x40, 0x40, 0x80, 0x81, 0x2f,
    0xf2, 0x42, 0x25, 0xe, 0x1a, 0x2a, 0x28, 0x90,
    0x90, 0x22, 0x18, 0x48, 0x0, 0x90, 0x49, 0x10,
    0x52, 0x2, 0x7, 0xf8, 0x0,

    /* U+6108 "愈" */
    0x0, 0x80, 0x3, 0x0, 0x19, 0x80, 0xff, 0xce,
    0x0, 0x67, 0xe1, 0x8, 0x4a, 0x1f, 0x94, 0x3f,
    0x28, 0x42, 0x10, 0x8c, 0x60, 0x8, 0x2, 0x4c,
    0x88, 0x84, 0x81, 0xf8, 0x0,

    /* U+6109 "愉" */
    0x20, 0x40, 0x41, 0x40, 0x84, 0x45, 0x90, 0x6a,
    0xdf, 0x34, 0x0, 0x29, 0xe9, 0x12, 0x52, 0x27,
    0xa4, 0x49, 0x48, 0x9e, 0x91, 0x24, 0x22, 0x48,
    0x44, 0xb3, 0x80,

    /* U+610F "意" */
    0x0, 0x0, 0x8, 0x7, 0xff, 0x80, 0x10, 0x8,
    0x41, 0xde, 0xe3, 0xff, 0x10, 0x4, 0x3f, 0xf1,
    0x0, 0x43, 0xff, 0x0, 0x80, 0x41, 0xa, 0x41,
    0x10, 0xfc, 0x0,

    /* U+611A "愚" */
    0x1f, 0xf0, 0x84, 0x41, 0xff, 0x8, 0x44, 0x1f,
    0xf0, 0x4, 0x7, 0xff, 0x97, 0xfa, 0x40, 0x9,
    0x8, 0x62, 0x99, 0x12, 0xa, 0x88, 0x24, 0x3f,
    0x80,

    /* U+611F "感" */
    0x0, 0x50, 0x0, 0x90, 0xff, 0xf9, 0x2, 0x2,
    0xf4, 0x4, 0x5, 0xb, 0xcc, 0x18, 0x98, 0x51,
    0x32, 0x9c, 0x96, 0x2, 0x18, 0x48, 0x42, 0x88,
    0x89, 0x2, 0x83, 0xfc, 0x0,

    /* U+6123 "愣" */
    0x27, 0xfc, 0x49, 0x48, 0xd2, 0x91, 0xa5, 0x2a,
    0xff, 0xd4, 0x8, 0x29, 0xff, 0x90, 0x40, 0x20,
    0x80, 0x41, 0xf0, 0x84, 0x21, 0x8, 0x42, 0x20,
    0x84, 0x8f, 0x0,

    /* U+6124 "愤" */
    0x20, 0x40, 0x4f, 0xf0, 0xc1, 0x5, 0x82, 0x8a,
    0xff, 0xd4, 0x2, 0x29, 0xfe, 0x12, 0x4, 0x24,
    0x48, 0x48, 0x90, 0x91, 0x21, 0x26, 0x42, 0x13,
    0x5, 0xc1, 0xc0,

    /* U+6127 "愧" */
    0x0, 0x20, 0x47, 0xf8, 0x88, 0x93, 0x51, 0x26,
    0xbf, 0xcc, 0x44, 0xa8, 0x91, 0x11, 0xfe, 0x20,
    0x60, 0x40, 0xe0, 0x82, 0xd1, 0x9, 0xc2, 0x22,
    0x20, 0x87, 0xc0,

    /* U+613F "愿" */
    0x3f, 0xfe, 0x41, 0x0, 0xbf, 0xf1, 0x40, 0x22,
    0xff, 0xc5, 0x0, 0x8b, 0xff, 0x10, 0x50, 0x28,
    0x9c, 0x43, 0x5, 0x84, 0x2, 0x4, 0x25, 0x41,
    0x30, 0x7e, 0x0,

    /* U+614C "慌" */
    0x21, 0x10, 0x4f, 0xfc, 0x84, 0x41, 0x82, 0xa,
    0xff, 0xf5, 0x40, 0x28, 0x80, 0x11, 0xff, 0x20,
    0x0, 0x44, 0x90, 0x89, 0x21, 0x12, 0x42, 0x24,
    0xa4, 0x88, 0xc0,

    /* U+614E "慎" */
    0x20, 0x40, 0x4f, 0xf8, 0xc2, 0x5, 0x9f, 0xcb,
    0x40, 0x95, 0x7f, 0x29, 0x2, 0x11, 0xfc, 0x24,
    0x8, 0x4b, 0xd0, 0xbf, 0xf9, 0x0, 0x2, 0x21,
    0x84, 0x80, 0x80,

    /* U+6151 "慑" */
    0x2f, 0xfc, 0x88, 0x43, 0x3f, 0x2c, 0x84, 0xa3,
    0xf2, 0xbf, 0xfa, 0x1, 0xb, 0xfe, 0x21, 0x48,
    0xa4, 0xa2, 0x63, 0x8, 0x84, 0x25, 0xa8, 0xc1,
    0x10,

    /* U+6155 "慕" */
    0x8, 0x43, 0xff, 0xf0, 0x84, 0xf, 0xfc, 0x20,
    0x10, 0xff, 0xc3, 0xff, 0x2, 0x0, 0xff, 0xfc,
    0x40, 0x86, 0x55, 0x29, 0x4a, 0x4, 0x90, 0x30,
    0x0,

    /* U+6162 "慢" */
    0x27, 0xf8, 0x90, 0x22, 0x7f, 0xad, 0x2, 0xa3,
    0xf2, 0xbf, 0xfa, 0x92, 0x4a, 0x49, 0x26, 0xd8,
    0xbf, 0xe2, 0x20, 0x88, 0x4c, 0x20, 0xc0, 0x9c,
    0xe0,

    /* U+6167 "慧" */
    0x10, 0x21, 0xe3, 0xe7, 0xdf, 0xc4, 0x8, 0xff,
    0xfc, 0x40, 0x82, 0xfd, 0xf, 0xfc, 0x0, 0x11,
    0xff, 0xc0, 0x20, 0x12, 0x42, 0x88, 0x24, 0x3f,
    0x80,

    /* U+6168 "慨" */
    0x27, 0xbe, 0x49, 0x10, 0xd2, 0x25, 0xbd, 0x4b,
    0x4a, 0x96, 0x95, 0x29, 0xef, 0x92, 0x8, 0x25,
    0x18, 0x49, 0x30, 0x94, 0xa1, 0x72, 0x42, 0x8,
    0xa4, 0x1, 0xc0,

    /* U+6170 "慰" */
    0x0, 0x9, 0xfc, 0x24, 0x10, 0x9f, 0xff, 0x40,
    0x9, 0x70, 0x27, 0xf4, 0x92, 0xa, 0xa8, 0xb,
    0x20, 0x21, 0x83, 0x84, 0x82, 0x51, 0xa, 0x40,
    0x51, 0xff, 0x0,

    /* U+6177 "慷" */
    0x20, 0x60, 0x27, 0xfe, 0x34, 0x20, 0x35, 0xfc,
    0xa4, 0x24, 0xa7, 0xfe, 0x24, 0x24, 0x25, 0xfc,
    0x24, 0x20, 0x25, 0x24, 0x2c, 0x30, 0x2c, 0xe8,
    0x2b, 0x27, 0x30, 0xe0,

    /* U+618B "憋" */
    0x9, 0x0, 0x54, 0x80, 0x20, 0xfb, 0xfa, 0x4,
    0x9c, 0x89, 0x39, 0x1a, 0x4c, 0x34, 0x88, 0x49,
    0x28, 0x97, 0x8c, 0x4, 0x1, 0x44, 0x44, 0x81,
    0x49, 0x2, 0x43, 0xfc, 0x0,

    /* U+6194 "憔" */
    0x21, 0x0, 0x88, 0x82, 0x3f, 0xec, 0x88, 0xa6,
    0x22, 0xaf, 0xf2, 0x22, 0x8, 0xff, 0x22, 0x20,
    0x8f, 0xf2, 0x20, 0x8, 0x8, 0x24, 0xa4, 0x82,
    0x0,

    /* U+61BE "憾" */
    0x20, 0x28, 0x40, 0x40, 0xdf, 0xe5, 0xbf, 0x4b,
    0x42, 0x94, 0xfb, 0x29, 0x94, 0x13, 0x29, 0x29,
    0xaa, 0x50, 0xc, 0x8a, 0x1, 0x50, 0x22, 0xa1,
    0x4, 0x7e, 0x0,

    /* U+61C2 "懂" */
    0x0, 0x88, 0x27, 0xff, 0x20, 0x88, 0x69, 0x74,
    0x67, 0xff, 0x60, 0x20, 0xa3, 0xfe, 0x22, 0x22,
    0x23, 0xfe, 0x22, 0x22, 0x21, 0xfc, 0x23, 0xfe,
    0x20, 0x20, 0x7, 0xff,

    /* U+61C8 "懈" */
    0x22, 0x3e, 0x47, 0x24, 0x92, 0x4d, 0xc1, 0x1b,
    0x7e, 0xf4, 0xa9, 0x29, 0x5a, 0x13, 0xff, 0x25,
    0x48, 0x4a, 0x90, 0x9f, 0xf9, 0x6a, 0x42, 0x94,
    0x85, 0x29, 0x0,

    /* U+61CA "懊" */
    0x20, 0x80, 0x47, 0xf8, 0x90, 0x15, 0xad, 0x2a,
    0xca, 0x54, 0x7f, 0xa9, 0x21, 0x12, 0xca, 0x22,
    0x4, 0x40, 0x0, 0x9f, 0xf9, 0x6, 0x2, 0x12,
    0x4, 0xc3, 0x80,

    /* U+61D2 "懒" */
    0x1, 0x0, 0x2, 0x38, 0x9f, 0x90, 0x89, 0x27,
    0x12, 0x4c, 0xfb, 0xe9, 0x58, 0xd2, 0xb5, 0x25,
    0x6a, 0x4f, 0xd4, 0x8c, 0xa9, 0x2c, 0x52, 0x55,
    0x5, 0x22, 0x80, 0x48, 0x80,

    /* U+61E6 "懦" */
    0x20, 0x0, 0x8f, 0xe3, 0x7f, 0xee, 0x11, 0xa3,
    0xfa, 0x8f, 0xe2, 0x4, 0x9, 0xff, 0x20, 0x80,
    0x9f, 0xf2, 0x4a, 0x49, 0x29, 0x24, 0xa4, 0x92,
    0x30,

    /* U+61F5 "懵" */
    0x0, 0x80, 0x23, 0xfe, 0x63, 0xfe, 0x6c, 0x92,
    0x6c, 0x92, 0xa3, 0x6c, 0xa7, 0xff, 0x24, 0x1,
    0x27, 0xfd, 0x22, 0x4, 0x23, 0xfc, 0x23, 0xfc,
    0x22, 0x4, 0x3, 0xfc,

    /* U+620F "戏" */
    0x0, 0x40, 0x0, 0x91, 0xf9, 0x10, 0x22, 0x4,
    0x44, 0x24, 0xbf, 0x89, 0x18, 0xc, 0x12, 0x8,
    0x28, 0x28, 0x50, 0x48, 0xc1, 0x10, 0x84, 0x7,
    0x20, 0x11, 0x40, 0x1, 0x80,

    /* U+6210 "成" */
    0x0, 0x50, 0x0, 0x90, 0x1, 0x1, 0xff, 0xf2,
    0x4, 0x4, 0x8, 0xf, 0x91, 0x11, 0x24, 0x22,
    0x28, 0x44, 0x60, 0x88, 0xc3, 0x11, 0x14, 0xe5,
    0x28, 0x12, 0x60, 0x43, 0x80,

    /* U+6211 "我" */
    0x2, 0x80, 0x39, 0x21, 0xa2, 0x20, 0x44, 0x0,
    0x88, 0x1f, 0xff, 0xc2, 0x20, 0x4, 0x24, 0x8,
    0x50, 0x38, 0xc1, 0xa1, 0x80, 0x45, 0x10, 0x92,
    0x21, 0x42, 0x5e, 0x3, 0x0,

    /* U+6212 "戒" */
    0x0, 0xa0, 0x2, 0x40, 0x8, 0xbf, 0xff, 0x0,
    0x80, 0x92, 0x2, 0x48, 0x89, 0x24, 0xff, 0x91,
    0x11, 0x84, 0x46, 0x11, 0x10, 0x44, 0x62, 0x12,
    0x50, 0x10, 0xc0,

    /* U+6215 "戕" */
    0x8, 0x80, 0x91, 0x21, 0x22, 0x22, 0x44, 0x4,
    0x88, 0x6f, 0xff, 0x2, 0x20, 0x4, 0x44, 0x8,
    0x48, 0xf0, 0xa1, 0x21, 0x82, 0x41, 0x4, 0x86,
    0x29, 0x12, 0x62, 0xc3, 0x80,

    /* U+6216 "或" */
    0x0, 0x40, 0x9, 0x80, 0x41, 0xff, 0xf0, 0x10,
    0x0, 0x81, 0xf4, 0x48, 0x94, 0x44, 0xa2, 0x26,
    0x1f, 0x10, 0x1, 0x81, 0xd4, 0x31, 0x14, 0x30,
    0x60,

    /* U+6218 "战" */
    0x10, 0x40, 0x20, 0x90, 0x41, 0x10, 0xfa, 0x1,
    0x4, 0x62, 0x3f, 0x4, 0x9, 0x7f, 0x14, 0x82,
    0x29, 0x4, 0x62, 0x8, 0x84, 0x11, 0x9f, 0xe5,
    0xb0, 0x71, 0x80,

    /* U+622A "截" */
    0x8, 0x40, 0x10, 0xa1, 0xff, 0x20, 0x42, 0x20,
    0x84, 0x1f, 0xff, 0xc1, 0x10, 0x1f, 0xe2, 0x64,
    0x69, 0x7f, 0x50, 0x90, 0xa1, 0xfd, 0x82, 0x41,
    0x27, 0xf6, 0x48, 0x23, 0x80,

    /* U+622E "戮" */
    0x0, 0x10, 0x7f, 0x90, 0x8, 0x94, 0x2a, 0x92,
    0x9, 0x90, 0x3a, 0x9f, 0x48, 0xb0, 0xe, 0x12,
    0x31, 0x94, 0x48, 0x14, 0x32, 0x8, 0xc, 0x88,
    0x33, 0x19, 0x4, 0x26, 0x78, 0x46,

    /* U+6234 "戴" */
    0x8, 0x40, 0x21, 0x87, 0xfd, 0x2, 0x10, 0xff,
    0xfc, 0x1, 0x7, 0xfc, 0x9f, 0xf2, 0x48, 0xc8,
    0xdd, 0x2f, 0xf3, 0x9, 0xc, 0xff, 0xa0, 0x10,
    0xc4, 0x24, 0xc0,

    /* U+6237 "户" */
    0x1, 0x0, 0x8, 0x0, 0x0, 0x3f, 0xf1, 0x0,
    0x88, 0x4, 0x40, 0x23, 0xff, 0x10, 0x9, 0x80,
    0x8, 0x0, 0x40, 0x2, 0x0, 0x20, 0x2, 0x0,
    0x0,

    /* U+623F "房" */
    0x1, 0x0, 0x4, 0x3, 0xff, 0xc8, 0x1, 0x20,
    0x4, 0xff, 0xf2, 0x8, 0x8, 0x10, 0x2f, 0xfc,
    0x88, 0x6, 0x1f, 0x90, 0x82, 0x42, 0x9, 0x10,
    0x28, 0x87, 0x80,

    /* U+6240 "所" */
    0x6, 0x4, 0xf1, 0xf1, 0x2, 0x3, 0xe4, 0x4,
    0x48, 0x8, 0x9f, 0xd1, 0x22, 0x3e, 0x44, 0x40,
    0x88, 0x81, 0x11, 0x6, 0x24, 0x8, 0x48, 0x10,
    0x80, 0x41, 0x0,

    /* U+6241 "扁" */
    0x0, 0x0, 0x4, 0x3, 0xff, 0xc8, 0x1, 0x20,
    0x4, 0xff, 0xf2, 0x0, 0xf, 0xff, 0x32, 0x24,
    0xc8, 0x97, 0x22, 0x57, 0xff, 0x52, 0x26, 0x48,
    0x99, 0x22, 0xc0,

    /* U+6247 "扇" */
    0x0, 0x0, 0x4, 0x3, 0xff, 0xc8, 0x1, 0x20,
    0x4, 0xff, 0xf2, 0x0, 0xf, 0xdf, 0x21, 0x4,
    0xa4, 0x96, 0x51, 0x50, 0xc3, 0x5d, 0x75, 0x4,
    0x18, 0x71, 0xc0,

    /* U+624B "手" */
    0x0, 0x0, 0x3, 0xa0, 0xfc, 0x0, 0x8, 0x0,
    0x10, 0xf, 0xff, 0x80, 0x40, 0x0, 0x80, 0x1,
    0x1, 0xff, 0xfc, 0x4, 0x0, 0x8, 0x0, 0x10,
    0x0, 0x20, 0x3, 0xc0, 0x0,

    /* U+624D "才" */
    0x0, 0x40, 0x0, 0x80, 0x1, 0x3, 0xff, 0xf0,
    0x14, 0x0, 0x28, 0x0, 0x90, 0x2, 0x20, 0x8,
    0x40, 0x20, 0x81, 0x81, 0x4, 0x2, 0x0, 0x4,
    0x0, 0x78, 0x0,

    /* U+624E "扎" */
    0x10, 0x80, 0x21, 0x0, 0x42, 0x7, 0xf4, 0x1,
    0x8, 0x2, 0x10, 0x4, 0x20, 0xa, 0x40, 0xf8,
    0x80, 0x21, 0x0, 0x42, 0x8, 0x84, 0x11, 0x8,
    0x2e, 0x1f, 0xc0,

    /* U+6251 "扑" */
    0x10, 0x40, 0x20, 0x80, 0x41, 0x7, 0xf2, 0x1,
    0x4, 0x2, 0xe, 0x4, 0x12, 0xe, 0x22, 0xf0,
    0x42, 0x20, 0x80, 0x41, 0x0, 0x82, 0x1, 0x4,
    0xe, 0x8, 0x0,

    /* U+6252 "扒" */
    0x10, 0x0, 0x21, 0x20, 0x42, 0x47, 0xe4, 0x81,
    0x9, 0x2, 0x12, 0x4, 0x44, 0xc, 0x84, 0xf1,
    0x8, 0x22, 0x10, 0x48, 0x20, 0x90, 0x21, 0x40,
    0x4e, 0x80, 0x40,

    /* U+6253 "打" */
    0x10, 0x0, 0x27, 0xfc, 0x40, 0x47, 0xf0, 0x81,
    0x1, 0x2, 0x2, 0x4, 0x4, 0xe, 0x8, 0xf0,
    0x10, 0x20, 0x20, 0x40, 0x40, 0x80, 0x81, 0x1,
    0xe, 0x1e, 0x0,

    /* U+6254 "扔" */
    0x10, 0x0, 0x27, 0xf0, 0x42, 0x23, 0xe4, 0x81,
    0x9, 0x2, 0x11, 0xc4, 0x20, 0x8c, 0x81, 0x71,
    0x2, 0x22, 0x4, 0x48, 0x8, 0x90, 0x11, 0x40,
    0x6e, 0x87, 0x80,

    /* U+6258 "托" */
    0x10, 0xc, 0x10, 0xf0, 0x10, 0x20, 0x7c, 0x20,
    0x10, 0x20, 0x10, 0x20, 0x10, 0x2e, 0x15, 0xf0,
    0x78, 0x20, 0x10, 0x20, 0x10, 0x20, 0x10, 0x21,
    0x10, 0x21, 0x70, 0x3f,

    /* U+625B "扛" */
    0x10, 0x0, 0x27, 0xfc, 0x40, 0x87, 0xe1, 0x1,
    0x2, 0x2, 0x4, 0x4, 0x8, 0xc, 0x10, 0xf0,
    0x20, 0x20, 0x40, 0x40, 0x80, 0x81, 0x1, 0x3f,
    0xee, 0x0, 0x0,

    /* U+6263 "扣" */
    0x10, 0x0, 0x47, 0xf1, 0x10, 0x7f, 0x41, 0x11,
    0x4, 0x44, 0x11, 0x10, 0x47, 0x41, 0xf1, 0x4,
    0x44, 0x11, 0x10, 0x44, 0x7f, 0x11, 0x5, 0xc4,
    0x10,

    /* U+6267 "执" */
    0x10, 0x40, 0x20, 0x80, 0x41, 0x0, 0x82, 0x7,
    0xff, 0x82, 0x9, 0x4, 0x12, 0x8, 0x24, 0x1d,
    0x49, 0xe1, 0x90, 0x42, 0xa0, 0x84, 0x41, 0x10,
    0xa2, 0x41, 0x5d, 0x1, 0x80,

    /* U+6269 "扩" */
    0x20, 0x20, 0x40, 0x40, 0x8f, 0xff, 0xd0, 0x2,
    0x20, 0x4, 0x40, 0x8, 0x80, 0x1d, 0x0, 0xe2,
    0x0, 0x4c, 0x0, 0x98, 0x1, 0x20, 0x2, 0x40,
    0x1d, 0x0, 0x0,

    /* U+626B "扫" */
    0x10, 0x0, 0x4f, 0xf1, 0x0, 0x7f, 0x1, 0x10,
    0x4, 0x40, 0x11, 0x3f, 0xc5, 0x1, 0xf8, 0x4,
    0x40, 0x11, 0x0, 0x44, 0x1, 0x13, 0xfd, 0xc0,
    0x10,

    /* U+626C "扬" */
    0x13, 0xf8, 0x20, 0x20, 0x40, 0x83, 0xe2, 0x1,
    0x18, 0x2, 0x7f, 0xc4, 0x14, 0x8a, 0x49, 0x79,
    0x12, 0x24, 0x44, 0x41, 0x8, 0x82, 0x11, 0x8,
    0x6e, 0x63, 0x80,

    /* U+626D "扭" */
    0x23, 0xf8, 0x82, 0x22, 0x8, 0xbe, 0x22, 0x20,
    0x88, 0x82, 0x22, 0x3f, 0x8e, 0x22, 0xe1, 0x8,
    0x84, 0x22, 0x11, 0x8, 0x44, 0x21, 0x13, 0x9f,
    0xf0,

    /* U+626E "扮" */
    0x10, 0x10, 0x10, 0x88, 0x10, 0x88, 0x7d, 0x4,
    0x11, 0x4, 0x12, 0x2, 0x11, 0xfc, 0x10, 0x84,
    0x78, 0x84, 0x10, 0x84, 0x10, 0x84, 0x11, 0x4,
    0x11, 0xc, 0x72, 0x38,

    /* U+626F "扯" */
    0x0, 0x10, 0x10, 0x10, 0x10, 0x10, 0x10, 0x10,
    0x7d, 0x10, 0x11, 0x10, 0x11, 0x1f, 0x11, 0x10,
    0x1d, 0x10, 0xf1, 0x10, 0x11, 0x10, 0x11, 0x10,
    0x11, 0x10, 0x11, 0x10, 0x77, 0xff,

    /* U+6270 "扰" */
    0x10, 0x40, 0x20, 0x90, 0x41, 0x1, 0xdf, 0xf1,
    0x4, 0x2, 0x8, 0x4, 0x20, 0xc, 0x50, 0xf0,
    0xa0, 0x23, 0x40, 0x44, 0x80, 0x89, 0x11, 0x22,
    0x2e, 0x83, 0xc0,

    /* U+6276 "扶" */
    0x20, 0x40, 0x81, 0x2, 0x4, 0x3e, 0xfe, 0x20,
    0x40, 0x81, 0x2, 0x4, 0xf, 0xff, 0xe0, 0x80,
    0x82, 0x82, 0xa, 0x8, 0x44, 0x22, 0x13, 0x90,
    0x30,

    /* U+6279 "批" */
    0x11, 0x20, 0x22, 0x40, 0x44, 0x83, 0xe9, 0x1,
    0x12, 0x42, 0x3d, 0x4, 0x4c, 0xa, 0x90, 0x79,
    0x20, 0x22, 0x40, 0x44, 0x80, 0x89, 0x11, 0x1e,
    0x2e, 0x47, 0xc0,

    /* U+627E "找" */
    0x10, 0x80, 0x21, 0x20, 0x42, 0x27, 0xe4, 0x1,
    0xf, 0x82, 0x28, 0x84, 0x12, 0xe, 0x24, 0xf0,
    0x50, 0x20, 0x40, 0x41, 0x80, 0x85, 0x81, 0x31,
    0x2e, 0x1, 0x80,

    /* U+627F "承" */
    0x3f, 0xe0, 0x1, 0x0, 0x8, 0x0, 0x0, 0x72,
    0x8, 0x5f, 0xc1, 0x22, 0x7, 0xf8, 0x22, 0x10,
    0x88, 0x44, 0xfe, 0xa0, 0x81, 0x2, 0x0, 0x38,
    0x0,

    /* U+6280 "技" */
    0x20, 0x40, 0x81, 0x2, 0x7f, 0xfe, 0x10, 0x20,
    0x40, 0x9f, 0xf2, 0x0, 0x8c, 0x82, 0x62, 0x10,
    0x84, 0x82, 0xc, 0x8, 0x30, 0x23, 0x23, 0x80,
    0x70,

    /* U+6284 "抄" */
    0x10, 0x20, 0x20, 0x40, 0x40, 0x87, 0xe1, 0x21,
    0x12, 0x42, 0x24, 0x44, 0x48, 0xb, 0x10, 0x38,
    0x24, 0xa0, 0x50, 0x40, 0x20, 0x81, 0x81, 0xc,
    0xe, 0x20, 0x0,

    /* U+628A "把" */
    0x23, 0xfc, 0x44, 0x88, 0x89, 0x17, 0xd2, 0x22,
    0x24, 0x44, 0x48, 0x88, 0x91, 0x15, 0xfe, 0x72,
    0x5, 0x44, 0x0, 0x88, 0x1, 0x10, 0x2, 0x20,
    0x3c, 0x7f, 0xc0,

    /* U+6291 "抑" */
    0x20, 0x80, 0x9d, 0xf2, 0x44, 0x7f, 0x11, 0x24,
    0x44, 0x91, 0x12, 0x44, 0x4d, 0x11, 0x64, 0x44,
    0x97, 0x12, 0x65, 0xc8, 0x10, 0x20, 0x43, 0x81,
    0x0,

    /* U+6293 "抓" */
    0x20, 0x38, 0x9f, 0x42, 0x49, 0x3f, 0x24, 0x24,
    0x90, 0x92, 0x42, 0x49, 0xf, 0x24, 0xe4, 0x90,
    0x92, 0x42, 0x48, 0x8a, 0x22, 0x28, 0x8b, 0xa2,
    0x10,

    /* U+6295 "投" */
    0x10, 0xf0, 0x22, 0x20, 0x44, 0x43, 0xe8, 0x81,
    0x11, 0x2, 0x41, 0x84, 0x0, 0xb, 0xfc, 0x78,
    0x8, 0x22, 0x20, 0x42, 0x80, 0x82, 0x1, 0xa,
    0xe, 0x63, 0x1, 0x1, 0x80,

    /* U+6296 "抖" */
    0x10, 0x8, 0x10, 0x88, 0x10, 0x48, 0x7c, 0x8,
    0x10, 0x8, 0x10, 0x8, 0x10, 0x88, 0x1c, 0x48,
    0xf0, 0x8, 0x10, 0x7e, 0x11, 0x88, 0x10, 0x8,
    0x10, 0x8, 0x70, 0x8,

    /* U+6297 "抗" */
    0x0, 0x0, 0x20, 0x80, 0x40, 0x80, 0x80, 0x7,
    0xff, 0xe2, 0x0, 0x4, 0x3e, 0x8, 0x84, 0x15,
    0x8, 0xf2, 0x10, 0x44, 0x20, 0x88, 0x41, 0x10,
    0xa2, 0x41, 0x5d, 0x3, 0x80,

    /* U+6298 "折" */
    0x10, 0x78, 0x23, 0x0, 0x44, 0x7, 0xe8, 0x1,
    0x10, 0x2, 0x3f, 0xc4, 0x44, 0xa, 0x88, 0x79,
    0x10, 0x22, 0x20, 0x44, 0x40, 0x90, 0x81, 0x21,
    0xe, 0x82, 0x0,

    /* U+629A "抚" */
    0x20, 0x0, 0x4f, 0xf0, 0x82, 0x7, 0xc4, 0x2,
    0x8, 0x4, 0xff, 0xc8, 0x30, 0x1c, 0x60, 0xe1,
    0x40, 0x42, 0x80, 0x89, 0x1, 0x12, 0x12, 0x44,
    0x3d, 0x7, 0xc0,

    /* U+629B "抛" */
    0x22, 0x10, 0x44, 0x20, 0x88, 0x47, 0xd3, 0xe2,
    0xf9, 0x44, 0x52, 0x88, 0xa5, 0x19, 0x4a, 0xe2,
    0xa4, 0x49, 0x48, 0x92, 0x91, 0x26, 0x72, 0x88,
    0x2d, 0x1f, 0xc0,

    /* U+62A0 "抠" */
    0x13, 0xfe, 0x24, 0x0, 0x48, 0x3, 0xf4, 0x41,
    0x28, 0x82, 0x4a, 0x4, 0x8c, 0xb, 0x8, 0x7a,
    0x30, 0x24, 0x90, 0x4a, 0x10, 0x90, 0x1, 0x20,
    0xe, 0x7f, 0xc0,

    /* U+62A1 "抡" */
    0x20, 0x40, 0x83, 0x2, 0xa, 0x3e, 0x44, 0x22,
    0x8, 0x90, 0x12, 0x10, 0xa, 0x4c, 0xf1, 0x40,
    0x86, 0x2, 0x10, 0x8, 0x41, 0x21, 0x7, 0x87,
    0xf0,

    /* U+62A2 "抢" */
    0x10, 0x20, 0x20, 0xc0, 0x42, 0x43, 0xe4, 0x41,
    0x10, 0x42, 0x5f, 0x44, 0x22, 0xc, 0x44, 0x70,
    0x88, 0x21, 0x70, 0x42, 0x0, 0x84, 0x11, 0x8,
    0x2e, 0x1f, 0xc0,

    /* U+62A4 "护" */
    0x10, 0x20, 0x20, 0x40, 0x47, 0xfb, 0xe8, 0x11,
    0x10, 0x22, 0x20, 0x44, 0x7f, 0x8e, 0x81, 0x71,
    0x0, 0x22, 0x0, 0x44, 0x0, 0x90, 0x1, 0x20,
    0xe, 0x80, 0x0,

    /* U+62A5 "报" */
    0x11, 0xfc, 0x22, 0x8, 0x44, 0x17, 0xe8, 0x21,
    0x11, 0x82, 0x3f, 0xc4, 0x60, 0x8c, 0xc2, 0xf1,
    0x44, 0x22, 0x50, 0x44, 0xc0, 0x88, 0x81, 0x12,
    0x8e, 0x38, 0xc0,

    /* U+62AB "披" */
    0x10, 0x20, 0x20, 0x40, 0x4f, 0xfb, 0xf1, 0x11,
    0x22, 0x22, 0x44, 0x4, 0xff, 0x9, 0x82, 0x3a,
    0x88, 0xa5, 0x10, 0x49, 0x40, 0xa1, 0x1, 0x4d,
    0x8e, 0x60, 0xc0,

    /* U+62AC "抬" */
    0x20, 0x80, 0x41, 0x0, 0x84, 0x7, 0xd0, 0x82,
    0x20, 0x84, 0xff, 0x88, 0x0, 0x94, 0x0, 0x73,
    0xf9, 0x44, 0x10, 0x88, 0x21, 0x10, 0x42, 0x20,
    0x9c, 0x7f, 0x0,

    /* U+62B1 "抱" */
    0x10, 0x80, 0x11, 0x0, 0x11, 0xfe, 0x7e, 0x2,
    0x13, 0xf2, 0x11, 0x12, 0x11, 0x12, 0x19, 0x12,
    0x71, 0xe2, 0x11, 0x1e, 0x11, 0x0, 0x11, 0x1,
    0x11, 0x1, 0x71, 0xff,

    /* U+62B5 "抵" */
    0x10, 0xc, 0x10, 0xf0, 0x11, 0x20, 0x7d, 0x20,
    0x11, 0x20, 0x11, 0x20, 0x11, 0xff, 0x11, 0x10,
    0x39, 0x10, 0x51, 0x10, 0x11, 0x10, 0x11, 0x29,
    0x11, 0x69, 0x70, 0x96,

    /* U+62B9 "抹" */
    0x10, 0x20, 0x10, 0x20, 0x13, 0xff, 0xfc, 0x20,
    0x10, 0x20, 0x10, 0x20, 0x13, 0xfe, 0x1c, 0x70,
    0xf0, 0xb0, 0x10, 0xa8, 0x11, 0x24, 0x12, 0x22,
    0x10, 0x20, 0x70, 0x20,

    /* U+62BC "押" */
    0x20, 0x0, 0x8f, 0xf2, 0x24, 0x7e, 0x91, 0x23,
    0xfc, 0x89, 0x12, 0x24, 0x4a, 0x91, 0x73, 0xfe,
    0x89, 0x12, 0x4, 0x8, 0x10, 0x20, 0x43, 0x81,
    0x0,

    /* U+62BD "抽" */
    0x10, 0x20, 0x20, 0x40, 0x40, 0x83, 0xff, 0xf1,
    0x22, 0x22, 0x44, 0x44, 0x88, 0x8f, 0x11, 0x73,
    0xfe, 0x24, 0x44, 0x48, 0x88, 0x91, 0x11, 0x3f,
    0xee, 0x40, 0x40,

    /* U+62C2 "拂" */
    0x20, 0xa0, 0x82, 0x82, 0x3f, 0xfe, 0x29, 0x20,
    0xa4, 0x9f, 0xf2, 0x4a, 0xd, 0x28, 0xe7, 0xfc,
    0x82, 0x92, 0x12, 0x48, 0x49, 0x22, 0x2f, 0x90,
    0x80,

    /* U+62C4 "拄" */
    0x10, 0x40, 0x20, 0x40, 0x40, 0x3, 0xff, 0xe1,
    0x2, 0x2, 0x4, 0x4, 0x8, 0xe, 0xfe, 0x70,
    0x20, 0x20, 0x40, 0x40, 0x80, 0x81, 0x1, 0x2,
    0xe, 0x7f, 0xc0,

    /* U+62C5 "担" */
    0x10, 0x0, 0x23, 0xf8, 0x48, 0x17, 0xf0, 0x21,
    0x20, 0x42, 0x3f, 0x84, 0x81, 0xf, 0x2, 0x72,
    0x4, 0x24, 0x8, 0x47, 0xf0, 0x80, 0x1, 0x0,
    0xe, 0x7f, 0xc0,

    /* U+62C9 "拉" */
    0x20, 0x40, 0x40, 0x80, 0x80, 0x7, 0xdf, 0xe2,
    0x0, 0x4, 0x21, 0x8, 0x42, 0x14, 0x84, 0xf1,
    0x10, 0x42, 0x20, 0x82, 0x41, 0x4, 0x82, 0x2,
    0x1c, 0xff, 0xc0,

    /* U+62CC "拌" */
    0x10, 0x22, 0x12, 0x24, 0x11, 0x24, 0xfd, 0x28,
    0x10, 0x20, 0x13, 0xfe, 0x10, 0x20, 0x18, 0x20,
    0xf7, 0xff, 0x10, 0x20, 0x10, 0x20, 0x10, 0x20,
    0x10, 0x20, 0x70, 0x20,

    /* U+62CD "拍" */
    0x10, 0x20, 0x41, 0x1, 0x1f, 0xdf, 0x41, 0x11,
    0x4, 0x44, 0x11, 0x10, 0x46, 0x7f, 0xf1, 0x4,
    0x44, 0x11, 0x10, 0x44, 0x41, 0x11, 0xfd, 0xc4,
    0x10,

    /* U+62CE "拎" */
    0x20, 0x80, 0x85, 0x2, 0x12, 0x3e, 0x84, 0x24,
    0x8, 0x82, 0x12, 0x0, 0xf, 0xfe, 0xe0, 0x10,
    0x80, 0x82, 0x24, 0x8, 0x60, 0x20, 0x43, 0x80,
    0x80,

    /* U+62D0 "拐" */
    0x11, 0xfe, 0x22, 0x4, 0x44, 0xf, 0xe8, 0x11,
    0x10, 0x22, 0x3f, 0xc5, 0x8, 0x1c, 0xff, 0xd0,
    0x22, 0x20, 0x44, 0x41, 0x8, 0x82, 0x11, 0x8,
    0x4e, 0x61, 0x80,

    /* U+62D2 "拒" */
    0x11, 0xfe, 0x11, 0x0, 0x11, 0x0, 0x79, 0x0,
    0x11, 0xfc, 0x11, 0x4, 0x11, 0x4, 0x15, 0x4,
    0x79, 0x4, 0x11, 0xfc, 0x11, 0x0, 0x11, 0x0,
    0x11, 0x0, 0x71, 0xff,

    /* U+62D3 "拓" */
    0x10, 0x0, 0x27, 0xfc, 0x41, 0x7, 0xe4, 0x1,
    0x8, 0x2, 0x10, 0x4, 0x7f, 0xf, 0x82, 0xf3,
    0x4, 0x2a, 0x8, 0x44, 0x10, 0x88, 0x21, 0xf,
    0xce, 0x0, 0x0,

    /* U+62D4 "拔" */
    0x10, 0x88, 0x21, 0x8, 0x42, 0x7, 0xff, 0xf1,
    0x8, 0x2, 0x10, 0x4, 0x3f, 0xa, 0xc2, 0x39,
    0x88, 0xa2, 0x90, 0x48, 0xc0, 0x90, 0x81, 0x46,
    0x8e, 0x20, 0xc0,

    /* U+62D6 "拖" */
    0x21, 0x0, 0x42, 0x0, 0x87, 0xff, 0xd1, 0x2,
    0x42, 0x4, 0x4, 0x88, 0x8f, 0x19, 0x72, 0xe7,
    0x24, 0x44, 0x48, 0x88, 0xb1, 0x11, 0x2, 0x10,
    0x3c, 0x3f, 0xc0,

    /* U+62D7 "拗" */
    0x20, 0x10, 0x88, 0x42, 0x21, 0x3f, 0x1f, 0x24,
    0x14, 0xa4, 0x52, 0x71, 0x4a, 0x89, 0xf2, 0x24,
    0x94, 0x92, 0x4e, 0x4a, 0xf1, 0x20, 0x47, 0x82,
    0x60,

    /* U+62D9 "拙" */
    0x0, 0x40, 0x81, 0x2, 0x44, 0x49, 0x11, 0xfc,
    0x44, 0x91, 0x12, 0x3f, 0xc8, 0x10, 0x34, 0x41,
    0x91, 0x12, 0x44, 0x49, 0x11, 0x24, 0x44, 0x9f,
    0xfe, 0x0, 0x0,

    /* U+62DB "招" */
    0x27, 0xfc, 0x82, 0x12, 0x8, 0xbe, 0x42, 0x21,
    0x8, 0x88, 0x2, 0x41, 0x8c, 0xff, 0xe2, 0x4,
    0x88, 0x12, 0x20, 0x48, 0x81, 0x23, 0xff, 0x88,
    0x10,

    /* U+62DC "拜" */
    0x8, 0x1, 0xe7, 0xfc, 0x80, 0x81, 0xf, 0xef,
    0xc2, 0x4, 0x4, 0x8, 0x7f, 0x10, 0x10, 0x78,
    0x20, 0x47, 0xfc, 0x80, 0x82, 0x1, 0x4, 0x2,
    0x10, 0x4, 0x0,

    /* U+62DF "拟" */
    0x11, 0x4, 0x11, 0x4, 0x11, 0x44, 0x7d, 0x44,
    0x11, 0x24, 0x11, 0x8, 0x11, 0x8, 0x1d, 0x8,
    0xf1, 0x8, 0x11, 0x54, 0x11, 0x92, 0x12, 0x22,
    0x10, 0x41, 0x70, 0x80,

    /* U+62E2 "拢" */
    0x21, 0x10, 0x42, 0x10, 0x84, 0x7, 0xc8, 0x2,
    0x7f, 0xe4, 0x24, 0x8, 0x4a, 0x11, 0x18, 0x72,
    0x20, 0x44, 0x40, 0x91, 0x81, 0x25, 0x12, 0x92,
    0x3e, 0x7, 0xc0,

    /* U+62E3 "拣" */
    0x20, 0x80, 0x84, 0x2, 0x7f, 0xfe, 0x40, 0x27,
    0xc0, 0x89, 0x2, 0x24, 0xd, 0xff, 0xe0, 0x40,
    0x85, 0x2, 0x24, 0x89, 0x11, 0x20, 0x43, 0x87,
    0x0,

    /* U+62E5 "拥" */
    0x20, 0x0, 0x8f, 0xf2, 0x24, 0x5c, 0x91, 0x23,
    0xfc, 0x89, 0x12, 0x24, 0x4c, 0x91, 0xe3, 0xfc,
    0x89, 0x12, 0x64, 0x49, 0x11, 0x24, 0x47, 0xa1,
    0x70,

    /* U+62E6 "拦" */
    0x20, 0x10, 0x84, 0x42, 0x2, 0x3e, 0xfe, 0x20,
    0x0, 0x80, 0x2, 0x0, 0xa, 0x0, 0x73, 0xf2,
    0x80, 0x2, 0x0, 0x8, 0x0, 0x27, 0xff, 0x80,
    0x0,

    /* U+62E7 "拧" */
    0x10, 0x40, 0x20, 0x40, 0x4f, 0xfb, 0xf0, 0x11,
    0x20, 0x22, 0x0, 0x4, 0xff, 0x88, 0x10, 0x78,
    0x20, 0x20, 0x40, 0x40, 0x80, 0x81, 0x1, 0x2,
    0xe, 0x1c, 0x0,

    /* U+62E9 "择" */
    0x10, 0x0, 0x27, 0xf8, 0x44, 0x13, 0xe4, 0x41,
    0x7, 0x2, 0x1a, 0x4, 0xcb, 0xe, 0x10, 0x71,
    0xfc, 0x20, 0x40, 0x4f, 0xf8, 0x81, 0x1, 0x2,
    0xe, 0x4, 0x0,

    /* U+62EC "括" */
    0x20, 0x78, 0x47, 0x80, 0x81, 0x3, 0x82, 0x2,
    0x7f, 0xe4, 0x8, 0x8, 0x10, 0x18, 0x20, 0xe3,
    0xf8, 0x44, 0x10, 0x88, 0x21, 0x10, 0x42, 0x20,
    0x9c, 0x7f, 0x0,

    /* U+62ED "拭" */
    0x20, 0x14, 0x40, 0x24, 0x80, 0x47, 0xff, 0xf2,
    0x1, 0x4, 0x2, 0x9, 0xf4, 0x1c, 0x88, 0xe1,
    0x10, 0x42, 0x20, 0x84, 0x21, 0xc, 0x42, 0x20,
    0xbc, 0x0, 0xc0,

    /* U+62EF "拯" */
    0x20, 0x0, 0x9f, 0xe2, 0x2, 0x1c, 0x21, 0x2f,
    0x48, 0x87, 0x42, 0x2a, 0xc, 0xa8, 0xe2, 0x90,
    0x92, 0x22, 0x88, 0x48, 0x20, 0x21, 0x81, 0xbf,
    0xf0,

    /* U+62F1 "拱" */
    0x0, 0x88, 0x10, 0x88, 0x10, 0x88, 0x10, 0x88,
    0x7f, 0xfe, 0x10, 0x88, 0x10, 0x88, 0x10, 0x88,
    0x18, 0x88, 0x77, 0xff, 0x10, 0x0, 0x10, 0x80,
    0x11, 0xc, 0x11, 0x2, 0x72, 0x2,

    /* U+62F3 "拳" */
    0x0, 0x0, 0x24, 0x40, 0x9, 0x3, 0xff, 0xc0,
    0xc0, 0x1f, 0xff, 0x84, 0x10, 0x1f, 0xd8, 0xc2,
    0x8, 0x3f, 0xe8, 0x8, 0x3, 0xff, 0xc0, 0x20,
    0x1, 0xc0, 0x0,

    /* U+62FC "拼" */
    0x21, 0x8, 0x41, 0x20, 0x80, 0x47, 0xdf, 0xe2,
    0x9, 0x4, 0x12, 0x8, 0x24, 0x1b, 0xff, 0xe0,
    0x90, 0x41, 0x20, 0x84, 0x41, 0x8, 0x82, 0x21,
    0x1c, 0x82, 0x0,

    /* U+62FD "拽" */
    0x20, 0x40, 0x40, 0x80, 0x9f, 0xf7, 0xe2, 0x22,
    0x7f, 0xc4, 0x88, 0x89, 0x11, 0x1b, 0xfe, 0xe4,
    0x20, 0x40, 0x48, 0x80, 0xa1, 0x0, 0x82, 0x7,
    0xbc, 0x71, 0xc0,

    /* U+62FE "拾" */
    0x10, 0x20, 0x20, 0xa0, 0x41, 0x43, 0xe4, 0x41,
    0x10, 0x42, 0x5f, 0x44, 0x0, 0xa, 0x0, 0x39,
    0xfc, 0xa2, 0x8, 0x44, 0x10, 0x88, 0x21, 0x1f,
    0xce, 0x20, 0x80,

    /* U+62FF "拿" */
    0x1, 0x0, 0x5, 0x0, 0x31, 0x83, 0xbf, 0xc0,
    0x0, 0x63, 0xff, 0x4, 0x2, 0xf, 0xfc, 0x0,
    0x8, 0x7f, 0xe1, 0xff, 0xf0, 0x8, 0xf, 0xff,
    0xe0, 0x20, 0x1, 0xc0, 0x0,

    /* U+6301 "持" */
    0x10, 0x20, 0x20, 0x40, 0x47, 0xf3, 0xe1, 0x1,
    0x2, 0x2, 0x7f, 0xc4, 0x2, 0xa, 0x4, 0x3b,
    0xfe, 0xa0, 0x10, 0x40, 0x20, 0x84, 0x41, 0x0,
    0x8e, 0x7, 0x0,

    /* U+6302 "挂" */
    0x20, 0x40, 0x40, 0x80, 0x9f, 0xf7, 0xc2, 0x2,
    0x4, 0x4, 0xff, 0xc8, 0x0, 0x18, 0x20, 0xe0,
    0x40, 0x4f, 0xf8, 0x81, 0x1, 0x2, 0x2, 0x4,
    0x1d, 0xff, 0xc0,

    /* U+6307 "指" */
    0x11, 0x0, 0x11, 0x8, 0x11, 0xf0, 0x7d, 0x1,
    0x11, 0x1, 0x11, 0xfe, 0x10, 0x0, 0x19, 0xfe,
    0xf1, 0x2, 0x11, 0x2, 0x11, 0xfe, 0x11, 0x2,
    0x11, 0x2, 0x71, 0xfe,

    /* U+6309 "按" */
    0x10, 0x20, 0x20, 0x40, 0x4f, 0x7b, 0xf0, 0x11,
    0x24, 0x22, 0x10, 0x4, 0xff, 0x88, 0x84, 0x19,
    0x8, 0xe1, 0x20, 0x41, 0xc0, 0x81, 0x81, 0x4,
    0xce, 0x70, 0x40,

    /* U+6311 "挑" */
    0x10, 0x90, 0x10, 0x90, 0x12, 0x92, 0x7e, 0x94,
    0x12, 0x94, 0x10, 0x90, 0x10, 0x90, 0x1c, 0x98,
    0x71, 0x94, 0x16, 0x92, 0x10, 0x90, 0x11, 0x11,
    0x12, 0x11, 0x74, 0x1f,

    /* U+6316 "挖" */
    0x0, 0x0, 0x81, 0x2, 0x0, 0x9, 0xff, 0xfc,
    0x4, 0x84, 0x42, 0x20, 0x89, 0x0, 0x33, 0xf3,
    0x81, 0x2, 0x8, 0x8, 0x40, 0x22, 0x4, 0x88,
    0x1e, 0x3f, 0xc0,

    /* U+631A "挚" */
    0x10, 0x0, 0x20, 0x83, 0xf7, 0xe0, 0x82, 0x41,
    0x14, 0x8f, 0x19, 0x4, 0x2b, 0x8, 0x87, 0x72,
    0xe, 0x1b, 0xe1, 0xff, 0xf0, 0x8, 0xf, 0xff,
    0xe0, 0x20, 0x1, 0xc0, 0x0,

    /* U+6320 "挠" */
    0x1, 0x0, 0x84, 0x2, 0x11, 0x89, 0xb8, 0xf8,
    0x90, 0x82, 0x82, 0xc, 0x49, 0xcd, 0x30, 0xb,
    0x9f, 0xf2, 0x12, 0x8, 0x48, 0x21, 0x20, 0x88,
    0x9e, 0x43, 0xc0,

    /* U+6321 "挡" */
    0x10, 0x20, 0x20, 0x44, 0x44, 0x97, 0xe9, 0x21,
    0x2, 0x2, 0x7f, 0xc4, 0x0, 0x8e, 0x1, 0x70,
    0x2, 0x27, 0xfc, 0x40, 0x8, 0x80, 0x11, 0x3f,
    0xee, 0x0, 0x40,

    /* U+6323 "挣" */
    0x20, 0x80, 0x87, 0xc2, 0x21, 0x3f, 0x8, 0x27,
    0xf8, 0x81, 0x22, 0xff, 0xcc, 0x12, 0xe0, 0x48,
    0x9f, 0xe2, 0x4, 0x8, 0x10, 0x20, 0x43, 0x87,
    0x0,

    /* U+6324 "挤" */
    0x20, 0x40, 0x40, 0x0, 0x8f, 0xf7, 0xc8, 0x42,
    0x9, 0x4, 0xc, 0x8, 0x24, 0x1d, 0x87, 0xe0,
    0x0, 0x42, 0x20, 0x84, 0x41, 0x8, 0x82, 0x21,
    0x1c, 0x80, 0x0,

    /* U+6325 "挥" */
    0x27, 0xfc, 0x90, 0x12, 0x50, 0x7e, 0x40, 0x23,
    0xf8, 0x88, 0x2, 0x24, 0xb, 0x10, 0x77, 0xfa,
    0x81, 0x2, 0xff, 0xc8, 0x10, 0x20, 0x43, 0x81,
    0x0,

    /* U+6328 "挨" */
    0x20, 0x40, 0x41, 0x20, 0x84, 0x27, 0xdf, 0xe2,
    0x0, 0x4, 0x40, 0x8, 0xff, 0x16, 0x20, 0xf0,
    0x40, 0x5f, 0xfc, 0x83, 0x1, 0x5, 0x2, 0x31,
    0x9d, 0x80, 0x80,

    /* U+632A "挪" */
    0x2f, 0xbe, 0x45, 0x44, 0x8a, 0x93, 0x95, 0x22,
    0xfa, 0x84, 0x55, 0x8, 0xa9, 0x19, 0x52, 0xef,
    0xa2, 0x45, 0x44, 0x92, 0x89, 0x25, 0x62, 0x8a,
    0x1d, 0x74, 0x0,

    /* U+632F "振" */
    0x23, 0xfe, 0x44, 0x0, 0x88, 0x7, 0xd7, 0xe2,
    0x20, 0x4, 0x40, 0x8, 0xff, 0x15, 0x50, 0xf2,
    0xa4, 0x45, 0x40, 0x9a, 0x41, 0x24, 0x82, 0x46,
    0x8c, 0x10, 0x80,

    /* U+633A "挺" */
    0x27, 0x1c, 0x42, 0xe0, 0x88, 0x47, 0xd0, 0x82,
    0x41, 0x4, 0xef, 0x88, 0x44, 0x1a, 0x88, 0xe5,
    0x10, 0x4a, 0x20, 0x8b, 0xf9, 0x18, 0x2, 0x48,
    0x1d, 0xf, 0xc0,

    /* U+633D "挽" */
    0x21, 0x0, 0x43, 0xe0, 0x88, 0x87, 0xe1, 0x2,
    0x7f, 0xc4, 0x88, 0x89, 0x11, 0x16, 0x22, 0x77,
    0xfd, 0x41, 0x80, 0x83, 0x1, 0xa, 0x12, 0x24,
    0x3d, 0x87, 0xc0,

    /* U+6342 "捂" */
    0x27, 0xfc, 0x41, 0x0, 0x84, 0x7, 0xdf, 0xc2,
    0x10, 0x84, 0x22, 0x9, 0xff, 0x94, 0x0, 0x70,
    0x1, 0x47, 0xf0, 0x90, 0x21, 0x20, 0x42, 0x40,
    0x9c, 0x7f, 0x0,

    /* U+6345 "捅" */
    0x13, 0xfc, 0x40, 0x21, 0x5, 0xe, 0xc, 0x13,
    0xfc, 0x48, 0x91, 0x22, 0x47, 0xff, 0x72, 0x24,
    0x48, 0x91, 0x3f, 0xc4, 0x89, 0x12, 0x25, 0xc8,
    0xb0,

    /* U+6346 "捆" */
    0x27, 0xfc, 0x91, 0x12, 0x44, 0x5d, 0x11, 0x27,
    0xfc, 0x91, 0x12, 0x4e, 0x4f, 0x55, 0xe5, 0x54,
    0x99, 0x32, 0x44, 0x49, 0x11, 0x27, 0xff, 0x90,
    0x10,

    /* U+6349 "捉" */
    0x23, 0xfc, 0x44, 0x8, 0x88, 0x17, 0xd0, 0x22,
    0x20, 0x44, 0x7f, 0x88, 0x10, 0x14, 0x20, 0xf2,
    0x7c, 0x44, 0x80, 0x89, 0x1, 0x2a, 0x2, 0x4c,
    0x1d, 0xf, 0xc0,

    /* U+634B "捋" */
    0x20, 0x38, 0x8f, 0x12, 0x48, 0xbf, 0x22, 0x22,
    0x50, 0x80, 0x42, 0x1, 0xf, 0xff, 0xe0, 0x10,
    0x88, 0x42, 0x11, 0x8, 0x4, 0x20, 0x13, 0x83,
    0xc0,

    /* U+634E "捎" */
    0x10, 0x21, 0x11, 0x22, 0x10, 0xa4, 0x38, 0x20,
    0x11, 0xfe, 0x11, 0x2, 0x11, 0x2, 0x1d, 0xfe,
    0x71, 0x2, 0x11, 0x2, 0x11, 0xfe, 0x11, 0x2,
    0x11, 0x2, 0x71, 0xe,

    /* U+634F "捏" */
    0x11, 0xfe, 0x11, 0x2, 0x11, 0x2, 0x7d, 0xfe,
    0x11, 0x2, 0x11, 0x2, 0x11, 0xfe, 0x18, 0x20,
    0xf0, 0x20, 0x13, 0xfe, 0x10, 0x20, 0x10, 0x20,
    0x10, 0x20, 0x77, 0xff,

    /* U+6355 "捕" */
    0x10, 0x28, 0x20, 0x4c, 0x4f, 0xff, 0xe1, 0x1,
    0x2, 0x2, 0x7f, 0xc4, 0x88, 0x8d, 0xff, 0xf2,
    0x22, 0x24, 0x44, 0x4f, 0xf8, 0x91, 0x11, 0x22,
    0x2e, 0x45, 0xc0,

    /* U+635E "捞" */
    0x21, 0x10, 0x42, 0x20, 0xbf, 0xf9, 0x8, 0x87,
    0x11, 0x4, 0xff, 0xc9, 0x0, 0x92, 0x21, 0x30,
    0x81, 0xc7, 0xf0, 0x82, 0x21, 0x8, 0x42, 0x10,
    0x84, 0x42, 0x39, 0x1c, 0x0,

    /* U+635F "损" */
    0x10, 0xfc, 0x11, 0x4, 0x11, 0x4, 0x7c, 0xfc,
    0x10, 0x0, 0x11, 0xfe, 0x11, 0x2, 0x15, 0x22,
    0x79, 0x22, 0x11, 0x22, 0x11, 0x22, 0x10, 0x48,
    0x11, 0x86, 0x72, 0x1,

    /* U+6361 "捡" */
    0x20, 0x40, 0x41, 0x80, 0x82, 0x83, 0x88, 0x82,
    0x3f, 0x84, 0x80, 0x88, 0x10, 0x19, 0x22, 0x62,
    0x48, 0x42, 0x10, 0x80, 0x41, 0x0, 0x82, 0x7f,
    0xfc, 0x0, 0x0,

    /* U+6362 "换" */
    0x21, 0x0, 0x43, 0xe0, 0x88, 0x87, 0xd1, 0x2,
    0x7f, 0x84, 0x49, 0x8, 0x92, 0x19, 0x24, 0xe7,
    0xfc, 0x41, 0x80, 0x83, 0x1, 0x9, 0x2, 0x21,
    0x9d, 0x80, 0xc0,

    /* U+6363 "捣" */
    0x20, 0x0, 0x87, 0xe2, 0x20, 0xbe, 0xa2, 0x22,
    0x48, 0x88, 0x22, 0x21, 0xe, 0x7f, 0xe0, 0x4,
    0x92, 0x92, 0x4a, 0x49, 0x29, 0x27, 0xeb, 0x80,
    0xe0,

    /* U+6367 "捧" */
    0x10, 0x40, 0x27, 0xfc, 0x41, 0x1, 0xdf, 0xe1,
    0x8, 0x2, 0xff, 0xc5, 0x42, 0x1c, 0xa6, 0x53,
    0xfc, 0x28, 0x84, 0x4f, 0xf0, 0x82, 0x1, 0x4,
    0xe, 0x0, 0x0,

    /* U+636E "据" */
    0x23, 0xfc, 0x44, 0x8, 0x88, 0x17, 0xd0, 0x22,
    0x3f, 0xc4, 0x44, 0x8, 0xff, 0x95, 0x10, 0xf6,
    0x20, 0x4f, 0xf8, 0x98, 0x11, 0x30, 0x22, 0x60,
    0x5d, 0x3f, 0x80,

    /* U+6376 "捶" */
    0x27, 0xf0, 0x40, 0x83, 0xe1, 0x1, 0x3f, 0xf2,
    0x14, 0x84, 0x29, 0x9, 0xff, 0x98, 0xa4, 0x61,
    0x48, 0x4f, 0xf8, 0x81, 0x1, 0x2, 0x2, 0x4,
    0x1c, 0xff, 0x80,

    /* U+6377 "捷" */
    0x10, 0x20, 0x10, 0x20, 0x13, 0xfe, 0x10, 0x20,
    0x7f, 0xfe, 0x10, 0x22, 0x17, 0xff, 0x10, 0x22,
    0x18, 0x22, 0x73, 0xfe, 0x10, 0x20, 0x12, 0x3e,
    0x13, 0x20, 0x14, 0xa0, 0x74, 0x7f,

    /* U+637B "捻" */
    0x20, 0x40, 0x41, 0x40, 0x84, 0x47, 0xd2, 0x42,
    0x42, 0x64, 0x7f, 0x8, 0x2, 0x18, 0x8, 0xe0,
    0x40, 0x42, 0x90, 0x94, 0x91, 0x28, 0x62, 0x10,
    0xbc, 0x3e, 0x0,

    /* U+6380 "掀" */
    0x21, 0xa0, 0x4c, 0x40, 0x90, 0xf3, 0xa1, 0x22,
    0x7d, 0x44, 0xab, 0x9, 0x46, 0x1a, 0x88, 0xe5,
    0x10, 0x4a, 0x20, 0x94, 0xe1, 0x49, 0x42, 0x94,
    0x5d, 0x28, 0x80,

    /* U+6382 "掂" */
    0x20, 0x80, 0x40, 0x80, 0x9e, 0xf7, 0xe2, 0x2,
    0x44, 0x4, 0x8f, 0x89, 0x10, 0x1a, 0x20, 0x67,
    0xfc, 0x4c, 0x8, 0x98, 0x11, 0x50, 0x22, 0xbf,
    0xdc, 0x40, 0x80,

    /* U+6389 "掉" */
    0x20, 0x40, 0x40, 0x80, 0x81, 0xf9, 0x2, 0x7,
    0x7f, 0x84, 0x81, 0x9, 0x2, 0x13, 0xfc, 0x24,
    0x9, 0xef, 0xf0, 0x81, 0x1, 0x2, 0x2, 0xff,
    0xe4, 0x8, 0x38, 0x10, 0x0,

    /* U+638C "掌" */
    0x11, 0x8, 0x12, 0x21, 0xff, 0xfa, 0x0, 0x15,
    0xff, 0xaa, 0x1, 0x47, 0xfe, 0x0, 0xc, 0x1f,
    0xe0, 0xff, 0xf8, 0x4, 0x7, 0xff, 0xf0, 0x10,
    0x0, 0xe0, 0x0,

    /* U+638F "掏" */
    0x22, 0x0, 0x90, 0x2, 0x3f, 0xdd, 0x1, 0x23,
    0xf4, 0x92, 0x12, 0x8, 0x4d, 0xfd, 0xe0, 0x84,
    0x8a, 0x52, 0x29, 0x48, 0xfd, 0x20, 0x7, 0x80,
    0xf0,

    /* U+6390 "掐" */
    0x10, 0x40, 0x41, 0xe1, 0x8, 0x9f, 0x42, 0x11,
    0x8, 0x48, 0x81, 0x1d, 0xc6, 0x41, 0xf1, 0x4,
    0x47, 0xb1, 0x10, 0x44, 0x41, 0x11, 0xfd, 0xc4,
    0x10,

    /* U+6392 "排" */
    0x20, 0xa0, 0x82, 0x82, 0xa, 0x3e, 0xee, 0x20,
    0xa0, 0x82, 0x82, 0x7b, 0xc8, 0x28, 0xf0, 0xa0,
    0x9e, 0xf2, 0xa, 0x8, 0x28, 0x20, 0xa3, 0x82,
    0x80,

    /* U+6396 "掖" */
    0x20, 0x40, 0x40, 0x80, 0x9f, 0xff, 0xc9, 0x2,
    0x13, 0xc4, 0x48, 0x89, 0x95, 0x1b, 0x66, 0xe3,
    0x28, 0x44, 0x50, 0x88, 0x41, 0x11, 0x82, 0x24,
    0xdc, 0x10, 0x40,

    /* U+6398 "掘" */
    0x27, 0xfc, 0x90, 0x12, 0x40, 0x5d, 0xff, 0x24,
    0x20, 0x94, 0x92, 0x52, 0x4d, 0x49, 0xe5, 0xfc,
    0x90, 0x82, 0x42, 0x4a, 0x89, 0x2a, 0x27, 0xa7,
    0xf0,

    /* U+63A0 "掠" */
    0x20, 0x40, 0x9f, 0xf2, 0x0, 0x3e, 0x0, 0x23,
    0xf8, 0x90, 0x22, 0x40, 0x8c, 0xfe, 0xe0, 0x40,
    0x89, 0x2, 0x44, 0x89, 0x11, 0x20, 0x43, 0x87,
    0x0,

    /* U+63A2 "探" */
    0x27, 0xfc, 0x48, 0x8, 0x90, 0x17, 0xc8, 0x82,
    0x20, 0x84, 0x8, 0xa, 0x10, 0x1b, 0xfe, 0xe0,
    0xe0, 0x42, 0xa0, 0x89, 0x41, 0x22, 0x42, 0x4,
    0x7c, 0x8, 0x0,

    /* U+63A3 "掣" */
    0x0, 0x4, 0x90, 0x89, 0xfd, 0x10, 0x42, 0x27,
    0xf4, 0x4f, 0xe8, 0x92, 0x41, 0x25, 0x8e, 0x8,
    0x0, 0x2f, 0xc1, 0xff, 0xf0, 0x8, 0xf, 0xff,
    0xe0, 0x20, 0x1, 0xc0, 0x0,

    /* U+63A5 "接" */
    0x20, 0x40, 0x40, 0x0, 0x87, 0xe7, 0xc8, 0x82,
    0x9, 0x4, 0xff, 0xc8, 0x0, 0x14, 0x40, 0x77,
    0xff, 0x42, 0x10, 0x8a, 0x41, 0x3, 0x2, 0x1d,
    0x9c, 0x40, 0x80,

    /* U+63A7 "控" */
    0x20, 0x40, 0x40, 0x0, 0x9f, 0xff, 0xe0, 0x12,
    0x1, 0x4, 0x61, 0x8, 0x81, 0x18, 0x0, 0x63,
    0xf9, 0x40, 0x80, 0x81, 0x1, 0x2, 0x2, 0x4,
    0x1d, 0xff, 0xc0,

    /* U+63A8 "推" */
    0x21, 0x20, 0x44, 0x40, 0x88, 0x7, 0xdf, 0xe2,
    0x22, 0x4, 0xc4, 0xa, 0xff, 0x11, 0x10, 0xf2,
    0x20, 0x47, 0xf8, 0x88, 0x81, 0x11, 0x2, 0x3f,
    0xfc, 0x40, 0x0,

    /* U+63A9 "掩" */
    0x20, 0x0, 0x41, 0x0, 0x8d, 0xf7, 0xc8, 0x82,
    0x28, 0x84, 0x7f, 0x89, 0x22, 0x96, 0x44, 0x73,
    0xf9, 0x49, 0x10, 0x8f, 0xe1, 0x4, 0x2, 0x8,
    0x3c, 0xf, 0xc0,

    /* U+63B0 "掰" */
    0x10, 0xb, 0x98, 0xc4, 0x51, 0x12, 0x44, 0x68,
    0xb9, 0x3e, 0x44, 0x51, 0x11, 0x44, 0xf5, 0x7d,
    0x14, 0x44, 0x91, 0x12, 0x44, 0x91, 0x12, 0xd,
    0xc0,

    /* U+63B7 "掷" */
    0x20, 0x7e, 0x49, 0x4c, 0x82, 0x97, 0xfb, 0x22,
    0x12, 0x84, 0x25, 0xa, 0x49, 0x1b, 0xf1, 0xe1,
    0x22, 0x45, 0x44, 0x8a, 0xb9, 0x23, 0x2, 0x42,
    0x1d, 0x4, 0x0,

    /* U+63C9 "揉" */
    0x11, 0xfc, 0x20, 0x91, 0xf0, 0xc0, 0x9f, 0xf1,
    0x5, 0x22, 0x12, 0x84, 0xc4, 0xe, 0x38, 0x70,
    0x20, 0x27, 0xfc, 0x41, 0xc0, 0x8d, 0x41, 0x22,
    0x6e, 0x4, 0x0,

    /* U+63CD "揍" */
    0x20, 0x80, 0x9f, 0xf2, 0x8, 0x1c, 0xfe, 0x21,
    0x0, 0xbf, 0xf2, 0x12, 0xc, 0x84, 0xe5, 0xe8,
    0xa2, 0x12, 0x3f, 0x88, 0x28, 0x21, 0x13, 0x98,
    0x20,

    /* U+63CF "描" */
    0x20, 0x10, 0x84, 0x42, 0x7f, 0xfe, 0x44, 0x20,
    0x10, 0x80, 0x2, 0x3f, 0x8a, 0x92, 0xf2, 0x48,
    0x8f, 0xe2, 0x24, 0x88, 0x92, 0x23, 0xfb, 0x88,
    0x0,

    /* U+63D0 "提" */
    0x23, 0xf8, 0x44, 0x10, 0x8f, 0xe3, 0x90, 0x42,
    0x3f, 0x84, 0x0, 0x8, 0x0, 0x1f, 0xfe, 0xe0,
    0x40, 0x44, 0xf0, 0x89, 0x1, 0x2a, 0x2, 0x4c,
    0x1d, 0xf, 0xc0,

    /* U+63D2 "插" */
    0x20, 0x70, 0x8f, 0x2, 0x4, 0x1d, 0xff, 0x20,
    0x40, 0x81, 0x2, 0x35, 0xca, 0x91, 0xf2, 0x44,
    0x8d, 0x72, 0x24, 0x48, 0x91, 0x23, 0xfd, 0x88,
    0x10,

    /* U+63E1 "握" */
    0x27, 0xfc, 0x48, 0x8, 0x90, 0x17, 0xff, 0xe2,
    0x40, 0x4, 0xff, 0x89, 0x20, 0x1a, 0x84, 0x66,
    0xf4, 0x48, 0x40, 0xbf, 0xf9, 0x41, 0x2, 0x82,
    0x1e, 0xff, 0xc0,

    /* U+63E3 "揣" */
    0x20, 0x0, 0x48, 0x88, 0x91, 0x17, 0xdf, 0xe2,
    0x0, 0x4, 0xff, 0xc8, 0x10, 0x18, 0x40, 0x63,
    0xfd, 0x49, 0x28, 0x92, 0x51, 0x24, 0xa2, 0x49,
    0x5c, 0x93, 0x80,

    /* U+63E9 "揩" */
    0x22, 0x20, 0x88, 0x92, 0x3f, 0xbe, 0x88, 0x22,
    0x20, 0x8e, 0xf2, 0x0, 0xe, 0x10, 0x63, 0xfa,
    0x88, 0x22, 0x3f, 0x88, 0x82, 0x22, 0xb, 0x8f,
    0xe0,

    /* U+63EA "揪" */
    0x27, 0x80, 0x42, 0x20, 0x84, 0x43, 0x9, 0x92,
    0x7f, 0x24, 0x26, 0x8a, 0x64, 0x39, 0xc8, 0xa5,
    0x10, 0x4a, 0x20, 0xa4, 0x41, 0x9, 0x42, 0x12,
    0x9c, 0x28, 0x80,

    /* U+63ED "揭" */
    0x27, 0xf8, 0x90, 0x22, 0x40, 0xbf, 0xfe, 0x24,
    0x8, 0x9f, 0xe2, 0x20, 0xa, 0xff, 0x74, 0x6,
    0x91, 0x12, 0x4a, 0x49, 0x41, 0x27, 0xf7, 0x80,
    0x60,

    /* U+63F4 "援" */
    0x0, 0x0, 0x4f, 0xf0, 0x81, 0x11, 0x12, 0x47,
    0x1, 0x84, 0xff, 0xc8, 0x40, 0x13, 0xff, 0x29,
    0x0, 0xe3, 0xfa, 0x8c, 0x21, 0x14, 0xc2, 0x47,
    0x5, 0x9, 0x38, 0x61, 0x80,

    /* U+63FD "揽" */
    0x20, 0x80, 0x49, 0x40, 0x92, 0xe1, 0x26, 0x7,
    0x48, 0x84, 0x0, 0x8, 0xfe, 0x15, 0x4, 0xf2,
    0x8, 0x44, 0x90, 0x89, 0x21, 0x4, 0x2, 0x14,
    0x3c, 0xc7, 0x80,

    /* U+6400 "搀" */
    0x0, 0x80, 0x41, 0xe0, 0x84, 0x81, 0x11, 0xf,
    0xff, 0xc4, 0x48, 0x88, 0xff, 0x10, 0x50, 0x31,
    0x23, 0xc4, 0x7c, 0x92, 0x1, 0x3, 0x82, 0x18,
    0x4, 0xc, 0x18, 0x4, 0x0,

    /* U+6401 "搁" */
    0x20, 0xfc, 0x88, 0x12, 0x28, 0x7f, 0x39, 0x27,
    0x24, 0x9b, 0x13, 0xca, 0x79, 0xc7, 0x25, 0xf4,
    0x98, 0x52, 0x61, 0x49, 0x7d, 0x24, 0x17, 0x90,
    0x70,

    /* U+6405 "搅" */
    0x22, 0x88, 0x40, 0x90, 0x9f, 0xf3, 0x20, 0x22,
    0x5f, 0x84, 0x41, 0x8, 0x92, 0x19, 0x24, 0xe2,
    0x48, 0x40, 0xd0, 0x83, 0x81, 0x5, 0x12, 0x12,
    0x3c, 0xc7, 0xc0,

    /* U+640F "搏" */
    0x10, 0x20, 0x10, 0x24, 0x13, 0xfe, 0x10, 0x20,
    0x7d, 0xfc, 0x11, 0x24, 0x11, 0xfc, 0x11, 0x24,
    0x19, 0xfc, 0x71, 0x28, 0x17, 0xff, 0x10, 0x8,
    0x10, 0x88, 0x10, 0x8, 0x70, 0x38,

    /* U+6410 "搐" */
    0x0, 0x0, 0x81, 0x2, 0x7f, 0xc8, 0x20, 0xf9,
    0x30, 0x9b, 0x42, 0x18, 0x89, 0xfd, 0x30, 0x3,
    0x9f, 0xe2, 0x44, 0x89, 0xfe, 0x24, 0x48, 0x91,
    0x2e, 0x7f, 0x80,

    /* U+6413 "搓" */
    0x22, 0x10, 0x42, 0x40, 0x9f, 0xff, 0xc4, 0x2,
    0x3f, 0xc4, 0x20, 0x8, 0x40, 0x1f, 0xff, 0xe2,
    0x0, 0x47, 0xf0, 0x91, 0x1, 0x42, 0x3, 0x4,
    0xc, 0xff, 0xc0,

    /* U+641C "搜" */
    0x20, 0xc0, 0x46, 0xf8, 0x89, 0x13, 0x9a, 0xe2,
    0x24, 0x44, 0x48, 0x88, 0xff, 0x18, 0x20, 0x67,
    0xfc, 0x40, 0x18, 0x84, 0x61, 0x7, 0x82, 0xd,
    0x1d, 0xe1, 0xc0,

    /* U+641E "搞" */
    0x10, 0x0, 0x27, 0xfc, 0x40, 0x3, 0xef, 0xc1,
    0x10, 0x82, 0x21, 0x4, 0x3c, 0xd, 0xff, 0xf2,
    0x2, 0x25, 0xf4, 0x4a, 0x28, 0x97, 0xd1, 0x20,
    0x2e, 0x41, 0x80,

    /* U+642C "搬" */
    0x0, 0x0, 0x44, 0x70, 0x80, 0xa1, 0x3d, 0x4f,
    0xea, 0x84, 0x99, 0x9, 0x21, 0x17, 0xde, 0x24,
    0x84, 0xe9, 0x52, 0x92, 0xa1, 0x24, 0xc2, 0x89,
    0x5, 0x15, 0x3a, 0x71, 0x80,

    /* U+642D "搭" */
    0x21, 0x10, 0x42, 0x20, 0x9f, 0xf7, 0xc8, 0x82,
    0xc, 0x4, 0x24, 0x8, 0x84, 0x1a, 0xfe, 0xe0,
    0x0, 0x47, 0xf0, 0x88, 0x21, 0x10, 0x42, 0x20,
    0x9c, 0x7f, 0x0,

    /* U+643A "携" */
    0x22, 0x40, 0x88, 0x2, 0x3f, 0xbf, 0xfe, 0x22,
    0x40, 0x8f, 0xe2, 0x24, 0xe, 0xff, 0xe2, 0x0,
    0x87, 0x82, 0x13, 0xc8, 0x41, 0x22, 0x7, 0x90,
    0xe0,

    /* U+6444 "摄" */
    0x2f, 0xfc, 0x88, 0x42, 0x3f, 0x3c, 0x84, 0x23,
    0xf0, 0x88, 0x42, 0x7f, 0xcc, 0x0, 0xe7, 0xfc,
    0x94, 0x12, 0x32, 0x88, 0x4c, 0x26, 0x33, 0xa1,
    0x30,

    /* U+6446 "摆" */
    0x27, 0xfc, 0x92, 0x92, 0x4a, 0x7f, 0x29, 0x27,
    0xfc, 0x81, 0x3, 0xff, 0xd8, 0x10, 0xa0, 0x40,
    0x9f, 0xf2, 0x0, 0x8, 0x22, 0x21, 0xfb, 0x88,
    0x10,

    /* U+6447 "摇" */
    0x20, 0x38, 0x4f, 0x88, 0x82, 0x17, 0xd2, 0x42,
    0x20, 0x4, 0x7f, 0x89, 0x10, 0x18, 0x20, 0xef,
    0xfe, 0x48, 0x88, 0x91, 0x11, 0x22, 0x22, 0x7f,
    0xdc, 0x0, 0x80,

    /* U+644A "摊" */
    0x20, 0x20, 0x40, 0x50, 0x9d, 0x17, 0xcb, 0xf2,
    0x1c, 0x85, 0x29, 0xd, 0x5f, 0xb1, 0x24, 0xa3,
    0x48, 0x46, 0xfc, 0x91, 0x21, 0x42, 0x42, 0x7,
    0xfc, 0x8, 0x0,

    /* U+6452 "摒" */
    0x27, 0xfc, 0x90, 0x12, 0x40, 0x7d, 0xff, 0x25,
    0x0, 0x92, 0x43, 0xff, 0xdd, 0x24, 0xa4, 0x90,
    0x92, 0x42, 0x7f, 0xca, 0x24, 0x29, 0x13, 0xa8,
    0x40,

    /* U+6454 "摔" */
    0x20, 0x40, 0xbf, 0xf2, 0x4, 0x3f, 0x21, 0x20,
    0x88, 0x84, 0x82, 0x24, 0x8d, 0x2d, 0xe1, 0x40,
    0x81, 0x2, 0xff, 0xc8, 0x10, 0x20, 0x43, 0x81,
    0x0,

    /* U+6458 "摘" */
    0x20, 0x80, 0x4f, 0xfc, 0x80, 0x43, 0x89, 0x2,
    0x7f, 0x84, 0x89, 0x9, 0xfe, 0x12, 0x24, 0xf5,
    0xf8, 0x4c, 0x30, 0x98, 0x61, 0x2f, 0xc2, 0x40,
    0x9c, 0x83, 0x0,

    /* U+645E "摞" */
    0x27, 0xfc, 0x48, 0x88, 0x9f, 0xf3, 0xa2, 0x22,
    0x7f, 0xc4, 0x10, 0x8, 0x44, 0x1d, 0xf0, 0xe0,
    0x88, 0x47, 0xf8, 0x85, 0x29, 0x12, 0x22, 0x4,
    0x3c, 0x38, 0x0,

    /* U+6467 "摧" */
    0x22, 0x44, 0x89, 0x12, 0x24, 0x7e, 0x6e, 0x21,
    0x40, 0x88, 0x82, 0x3f, 0xc8, 0x90, 0x7f, 0xfc,
    0x89, 0x2, 0x3f, 0xc8, 0x90, 0x23, 0xfd, 0x88,
    0x0,

    /* U+6469 "摩" */
    0x0, 0x80, 0x3f, 0xff, 0x22, 0x8, 0x3f, 0xff,
    0x22, 0x1c, 0x2f, 0xaa, 0x32, 0x49, 0x2f, 0xf0,
    0x20, 0x40, 0x6f, 0xfe, 0x60, 0x40, 0x5f, 0xff,
    0x40, 0x40, 0x83, 0xc0,

    /* U+6478 "摸" */
    0x21, 0x0, 0x84, 0x82, 0xff, 0xc8, 0x48, 0xf9,
    0x0, 0x9b, 0xe2, 0x7f, 0x89, 0x2, 0x34, 0x9,
    0x9f, 0xea, 0x8, 0xb, 0xff, 0x21, 0x40, 0x88,
    0xce, 0xc0, 0x80,

    /* U+6485 "撅" */
    0x27, 0xfe, 0x48, 0x0, 0x91, 0x43, 0xa2, 0x82,
    0x7f, 0xe4, 0xd5, 0x4f, 0xaa, 0xf3, 0x54, 0x26,
    0xa8, 0x4f, 0xd0, 0xb2, 0x61, 0x44, 0xa2, 0x91,
    0x4c, 0x44, 0x40,

    /* U+6487 "撇" */
    0x21, 0x8, 0x42, 0xa0, 0x96, 0x47, 0xcc, 0xf2,
    0xfd, 0x45, 0x2e, 0x8a, 0x5d, 0x16, 0xe6, 0x3d,
    0xcc, 0xdb, 0x90, 0xa5, 0x21, 0x4a, 0x62, 0x95,
    0x5d, 0x3c, 0x40,

    /* U+6491 "撑" */
    0x20, 0x40, 0x40, 0x80, 0x9e, 0xf7, 0xaf, 0xc2,
    0x20, 0x84, 0x3f, 0xa, 0x0, 0x19, 0xfc, 0xe0,
    0x40, 0x4f, 0xf8, 0x81, 0x1, 0x7f, 0xf2, 0x4,
    0x1c, 0x38, 0x0,

    /* U+6492 "撒" */
    0x2, 0x90, 0x22, 0x90, 0x27, 0xd0, 0x22, 0xa0,
    0x72, 0xbc, 0x27, 0xe4, 0x20, 0x34, 0x27, 0xd4,
    0x34, 0x54, 0xe7, 0xd8, 0x24, 0x48, 0x27, 0xc8,
    0x24, 0x5c, 0x24, 0x74, 0xe5, 0xe2,

    /* U+6495 "撕" */
    0x24, 0x8c, 0x49, 0x60, 0x9e, 0x87, 0xa5, 0x2,
    0x4a, 0x4, 0xf7, 0xc9, 0x29, 0x1b, 0xd2, 0xe4,
    0xa4, 0x7f, 0xc8, 0x80, 0x91, 0x25, 0x22, 0x44,
    0x5d, 0x8, 0x80,

    /* U+649E "撞" */
    0x20, 0x80, 0x4f, 0xf8, 0x80, 0x47, 0xc9, 0x2,
    0x2d, 0xc4, 0xff, 0x9, 0x22, 0x1b, 0xfc, 0xe4,
    0x88, 0x4f, 0xf0, 0x82, 0x1, 0x3f, 0xc2, 0x8,
    0x1d, 0xff, 0xc0,

    /* U+64A4 "撤" */
    0x0, 0x0, 0x40, 0x20, 0x9f, 0x41, 0x10, 0x8f,
    0xca, 0xc4, 0x95, 0x8, 0xca, 0x13, 0xd4, 0x2c,
    0xa8, 0xef, 0x50, 0x92, 0x41, 0x3c, 0x82, 0x4a,
    0x84, 0x95, 0x19, 0x71, 0x0,

    /* U+64AD "播" */
    0x10, 0x3c, 0x11, 0xe4, 0x10, 0xa4, 0x7c, 0x28,
    0x13, 0xff, 0x10, 0xb0, 0x11, 0x28, 0x1a, 0x26,
    0x71, 0xff, 0x11, 0x22, 0x11, 0xfe, 0x11, 0x22,
    0x11, 0xfe, 0x71, 0x2,

    /* U+64B8 "撸" */
    0x21, 0xf0, 0x88, 0x82, 0x7f, 0xbf, 0x12, 0x27,
    0xf8, 0x91, 0x22, 0x7f, 0x8a, 0x0, 0xf3, 0xf8,
    0x8f, 0xe2, 0x40, 0x88, 0xfe, 0x24, 0xb, 0x8f,
    0xe0,

    /* U+64C2 "擂" */
    0x27, 0xfc, 0x40, 0x80, 0x9f, 0xff, 0xe2, 0x12,
    0x55, 0xa4, 0x8, 0x8, 0xd7, 0x18, 0x0, 0xe3,
    0xfc, 0x44, 0x88, 0x8f, 0xf1, 0x12, 0x22, 0x3f,
    0xdc, 0x40, 0x80,

    /* U+64C5 "擅" */
    0x0, 0x0, 0x82, 0x2, 0xff, 0xc8, 0x0, 0xff,
    0xf8, 0x97, 0xa2, 0x5e, 0x89, 0x2, 0x33, 0xf3,
    0x8f, 0xe2, 0x40, 0x89, 0xfe, 0x23, 0xf8, 0x80,
    0x6, 0xff, 0xc0,

    /* U+64CD "操" */
    0x21, 0xf8, 0x88, 0x22, 0x20, 0x9c, 0x7c, 0x27,
    0xbc, 0x92, 0x92, 0xca, 0x4d, 0xef, 0x60, 0x40,
    0xbf, 0xf2, 0xe, 0x8, 0xd4, 0x2c, 0x4d, 0x81,
    0x0,

    /* U+64DE "擞" */
    0x20, 0x50, 0x4d, 0x20, 0x88, 0x47, 0xbc, 0xf2,
    0x2a, 0x44, 0xcc, 0x88, 0xa, 0x19, 0xc, 0xef,
    0x98, 0x49, 0x10, 0x9a, 0x21, 0xc, 0xc2, 0x26,
    0x4d, 0x88, 0x40,

    /* U+64E6 "擦" */
    0x20, 0x40, 0x4f, 0xfc, 0x90, 0xf, 0xcf, 0xe2,
    0x2a, 0x84, 0x93, 0x8, 0xc2, 0x19, 0x7a, 0xe4,
    0x0, 0x4f, 0xf0, 0x81, 0x1, 0x12, 0x42, 0x44,
    0x4c, 0x18, 0x0,

    /* U+6500 "攀" */
    0x20, 0x0, 0x84, 0x8f, 0xb7, 0xc9, 0xc, 0x71,
    0x6a, 0x8e, 0x92, 0x40, 0x1, 0x0, 0x7b, 0xf8,
    0x7c, 0x86, 0x21, 0xa3, 0xf1, 0x7f, 0xf8, 0x8,
    0x0, 0xe0, 0x0,

    /* U+6512 "攒" */
    0x21, 0x10, 0x9e, 0xf2, 0x11, 0x3f, 0xff, 0x23,
    0x28, 0x92, 0xa2, 0x0, 0xe, 0xfe, 0x62, 0xa,
    0x89, 0x22, 0x24, 0x88, 0x90, 0x20, 0xb3, 0x9c,
    0x30,

    /* U+652F "支" */
    0x2, 0x0, 0x8, 0x0, 0x20, 0x3f, 0xfe, 0x2,
    0x0, 0x8, 0x0, 0x20, 0x3f, 0xf8, 0x10, 0x20,
    0x40, 0x80, 0x84, 0x1, 0x20, 0x3, 0x0, 0x1b,
    0x1, 0x83, 0xb8, 0x0,

    /* U+6536 "收" */
    0x4, 0x80, 0x9, 0x1, 0x12, 0x2, 0x27, 0xe4,
    0x58, 0x88, 0xb1, 0x11, 0x92, 0x22, 0x24, 0x44,
    0x30, 0x98, 0x21, 0xd0, 0xc0, 0x22, 0x80, 0x48,
    0x80, 0xa0, 0xc0,

    /* U+6539 "改" */
    0x0, 0x0, 0xfc, 0x80, 0xa, 0x0, 0x13, 0xf0,
    0x28, 0x8f, 0xe9, 0x10, 0x52, 0x20, 0x24, 0x40,
    0x30, 0x80, 0x21, 0x8, 0x42, 0xe3, 0x8e, 0x8,
    0x80, 0x20, 0xc0,

    /* U+653B "攻" */
    0x0, 0x0, 0x1, 0x1, 0xf2, 0x0, 0x87, 0xf1,
    0x10, 0x82, 0x51, 0x4, 0xa2, 0x8, 0x48, 0x10,
    0x50, 0x20, 0xc0, 0x70, 0x87, 0x2, 0x80, 0x8,
    0x80, 0xe0, 0xc0,

    /* U+653E "放" */
    0x8, 0x20, 0x0, 0x20, 0x7f, 0x40, 0x10, 0x7f,
    0x10, 0x44, 0x1e, 0xc4, 0x12, 0xc8, 0x12, 0x28,
    0x12, 0x28, 0x32, 0x30, 0x22, 0x10, 0x22, 0x28,
    0x42, 0x44, 0x4f, 0x82,

    /* U+653F "政" */
    0x0, 0x0, 0xfc, 0x80, 0x21, 0xf8, 0x44, 0x40,
    0x88, 0x89, 0x11, 0x13, 0xe4, 0x24, 0xc8, 0x48,
    0x50, 0x90, 0xc1, 0x20, 0x82, 0xf2, 0x82, 0x9,
    0x0, 0x61, 0x80,

    /* U+6545 "故" */
    0x10, 0x40, 0x20, 0x80, 0x42, 0x7, 0xf7, 0xf1,
    0x18, 0x42, 0x29, 0x1f, 0x92, 0x21, 0x24, 0x42,
    0x30, 0x84, 0x21, 0x8, 0x43, 0xf3, 0x84, 0x8,
    0x80, 0x20, 0xc0,

    /* U+6548 "效" */
    0x0, 0x40, 0x41, 0xf, 0xe4, 0x0, 0x1f, 0x0,
    0x81, 0x12, 0x28, 0x38, 0x82, 0x64, 0x28, 0x50,
    0x41, 0x41, 0x6, 0xa, 0x8, 0x44, 0x52, 0x2,
    0x20, 0x10, 0x40,

    /* U+654C "敌" */
    0x4, 0x1, 0xe2, 0x1, 0x8, 0x4, 0x20, 0x10,
    0xfb, 0xfa, 0x21, 0x19, 0x4, 0x64, 0x10, 0x53,
    0xf1, 0x48, 0x42, 0x21, 0x8, 0x84, 0x53, 0xf2,
    0x28, 0x50, 0x40,

    /* U+654F "敏" */
    0x40, 0x41, 0x1, 0x7, 0xf8, 0x20, 0x20, 0x80,
    0xff, 0xf2, 0x24, 0x58, 0x95, 0x54, 0xff, 0x52,
    0x11, 0x49, 0x42, 0x21, 0x8, 0x7f, 0x50, 0x12,
    0x21, 0xd0, 0x40,

    /* U+6551 "救" */
    0xa, 0x20, 0x12, 0x40, 0x21, 0x3, 0xf9, 0xf0,
    0x84, 0x49, 0x58, 0x8b, 0x2a, 0x4, 0x14, 0x1e,
    0x28, 0x52, 0x21, 0x20, 0x40, 0x41, 0x40, 0x84,
    0x47, 0x10, 0x40,

    /* U+6559 "教" */
    0x0, 0x0, 0x82, 0xf, 0xe8, 0x9, 0x20, 0x24,
    0xfb, 0xfe, 0x21, 0x18, 0x9f, 0x94, 0x48, 0x52,
    0x41, 0x41, 0x72, 0x1e, 0x8, 0x10, 0x50, 0x42,
    0x27, 0x10, 0x40,

    /* U+655D "敝" */
    0x12, 0x40, 0x51, 0x5, 0x48, 0x4, 0x2e, 0xfe,
    0x8a, 0x4a, 0x29, 0xb5, 0x36, 0x94, 0xd6, 0x53,
    0x58, 0x8d, 0x22, 0x24, 0x94, 0x92, 0x8a, 0x5c,
    0x10,

    /* U+655E "敞" */
    0x10, 0x42, 0x49, 0x9, 0x44, 0x5, 0x1f, 0x10,
    0x83, 0xfa, 0x28, 0x28, 0xae, 0xd4, 0xaa, 0x52,
    0xa9, 0x4a, 0xa2, 0x2e, 0x88, 0xa2, 0x52, 0xa,
    0x28, 0xf0, 0x40,

    /* U+6562 "敢" */
    0x0, 0x40, 0xf8, 0x80, 0x11, 0x0, 0x24, 0xf,
    0xff, 0xe8, 0x91, 0x11, 0x64, 0x3e, 0xc8, 0x44,
    0xd0, 0xf8, 0xa1, 0x11, 0x82, 0x21, 0x7, 0xe6,
    0x0, 0x92, 0x0, 0x43, 0x0,

    /* U+6563 "散" */
    0x24, 0x1, 0xfe, 0x80, 0x91, 0xf9, 0x24, 0x42,
    0x48, 0x9b, 0x71, 0x1f, 0x54, 0x22, 0x28, 0x7c,
    0x50, 0x88, 0x41, 0xf0, 0x82, 0x22, 0x84, 0x48,
    0x89, 0xa0, 0x80,

    /* U+6566 "敦" */
    0x0, 0x0, 0x41, 0xf, 0xe4, 0x0, 0x20, 0x7e,
    0xfe, 0xa, 0x28, 0x39, 0x1f, 0x74, 0xfc, 0x50,
    0x21, 0x80, 0x2, 0xf, 0x18, 0x50, 0x50, 0x42,
    0x27, 0x10, 0x40,

    /* U+656C "敬" */
    0x0, 0x0, 0x24, 0x20, 0x7f, 0xa0, 0x24, 0x40,
    0x0, 0x5e, 0x3f, 0x44, 0x41, 0xc4, 0x7d, 0x48,
    0x25, 0x28, 0x25, 0x28, 0x25, 0x30, 0x3d, 0x10,
    0x21, 0x28, 0x1, 0x44, 0xe, 0x82,

    /* U+6570 "数" */
    0x90, 0x41, 0x51, 0x1, 0x8, 0x3f, 0x9f, 0x38,
    0x89, 0x5e, 0x48, 0x15, 0x0, 0x14, 0xfc, 0x51,
    0x10, 0x84, 0x86, 0xa, 0x14, 0x18, 0x91, 0x84,
    0x30,

    /* U+6572 "敲" */
    0x10, 0x20, 0x0, 0x41, 0xf8, 0xfb, 0xe1, 0x4,
    0x42, 0x8, 0xbf, 0x8e, 0x1, 0x3f, 0x24, 0x82,
    0x49, 0x74, 0x52, 0xa8, 0x45, 0xd1, 0x8a, 0x24,
    0x80, 0xd0, 0xc0,

    /* U+6574 "整" */
    0x8, 0x20, 0x7c, 0x7d, 0xfd, 0x12, 0x4d, 0x27,
    0xf2, 0x81, 0x2, 0xe, 0x8a, 0x24, 0x62, 0x3f,
    0xfe, 0x2, 0x0, 0x44, 0x0, 0x87, 0xc1, 0x10,
    0x1f, 0xff, 0xc0,

    /* U+6587 "文" */
    0x2, 0x0, 0x8, 0x0, 0x10, 0x3f, 0xff, 0x0,
    0x20, 0x80, 0x81, 0x2, 0x2, 0x10, 0x8, 0x80,
    0x12, 0x0, 0x30, 0x0, 0xc0, 0xc, 0xc0, 0x40,
    0x8e, 0x1, 0xc0,

    /* U+6597 "斗" */
    0x0, 0x40, 0x41, 0x0, 0xc4, 0x0, 0x10, 0x0,
    0x40, 0x81, 0x1, 0x84, 0x0, 0x10, 0x0, 0x4c,
    0x1f, 0xcf, 0x84, 0x0, 0x10, 0x0, 0x40, 0x1,
    0x0,

    /* U+6599 "料" */
    0x10, 0x8, 0x29, 0x11, 0x51, 0x22, 0xa0, 0x41,
    0x0, 0x9f, 0xe1, 0x4, 0x22, 0xc, 0x24, 0x34,
    0x8, 0xa8, 0x3a, 0x47, 0xa4, 0x80, 0x41, 0x0,
    0x82, 0x1, 0x0,

    /* U+659C "斜" */
    0x4, 0x4, 0xa, 0x4, 0x11, 0x34, 0x20, 0x4,
    0x7e, 0x4, 0x8, 0x44, 0x8, 0x24, 0xff, 0x14,
    0x8, 0x4, 0x48, 0xe, 0x49, 0x74, 0x88, 0x4,
    0x8, 0x4, 0x38, 0x4,

    /* U+65A4 "斤" */
    0x0, 0xe0, 0xfc, 0x2, 0x0, 0x8, 0x0, 0x20,
    0x0, 0xff, 0xf2, 0x8, 0x8, 0x20, 0x20, 0x81,
    0x82, 0x4, 0x8, 0x10, 0x20, 0x40, 0x82, 0x2,
    0x0,

    /* U+65A5 "斥" */
    0x0, 0x70, 0xfe, 0x2, 0x0, 0x8, 0x0, 0x20,
    0x0, 0xff, 0xf2, 0x8, 0x8, 0x20, 0x26, 0x80,
    0x87, 0x6, 0xb, 0x90, 0x20, 0x40, 0x82, 0x2,
    0x0,

    /* U+65A7 "斧" */
    0x8, 0x20, 0x20, 0xb0, 0x92, 0x10, 0x18, 0x0,
    0xee, 0x1e, 0x3, 0xc0, 0xf8, 0xe, 0x0, 0x10,
    0x0, 0x3f, 0xf8, 0x41, 0x1, 0x2, 0x2, 0x4,
    0x8, 0x8, 0x0,

    /* U+65A9 "斩" */
    0x20, 0xc, 0x83, 0xcf, 0xf0, 0x8, 0x40, 0x50,
    0xfd, 0x44, 0x47, 0xf1, 0x4, 0x44, 0x11, 0x10,
    0x4c, 0x4f, 0xd1, 0x4, 0x44, 0x12, 0x10, 0x48,
    0x40,

    /* U+65AD "断" */
    0x88, 0x7a, 0xae, 0xa, 0x90, 0x22, 0x40, 0xff,
    0x2, 0x27, 0xf9, 0x91, 0x2b, 0x44, 0xab, 0x13,
    0x24, 0x48, 0x91, 0x20, 0x44, 0xff, 0x10, 0x0,
    0x40,

    /* U+65AF "斯" */
    0x22, 0x1c, 0x44, 0xc3, 0xff, 0x1, 0x12, 0x3,
    0xe4, 0x4, 0x4f, 0xc8, 0x92, 0x1f, 0x24, 0x22,
    0x49, 0xff, 0x90, 0x3, 0x21, 0x24, 0x44, 0x28,
    0x80, 0x21, 0x0,

    /* U+65B0 "新" */
    0x0, 0x0, 0x40, 0xcf, 0xec, 0x11, 0x20, 0x48,
    0x80, 0x22, 0xf, 0xef, 0xc4, 0x24, 0x10, 0x93,
    0xfa, 0x41, 0x9, 0x15, 0x64, 0x95, 0x10, 0x44,
    0x43, 0x21, 0x0,

    /* U+65B9 "方" */
    0x0, 0x0, 0x4, 0x0, 0x0, 0x3f, 0xff, 0x4,
    0x0, 0x10, 0x0, 0x7f, 0x2, 0x4, 0x8, 0x10,
    0x20, 0x41, 0x1, 0x4, 0x4, 0x20, 0x33, 0x7,
    0x80,

    /* U+65BD "施" */
    0x10, 0x0, 0x21, 0x0, 0x3, 0xff, 0xf8, 0x2,
    0x10, 0x4, 0x64, 0x8, 0x2b, 0x1e, 0x5a, 0x24,
    0xe4, 0x4b, 0x49, 0x92, 0x92, 0x25, 0x24, 0x4a,
    0x90, 0x90, 0x6f, 0x3f, 0x80,

    /* U+65C1 "旁" */
    0x2, 0x0, 0x8, 0x7, 0xff, 0xc4, 0x0, 0x8,
    0x43, 0xff, 0xe8, 0x0, 0xa0, 0x80, 0xff, 0xfc,
    0x20, 0x0, 0xff, 0x4, 0x4, 0x10, 0x20, 0x80,
    0x8c, 0x1e, 0x0,

    /* U+65C5 "旅" */
    0x10, 0x80, 0x42, 0x0, 0x1f, 0xff, 0xc0, 0x22,
    0xc, 0x85, 0xc3, 0xd0, 0x9, 0x51, 0x25, 0x38,
    0x94, 0x86, 0x52, 0x11, 0x44, 0x45, 0x32, 0x17,
    0x29, 0xd0, 0x40,

    /* U+65CB "旋" */
    0x0, 0x0, 0x21, 0x0, 0x3, 0xff, 0xf8, 0x2,
    0x10, 0x4, 0x0, 0xf, 0x3e, 0x12, 0x12, 0x24,
    0xa0, 0x49, 0x78, 0x92, 0x82, 0x25, 0x4, 0x5a,
    0x8, 0xac, 0x2f, 0x8f, 0x80,

    /* U+65CF "族" */
    0x0, 0x80, 0x22, 0x0, 0x3, 0xff, 0xf8, 0x2,
    0x20, 0x4, 0x50, 0xf, 0x5c, 0x12, 0xa0, 0x24,
    0x40, 0x4b, 0xfc, 0x90, 0x83, 0x23, 0x4, 0x49,
    0x8, 0x91, 0x27, 0x41, 0x0,

    /* U+65D7 "旗" */
    0x0, 0x80, 0x22, 0x0, 0x7, 0xe7, 0xf0, 0x2,
    0x28, 0x4, 0x3f, 0xc8, 0x22, 0x1e, 0x7c, 0x24,
    0x88, 0x49, 0xf0, 0x92, 0x22, 0x3f, 0xf4, 0x40,
    0x8, 0x91, 0x27, 0x41, 0x0,

    /* U+65E0 "无" */
    0xff, 0xf8, 0x8, 0x0, 0x20, 0x0, 0x80, 0x2,
    0x3, 0xff, 0xf0, 0x50, 0x1, 0x40, 0x5, 0x0,
    0x24, 0x1, 0x10, 0x48, 0x41, 0xc0, 0xfc,

    /* U+65E2 "既" */
    0x7d, 0xfc, 0x88, 0x41, 0xf4, 0x82, 0x29, 0x4,
    0x62, 0xf, 0xbf, 0xd0, 0x10, 0x20, 0x30, 0x48,
    0xa0, 0x89, 0x41, 0xc4, 0x8c, 0x11, 0x10, 0x23,
    0xe0,

    /* U+65E5 "日" */
    0xff, 0xe0, 0x18, 0x6, 0x1, 0x80, 0x7f, 0xf8,
    0x6, 0x1, 0x80, 0x60, 0x18, 0x7, 0xff, 0x80,
    0x40,

    /* U+65E6 "旦" */
    0x1f, 0xf0, 0x80, 0x42, 0x1, 0x8, 0x4, 0x20,
    0x10, 0x7f, 0xc2, 0x1, 0x8, 0x4, 0x20, 0x10,
    0x7f, 0xc0, 0x0, 0x0, 0x0, 0x0, 0x3, 0xff,
    0xf0,

    /* U+65E7 "旧" */
    0x8f, 0xf8, 0x81, 0x88, 0x18, 0x81, 0x88, 0x18,
    0xff, 0x88, 0x18, 0x81, 0x88, 0x18, 0x81, 0x88,
    0x18, 0xff, 0x88, 0x10,

    /* U+65E9 "早" */
    0x3f, 0xf8, 0x40, 0x10, 0x80, 0x21, 0xff, 0xc2,
    0x0, 0x84, 0x1, 0xf, 0xfe, 0x0, 0x80, 0x1,
    0x1, 0xff, 0xfc, 0x4, 0x0, 0x8, 0x0, 0x10,
    0x0, 0x20, 0x0,

    /* U+65F6 "时" */
    0x0, 0x13, 0xe0, 0x48, 0x81, 0x23, 0xff, 0x88,
    0x12, 0x28, 0x4f, 0x91, 0x22, 0x44, 0x88, 0x92,
    0x20, 0x4f, 0x81, 0x20, 0x4, 0x0, 0x10, 0x3,
    0xc0,

    /* U+65F7 "旷" */
    0x0, 0x21, 0xe0, 0x2, 0x4f, 0xfc, 0x90, 0x9,
    0x20, 0x1e, 0x40, 0x24, 0x80, 0x49, 0x0, 0x92,
    0x1, 0x24, 0x3, 0xd8, 0x4, 0x20, 0x0, 0x40,
    0x1, 0x0, 0x0,

    /* U+6602 "昂" */
    0x3f, 0xf9, 0x0, 0x48, 0x2, 0x7f, 0xf2, 0x0,
    0x9f, 0xfc, 0x0, 0x3, 0xbf, 0x61, 0xa, 0x8,
    0x50, 0x42, 0x9a, 0x13, 0x13, 0x80, 0x80,

    /* U+660E "明" */
    0xf9, 0xfc, 0x48, 0x62, 0x43, 0x13, 0xff, 0x90,
    0xc4, 0x86, 0x24, 0x31, 0x7f, 0xfb, 0xc, 0x10,
    0x60, 0x82, 0x8, 0x10, 0x83, 0x80,

    /* U+660F "昏" */
    0x0, 0x63, 0xfc, 0x10, 0x80, 0x84, 0x7, 0xff,
    0xa0, 0x81, 0x2, 0x3f, 0xf, 0x7f, 0xe2, 0x1,
    0x10, 0x8, 0xff, 0xc4, 0x2, 0x20, 0x11, 0xff,
    0x80,

    /* U+6613 "易" */
    0x3f, 0xf9, 0x0, 0x48, 0x2, 0x7f, 0xf2, 0x0,
    0x90, 0x4, 0xff, 0xe1, 0x0, 0x1f, 0xf9, 0x22,
    0x52, 0x23, 0x21, 0x12, 0x10, 0x81, 0x38,

    /* U+661F "星" */
    0x3f, 0xf8, 0x40, 0x10, 0x80, 0x21, 0xff, 0xc2,
    0x0, 0x87, 0xff, 0x4, 0x40, 0x10, 0x80, 0x3f,
    0xfd, 0x82, 0x0, 0xff, 0xe0, 0x8, 0x0, 0x10,
    0x1f, 0xff, 0xc0,

    /* U+6620 "映" */
    0x0, 0x40, 0x1, 0xf, 0x4, 0x24, 0xfe, 0x92,
    0x4a, 0x49, 0x2f, 0x24, 0xa4, 0x92, 0x97, 0xfe,
    0x41, 0x9, 0xc, 0x3c, 0x28, 0x81, 0x20, 0x8,
    0x40, 0xc0, 0xc0,

    /* U+6625 "春" */
    0x0, 0x1, 0xff, 0xe0, 0x20, 0x1f, 0xfe, 0x4,
    0x3, 0xff, 0xf0, 0x84, 0x7, 0xf8, 0x30, 0x3b,
    0x40, 0x91, 0xfe, 0x4, 0x8, 0x10, 0x20, 0x7f,
    0x80,

    /* U+6628 "昨" */
    0x0, 0x0, 0x8, 0xf, 0xa0, 0x22, 0xff, 0x8c,
    0x82, 0x22, 0xf, 0x8f, 0xe2, 0x20, 0x88, 0x82,
    0x22, 0x8, 0x8f, 0xbe, 0x20, 0x80, 0x80, 0x2,
    0x0, 0x8, 0x0,

    /* U+662D "昭" */
    0xfb, 0xfc, 0x44, 0x62, 0x43, 0x12, 0x1f, 0xa0,
    0xc4, 0xa, 0x2f, 0xf1, 0x41, 0x8a, 0xf, 0xd0,
    0x60, 0x82, 0x7, 0xf0, 0x20, 0x80,

    /* U+662F "是" */
    0x3f, 0xf8, 0x40, 0x10, 0xff, 0xe1, 0x0, 0x42,
    0x0, 0x87, 0xff, 0x0, 0x0, 0x7f, 0xff, 0x1,
    0x0, 0x22, 0x0, 0x47, 0xf1, 0x48, 0x4, 0x50,
    0x10, 0x3f, 0xc0,

    /* U+663C "昼" */
    0x1f, 0xf8, 0x40, 0x10, 0x80, 0x20, 0xff, 0xc2,
    0x2, 0x4, 0x4, 0x13, 0xfe, 0x48, 0xb, 0xf,
    0xf0, 0x20, 0x20, 0x40, 0x40, 0x7f, 0x80, 0x0,
    0xf, 0xff, 0x80,

    /* U+663E "显" */
    0x3f, 0xf8, 0x80, 0x22, 0x0, 0x8f, 0xfe, 0x20,
    0x8, 0x80, 0x23, 0xff, 0x80, 0x0, 0x44, 0x80,
    0x92, 0x41, 0x4a, 0x1, 0x20, 0xff, 0xfc,

    /* U+6643 "晃" */
    0x3f, 0xfc, 0x40, 0x8, 0xff, 0xf1, 0x0, 0x22,
    0x0, 0x47, 0xff, 0x84, 0x42, 0x8, 0x88, 0x1,
    0x1, 0xff, 0xfc, 0x11, 0x0, 0x42, 0x1, 0x4,
    0x8, 0xf, 0xc0,

    /* U+664C "晌" */
    0x0, 0x3, 0xc2, 0x9, 0x8, 0x25, 0xff, 0x94,
    0x6, 0x50, 0x1f, 0x5e, 0x65, 0x49, 0x95, 0x26,
    0x54, 0x99, 0x52, 0x7d, 0x71, 0x84, 0x4, 0x10,
    0x10, 0x41, 0xc0,

    /* U+6655 "晕" */
    0x3f, 0xf1, 0x0, 0x43, 0xff, 0x10, 0x4, 0x3f,
    0xe3, 0xff, 0xf8, 0x0, 0x7f, 0xff, 0x11, 0x0,
    0xff, 0xe0, 0x10, 0x3f, 0xff, 0x1, 0x0, 0x4,
    0x0,

    /* U+665A "晚" */
    0x1, 0x3, 0xc7, 0x89, 0x22, 0x25, 0x0, 0x9f,
    0xfb, 0xd1, 0x29, 0x44, 0xa5, 0x12, 0x97, 0xfa,
    0x42, 0x8f, 0xa, 0x20, 0x49, 0x2, 0x24, 0x70,
    0xf0,

    /* U+6666 "晦" */
    0x1, 0x3, 0xc8, 0x9, 0x3f, 0xe5, 0x0, 0x94,
    0x2, 0x43, 0xef, 0x28, 0xa4, 0x92, 0x92, 0xa,
    0x5f, 0xf9, 0x48, 0xbd, 0x12, 0x83, 0xfc, 0x0,
    0x20, 0x3, 0x0,

    /* U+6668 "晨" */
    0x3f, 0xf8, 0x40, 0x10, 0xff, 0xe1, 0x0, 0x43,
    0xff, 0x80, 0x0, 0x1f, 0xfe, 0x2f, 0xfc, 0x40,
    0x0, 0xff, 0xfd, 0x22, 0x2, 0x42, 0xc8, 0x82,
    0x11, 0xe3, 0x80, 0x0, 0x0,

    /* U+666E "普" */
    0x0, 0x0, 0x21, 0x7, 0xff, 0x91, 0x22, 0x24,
    0x90, 0x52, 0x86, 0xb5, 0x8f, 0xfc, 0x20, 0x10,
    0x80, 0x43, 0xff, 0x8, 0x4, 0x20, 0x10, 0xff,
    0xc0,

    /* U+666F "景" */
    0x3f, 0xf1, 0x0, 0x43, 0xff, 0x10, 0x4, 0x3f,
    0xf0, 0x8, 0x7, 0xdf, 0x8f, 0xfc, 0x20, 0x10,
    0x80, 0x43, 0xff, 0x0, 0x88, 0x32, 0x1b, 0x18,
    0x0,

    /* U+6670 "晰" */
    0x2, 0x0, 0x4, 0x13, 0xc9, 0xc4, 0x92, 0x9,
    0xfc, 0x12, 0x48, 0x3d, 0x9f, 0x4b, 0xa4, 0x9a,
    0xc9, 0x34, 0x92, 0x69, 0x27, 0x92, 0x48, 0x28,
    0x80, 0x51, 0x0, 0xa2, 0x0,

    /* U+6676 "晶" */
    0x1f, 0xe2, 0x2, 0x20, 0x21, 0xfe, 0x20, 0x21,
    0xfe, 0x0, 0xf, 0xdf, 0x85, 0x18, 0x51, 0xfd,
    0xf8, 0x51, 0x85, 0x1f, 0xdf,

    /* U+667A "智" */
    0x0, 0x1, 0x0, 0x7, 0xef, 0xe4, 0x41, 0xff,
    0x4, 0x44, 0x12, 0xcf, 0xd0, 0x0, 0x3f, 0xf0,
    0x80, 0x42, 0x1, 0xf, 0xfc, 0x20, 0x10, 0x80,
    0x43, 0xff, 0x0,

    /* U+6682 "暂" */
    0x20, 0x1b, 0xfb, 0x84, 0x8, 0x1f, 0xbf, 0x10,
    0x90, 0x4a, 0x4f, 0xd1, 0x0, 0x44, 0x3f, 0xf1,
    0x0, 0x43, 0xff, 0x10, 0x4, 0x40, 0x10, 0xff,
    0xc0,

    /* U+6684 "暄" */
    0x0, 0x3, 0xc1, 0x9, 0x7f, 0xe5, 0x1, 0x94,
    0x2, 0x47, 0xe9, 0x0, 0x3c, 0xfe, 0x92, 0xa,
    0x4f, 0xe9, 0x20, 0xbc, 0x82, 0x83, 0xf8, 0x0,
    0x0, 0x7f, 0xc0,

    /* U+6687 "暇" */
    0xf7, 0xbd, 0x29, 0xa, 0x52, 0x14, 0xa4, 0x29,
    0x7b, 0xde, 0x80, 0x25, 0x0, 0x4b, 0xde, 0x94,
    0x29, 0x28, 0x53, 0xde, 0x44, 0x20, 0x80, 0x42,
    0x80, 0x98, 0x80,

    /* U+6696 "暖" */
    0x0, 0x39, 0xef, 0x82, 0x40, 0x24, 0x90, 0x89,
    0x7f, 0xd2, 0x20, 0x3d, 0xff, 0x49, 0x0, 0x93,
    0xf9, 0x26, 0x23, 0xd4, 0x44, 0x25, 0x0, 0x86,
    0x2, 0x73, 0x80,

    /* U+6697 "暗" */
    0x0, 0x43, 0xc1, 0x9, 0x7f, 0xe4, 0x0, 0x91,
    0x13, 0xdf, 0xf9, 0x0, 0x24, 0xfe, 0x92, 0xa,
    0x48, 0x2f, 0x3f, 0xa0, 0x82, 0x2, 0x8, 0xf,
    0xe0,

    /* U+66AE "暮" */
    0x8, 0x43, 0xff, 0xf0, 0x84, 0xd, 0xec, 0x3f,
    0xf0, 0x80, 0x43, 0xff, 0x2, 0x0, 0xff, 0xfc,
    0x80, 0x86, 0xfd, 0xc7, 0xfc, 0x20, 0x10, 0x7f,
    0xc0,

    /* U+66B4 "暴" */
    0x3f, 0xf8, 0x40, 0x10, 0xff, 0xe1, 0x0, 0x43,
    0xff, 0x81, 0x4, 0x1f, 0xff, 0x4, 0x10, 0xff,
    0xfe, 0x10, 0x40, 0xe4, 0xf2, 0x8, 0x3, 0x93,
    0x80, 0xe0, 0x0,

    /* U+66DC "曜" */
    0xf3, 0x9e, 0x52, 0x99, 0x9, 0x65, 0xa7, 0xf2,
    0x42, 0x49, 0x9, 0x3f, 0xe5, 0x90, 0x9b, 0xfa,
    0x49, 0xe, 0x3f, 0x80, 0x90, 0x3, 0xfc,

    /* U+66F0 "曰" */
    0xff, 0xf8, 0x1, 0x80, 0x18, 0x1, 0x80, 0x1f,
    0xf9, 0x80, 0x18, 0x1, 0x80, 0x18, 0x1, 0x80,
    0x1f, 0xff, 0x80, 0x10,

    /* U+66F2 "曲" */
    0x8, 0x80, 0x44, 0x2, 0x21, 0xff, 0xf8, 0x88,
    0xc4, 0x46, 0x22, 0x3f, 0xff, 0x88, 0x8c, 0x44,
    0x62, 0x23, 0x11, 0x1f, 0xff, 0xc0, 0x4,

    /* U+66F4 "更" */
    0xff, 0xfe, 0x2, 0x0, 0xff, 0xf1, 0x8, 0x23,
    0xff, 0xc4, 0x20, 0x88, 0x41, 0x1f, 0xfe, 0x11,
    0x0, 0x14, 0x0, 0x10, 0x0, 0x5c, 0x7, 0x3,
    0xe0,

    /* U+66F8 "書" */
    0x1, 0x0, 0xff, 0xc0, 0x11, 0x1f, 0xfe, 0x3f,
    0xf0, 0x4, 0x7, 0xff, 0xc0, 0x40, 0x7e, 0xf8,
    0xff, 0xc2, 0x1, 0xf, 0xfc, 0x20, 0x10, 0xff,
    0xc0,

    /* U+66F9 "曹" */
    0x4, 0x83, 0xff, 0xf0, 0x48, 0x1f, 0xfe, 0x44,
    0x89, 0xff, 0xe4, 0x48, 0x9f, 0xfe, 0x0, 0x0,
    0xff, 0xc3, 0xff, 0x8, 0x4, 0x20, 0x10, 0xff,
    0xc0,

    /* U+66FE "曾" */
    0x0, 0x0, 0x8, 0x1, 0xf, 0xff, 0x84, 0x1a,
    0x49, 0x95, 0x16, 0xae, 0x7f, 0xe4, 0x2, 0x40,
    0x27, 0xfe, 0x40, 0x27, 0xfe, 0x40, 0x20,

    /* U+66FF "替" */
    0x10, 0x20, 0x40, 0x87, 0xcf, 0x84, 0x8, 0xfd,
    0xfc, 0x41, 0x82, 0x89, 0x11, 0x3, 0xbf, 0xf0,
    0x80, 0x42, 0x1, 0xf, 0xfc, 0x20, 0x10, 0x80,
    0x43, 0xff, 0x0,

    /* U+6700 "最" */
    0x1f, 0xf8, 0x40, 0x10, 0x7f, 0xe1, 0x0, 0x41,
    0xff, 0x80, 0x0, 0x3f, 0xff, 0x91, 0x0, 0x3e,
    0xfc, 0x44, 0x88, 0xf9, 0x21, 0x11, 0x82, 0x73,
    0xb, 0x59, 0x80,

    /* U+6708 "月" */
    0x1f, 0xf1, 0x1, 0x10, 0x11, 0x1, 0x1f, 0xf1,
    0x1, 0x10, 0x11, 0x1, 0x3f, 0xf2, 0x1, 0x20,
    0x16, 0x1, 0x40, 0x18, 0xf,

    /* U+6709 "有" */
    0x4, 0x0, 0x10, 0xf, 0xff, 0xc2, 0x0, 0x10,
    0x0, 0x7f, 0xc3, 0x1, 0x17, 0xfc, 0x90, 0x10,
    0x40, 0x41, 0xff, 0x4, 0x4, 0x10, 0x10, 0x41,
    0xc0,

    /* U+670B "朋" */
    0x3e, 0x7c, 0x89, 0x12, 0x24, 0x48, 0x91, 0x3e,
    0x7c, 0x89, 0x12, 0x24, 0x48, 0x91, 0x3e, 0x7c,
    0x89, 0x16, 0x2c, 0x50, 0xa1, 0x42, 0x86, 0x3c,
    0x70,

    /* U+670D "服" */
    0x3e, 0xfe, 0x22, 0x82, 0x22, 0x82, 0x22, 0x8e,
    0x3e, 0x80, 0x22, 0xfe, 0x22, 0x82, 0x22, 0xa2,
    0x3e, 0xa4, 0x22, 0x94, 0x62, 0x88, 0x42, 0x98,
    0x42, 0xa4, 0x8e, 0xc2,

    /* U+6717 "朗" */
    0x10, 0x0, 0x43, 0xf1, 0x8, 0x5f, 0xa1, 0x42,
    0x85, 0xfb, 0xf4, 0x28, 0x50, 0xa1, 0x7e, 0x85,
    0x3, 0xf4, 0x88, 0x51, 0x21, 0x5a, 0x85, 0x8c,
    0x10, 0x11, 0xc0,

    /* U+671B "望" */
    0x0, 0x0, 0x11, 0xf8, 0x2, 0x13, 0xf7, 0xe2,
    0x8, 0x44, 0x1f, 0x8b, 0x21, 0x8, 0x82, 0x0,
    0x8, 0xff, 0xf8, 0x4, 0x1, 0xff, 0xc0, 0x10,
    0x0, 0x20, 0x3f, 0xff, 0x80,

    /* U+671D "朝" */
    0x10, 0x0, 0x87, 0xff, 0xa2, 0x21, 0x11, 0x8,
    0xf7, 0x7e, 0xa, 0x3f, 0xd1, 0x82, 0x8f, 0xf7,
    0xc4, 0x23, 0xfe, 0x11, 0x10, 0x89, 0x4, 0x48,
    0x60,

    /* U+671F "期" */
    0x22, 0x7e, 0x44, 0x87, 0xff, 0x9, 0x12, 0x13,
    0xe7, 0xe4, 0x48, 0x48, 0x90, 0x9f, 0x21, 0x22,
    0x7f, 0xff, 0x84, 0x1, 0x9, 0x22, 0x14, 0x28,
    0x30, 0x11, 0xc0,

    /* U+6728 "木" */
    0x1, 0x0, 0x2, 0x0, 0x4, 0x0, 0x8, 0xf,
    0xff, 0xe0, 0x70, 0x1, 0x50, 0x4, 0x90, 0x11,
    0x20, 0x22, 0x20, 0x84, 0x26, 0x8, 0x30, 0x10,
    0x0, 0x20, 0x0,

    /* U+672A "未" */
    0x1, 0x0, 0x2, 0x0, 0x4, 0x3, 0xff, 0xe0,
    0x10, 0x0, 0x20, 0x0, 0x40, 0x7f, 0xff, 0x3,
    0x80, 0xa, 0x80, 0x24, 0x80, 0x88, 0x82, 0x10,
    0x98, 0x20, 0xc0, 0x40, 0x0,

    /* U+672B "末" */
    0x1, 0x0, 0x2, 0x0, 0x4, 0x7, 0xff, 0xf0,
    0x10, 0x0, 0x20, 0x0, 0x40, 0x3f, 0xfe, 0x3,
    0x80, 0xa, 0x80, 0x24, 0x80, 0x88, 0x82, 0x10,
    0x98, 0x20, 0xc0, 0x40, 0x0,

    /* U+672C "本" */
    0x1, 0x0, 0x2, 0x0, 0x4, 0x0, 0x8, 0xf,
    0xff, 0xe0, 0x30, 0x1, 0x50, 0x4, 0xa0, 0x9,
    0x20, 0x22, 0x20, 0x84, 0x22, 0xff, 0xa8, 0x10,
    0x20, 0x20, 0x0, 0x40, 0x0,

    /* U+672D "札" */
    0x8, 0x40, 0x10, 0x80, 0x21, 0x0, 0x42, 0x7,
    0xf4, 0x1, 0x8, 0x7, 0x10, 0x15, 0x20, 0x29,
    0x40, 0x90, 0x81, 0x21, 0x4, 0x42, 0x10, 0x84,
    0x21, 0x8, 0x42, 0x1f, 0x80,

    /* U+672F "术" */
    0x1, 0x0, 0x4, 0xc0, 0x10, 0x80, 0x40, 0xff,
    0xfc, 0xc, 0x0, 0x58, 0x2, 0x50, 0x9, 0x20,
    0x44, 0x42, 0x10, 0xb0, 0x41, 0x1, 0x0, 0x4,
    0x0,

    /* U+6734 "朴" */
    0x10, 0x40, 0x20, 0x80, 0x41, 0x7, 0xf2, 0x1,
    0x4, 0x7, 0xc, 0x15, 0x16, 0x2a, 0x22, 0x50,
    0x43, 0x20, 0x80, 0x41, 0x0, 0x82, 0x1, 0x4,
    0x2, 0x8, 0x0,

    /* U+6735 "朵" */
    0xf, 0xe0, 0x10, 0x40, 0x20, 0x80, 0xc1, 0x1,
    0x2, 0xc, 0x23, 0x80, 0x40, 0x7f, 0xff, 0x5,
    0x80, 0x12, 0x80, 0x44, 0x81, 0x8, 0xcc, 0x10,
    0x60, 0x20, 0x0,

    /* U+673A "机" */
    0x10, 0x0, 0x11, 0xf8, 0x11, 0x8, 0x11, 0x8,
    0xff, 0x8, 0x11, 0x8, 0x31, 0x8, 0x59, 0x8,
    0x55, 0x8, 0x91, 0x8, 0x91, 0x8, 0x12, 0x9,
    0x12, 0x9, 0x12, 0x9, 0x14, 0xe,

    /* U+673D "朽" */
    0x10, 0x0, 0x27, 0xfc, 0x42, 0x7, 0xe4, 0x3,
    0x90, 0x7, 0x20, 0x15, 0x3e, 0x29, 0x4, 0x90,
    0x9, 0x20, 0x10, 0x40, 0x20, 0x80, 0x41, 0x0,
    0x82, 0x1e, 0x0,

    /* U+6740 "杀" */
    0x10, 0x10, 0x1c, 0x40, 0x7, 0x0, 0xa, 0x0,
    0x63, 0x7, 0x21, 0x0, 0x40, 0x7f, 0xff, 0x1,
    0x0, 0x2, 0x20, 0xc4, 0x22, 0x8, 0x28, 0x10,
    0x0, 0xe0, 0x0,

    /* U+6742 "杂" */
    0x0, 0x0, 0x8, 0x1, 0xff, 0x80, 0x41, 0x0,
    0x82, 0x22, 0x4, 0x78, 0x47, 0x0, 0x80, 0xff,
    0xfc, 0x2, 0x0, 0x4, 0x80, 0x88, 0x82, 0x10,
    0x88, 0x20, 0x1, 0xc0, 0x0,

    /* U+6743 "权" */
    0x10, 0x0, 0x20, 0x0, 0x4f, 0xf0, 0x90, 0x2f,
    0xd0, 0x42, 0x21, 0xc, 0x42, 0x2c, 0x44, 0x54,
    0x91, 0x20, 0xa2, 0x40, 0x80, 0x81, 0x1, 0xd,
    0x2, 0x21, 0x5, 0x81, 0x80,

    /* U+6746 "杆" */
    0x10, 0x0, 0x20, 0x0, 0x4f, 0xf8, 0x81, 0xf,
    0xe2, 0x2, 0x4, 0xc, 0x8, 0x2d, 0xff, 0x54,
    0x20, 0xa0, 0x42, 0x40, 0x80, 0x81, 0x1, 0x2,
    0x2, 0x4, 0x4, 0x8, 0x0,

    /* U+674E "李" */
    0x0, 0x0, 0x8, 0xf, 0xff, 0xc1, 0xa0, 0xa,
    0x40, 0x48, 0x86, 0x1, 0x87, 0xf9, 0x0, 0x40,
    0x2, 0xf, 0xff, 0xc0, 0x80, 0x2, 0x0, 0x8,
    0x0, 0xe0, 0x0,

    /* U+6750 "材" */
    0x8, 0x4, 0x8, 0x4, 0x8, 0x4, 0x8, 0x4,
    0x7e, 0xff, 0x18, 0xc, 0x1c, 0x14, 0x2a, 0x14,
    0x28, 0x24, 0x48, 0x44, 0x48, 0x84, 0x9, 0x4,
    0x8, 0x4, 0x8, 0x4, 0x8, 0x3c,

    /* U+6751 "村" */
    0x8, 0x4, 0x8, 0x4, 0x8, 0x4, 0x8, 0x4,
    0x7f, 0xff, 0x8, 0x4, 0x18, 0x4, 0x2c, 0x4,
    0x2a, 0x44, 0x48, 0x24, 0x48, 0x24, 0x8, 0x4,
    0x8, 0x4, 0x8, 0x4, 0x8, 0x3c,

    /* U+6756 "杖" */
    0x10, 0x10, 0x20, 0x20, 0x40, 0x47, 0xff, 0xf3,
    0x1, 0x7, 0x22, 0x15, 0x44, 0x2a, 0x50, 0x90,
    0xa1, 0x20, 0xc0, 0x41, 0x80, 0x84, 0x81, 0x10,
    0x82, 0x40, 0xc0,

    /* U+675C "杜" */
    0x10, 0x20, 0x20, 0x40, 0x40, 0x87, 0xf1, 0x1,
    0x2, 0x6, 0x7f, 0xd6, 0x8, 0x2a, 0x10, 0x50,
    0x21, 0x20, 0x40, 0x40, 0x80, 0x81, 0x1, 0x2,
    0x2, 0x7f, 0xc0,

    /* U+675F "束" */
    0x1, 0x0, 0x2, 0x1, 0xff, 0xf8, 0x8, 0x0,
    0x10, 0x7, 0xff, 0x88, 0x41, 0x10, 0x82, 0x21,
    0x4, 0x7f, 0xf8, 0x6, 0x0, 0x3a, 0x0, 0x92,
    0x2, 0x23, 0x18, 0x41, 0x80,

    /* U+6760 "杠" */
    0x10, 0x0, 0x2f, 0xf8, 0x41, 0x7, 0xe2, 0x3,
    0x4, 0x6, 0x8, 0x16, 0x10, 0x2a, 0x20, 0x90,
    0x41, 0x20, 0x80, 0x41, 0x0, 0x82, 0x1, 0x7f,
    0xe2, 0x0, 0x0,

    /* U+6761 "条" */
    0x4, 0x0, 0x20, 0x1, 0xfc, 0xc, 0x10, 0x48,
    0x80, 0x1c, 0x1, 0xd0, 0x38, 0xb8, 0x2, 0x1d,
    0xff, 0xc0, 0x24, 0x4, 0x88, 0x22, 0x11, 0x8,
    0x20, 0x60, 0x0,

    /* U+6765 "来" */
    0x1, 0x0, 0x2, 0x1, 0xff, 0xf0, 0x8, 0x1,
    0x11, 0x2, 0x22, 0x0, 0x48, 0x7f, 0xff, 0x3,
    0x80, 0xa, 0x80, 0x24, 0x80, 0x88, 0x82, 0x10,
    0xd8, 0x20, 0x40,

    /* U+676F "杯" */
    0x10, 0x0, 0x20, 0x0, 0x4f, 0xf8, 0x80, 0x8f,
    0xc2, 0x2, 0x4, 0xc, 0x1c, 0x3c, 0x56, 0x55,
    0x24, 0xa4, 0x46, 0x40, 0x84, 0x81, 0x1, 0x2,
    0x2, 0x4, 0x4, 0x8, 0x0,

    /* U+6770 "杰" */
    0x1, 0x0, 0x2, 0x0, 0x4, 0x7, 0xff, 0xe0,
    0x30, 0x0, 0xb0, 0x2, 0x50, 0x8, 0x90, 0x21,
    0x10, 0x82, 0x10, 0x4, 0x10, 0x0, 0x2, 0x44,
    0x88, 0x88, 0x90, 0x1, 0x0,

    /* U+677E "松" */
    0x10, 0x0, 0x21, 0x0, 0x42, 0x20, 0x84, 0x4f,
    0xd0, 0x82, 0x20, 0x8c, 0x41, 0x1d, 0x21, 0x54,
    0x40, 0xa1, 0x2, 0x42, 0x24, 0x84, 0x41, 0x10,
    0x42, 0x2f, 0x84, 0x20, 0x0,

    /* U+677F "板" */
    0x10, 0x18, 0x25, 0xc3, 0xf8, 0x0, 0x90, 0x1,
    0x3f, 0xc7, 0x50, 0x95, 0xa2, 0x29, 0x24, 0x52,
    0x51, 0x24, 0x60, 0x48, 0x80, 0xa2, 0x81, 0x58,
    0x82, 0x80, 0xc0,

    /* U+6781 "极" */
    0x10, 0x0, 0x27, 0xf0, 0x42, 0x23, 0xe4, 0x81,
    0x9, 0x7, 0x13, 0xd5, 0x61, 0x28, 0xa2, 0x51,
    0x49, 0x22, 0x50, 0x48, 0xc0, 0x91, 0x81, 0x44,
    0x82, 0x90, 0xc0,

    /* U+6784 "构" */
    0x10, 0x80, 0x22, 0x0, 0x43, 0xff, 0xe8, 0x11,
    0x20, 0x26, 0x50, 0x56, 0x20, 0xaa, 0x41, 0x91,
    0x13, 0x23, 0xc4, 0x40, 0x8, 0x80, 0x11, 0x0,
    0x62, 0x3, 0x80,

    /* U+6789 "枉" */
    0x10, 0x0, 0x27, 0xfc, 0x40, 0x87, 0xe1, 0x1,
    0x2, 0x6, 0x4, 0x16, 0xff, 0xaa, 0x10, 0x50,
    0x21, 0x20, 0x42, 0x40, 0x80, 0x81, 0x1, 0x2,
    0x2, 0xff, 0xc0,

    /* U+6790 "析" */
    0x10, 0x0, 0x20, 0x70, 0x47, 0x0, 0x88, 0xf,
    0xf0, 0x2, 0x20, 0xc, 0x7f, 0x9c, 0x88, 0x55,
    0x10, 0xa2, 0x22, 0x44, 0x44, 0x88, 0x81, 0x11,
    0x2, 0x42, 0x4, 0x84, 0x0,

    /* U+6795 "枕" */
    0x10, 0x20, 0x10, 0x20, 0x10, 0x20, 0x7f, 0xfe,
    0x12, 0x22, 0x12, 0x22, 0x3a, 0x22, 0x54, 0x60,
    0x50, 0x60, 0x90, 0x60, 0x10, 0xa0, 0x11, 0x21,
    0x12, 0x21, 0x14, 0x1e,

    /* U+6797 "林" */
    0x8, 0x10, 0x8, 0x10, 0x8, 0x10, 0x8, 0x10,
    0x7e, 0xfe, 0x8, 0x10, 0x1c, 0x18, 0x2a, 0x38,
    0x29, 0x54, 0x48, 0x54, 0x48, 0x92, 0x88, 0x92,
    0x9, 0x10, 0x8, 0x10, 0x8, 0x10,

    /* U+679A "枚" */
    0x10, 0x0, 0x21, 0x0, 0x42, 0x0, 0x84, 0xf,
    0xd7, 0xe2, 0x30, 0x8c, 0xa2, 0x1d, 0x44, 0x58,
    0x88, 0xa8, 0xa2, 0x49, 0x44, 0x81, 0x1, 0x5,
    0x2, 0x11, 0x4, 0x41, 0x80,

    /* U+679C "果" */
    0x3f, 0xf8, 0x42, 0x10, 0x84, 0x21, 0xff, 0xc2,
    0x10, 0x84, 0x21, 0xf, 0xfe, 0x0, 0x80, 0xff,
    0xfe, 0xb, 0x0, 0x25, 0x80, 0x88, 0x82, 0x10,
    0xd8, 0x20, 0x40,

    /* U+679D "枝" */
    0x10, 0x20, 0x20, 0x40, 0x40, 0x87, 0xef, 0xe1,
    0x2, 0x7, 0x3f, 0x95, 0x41, 0x28, 0x84, 0x50,
    0x89, 0x21, 0x20, 0x41, 0x80, 0x83, 0x1, 0x19,
    0x82, 0x40, 0xc0,

    /* U+67A2 "枢" */
    0x13, 0xfe, 0x24, 0x0, 0x48, 0x7, 0xf4, 0x41,
    0x28, 0x86, 0x4a, 0x16, 0x8c, 0x2b, 0x8, 0x52,
    0x31, 0x24, 0x92, 0x4a, 0x10, 0x90, 0x1, 0x20,
    0x2, 0x7f, 0xc0,

    /* U+67AA "枪" */
    0x10, 0x0, 0x20, 0x80, 0x42, 0x80, 0x84, 0x8f,
    0xd0, 0x82, 0x40, 0x87, 0x7e, 0x9c, 0x84, 0x55,
    0x8, 0xa2, 0x12, 0x45, 0xe0, 0x88, 0x1, 0x10,
    0x22, 0x20, 0x44, 0x7f, 0x0,

    /* U+67AD "枭" */
    0x2, 0x0, 0x10, 0x3, 0xff, 0x8, 0x4, 0x24,
    0x10, 0x8c, 0x42, 0x2, 0xf, 0xff, 0x2, 0x7,
    0xff, 0xd0, 0x70, 0x42, 0xae, 0x32, 0x41, 0x8,
    0xe8, 0x20, 0x0,

    /* U+67AF "枯" */
    0x10, 0x20, 0x10, 0x20, 0x10, 0x20, 0x7b, 0xff,
    0x10, 0x20, 0x38, 0x20, 0x54, 0x20, 0x53, 0xfc,
    0x52, 0x4, 0x92, 0x4, 0x12, 0x4, 0x12, 0x4,
    0x12, 0x4, 0x13, 0xfc,

    /* U+67B6 "架" */
    0x10, 0x0, 0x40, 0xf, 0xef, 0xc4, 0xa1, 0x22,
    0x84, 0x8a, 0x14, 0x28, 0x63, 0x5e, 0x1, 0x3,
    0xff, 0xf0, 0x38, 0x1, 0x50, 0x19, 0x20, 0x84,
    0x44, 0x10, 0xc0,

    /* U+67C4 "柄" */
    0x10, 0x0, 0x27, 0xfc, 0x40, 0x81, 0xc1, 0x1,
    0x3f, 0xe3, 0x44, 0x4e, 0x88, 0xab, 0x31, 0x52,
    0x53, 0x25, 0x14, 0x48, 0x8, 0x90, 0x11, 0x20,
    0x22, 0x41, 0xc0,

    /* U+67D0 "某" */
    0x8, 0x10, 0x8, 0x10, 0x7f, 0xfe, 0x8, 0x10,
    0x8, 0x10, 0xf, 0xf0, 0x8, 0x10, 0xf, 0xf0,
    0x1, 0x0, 0x7f, 0xfe, 0x5, 0x80, 0x9, 0x60,
    0x11, 0x10, 0x61, 0xc, 0x1, 0x2,

    /* U+67D3 "染" */
    0x40, 0x80, 0x61, 0x0, 0x3f, 0xc4, 0x8, 0x84,
    0x11, 0x4, 0x42, 0x50, 0x84, 0xa6, 0x8f, 0x1,
    0x1, 0xff, 0xfc, 0x16, 0x0, 0x4a, 0x1, 0x13,
    0x4, 0x21, 0x30, 0x41, 0x80,

    /* U+67D4 "柔" */
    0x3f, 0xf0, 0x0, 0x80, 0x3c, 0x3f, 0xff, 0x3,
    0x8, 0x34, 0x43, 0x10, 0x11, 0xc0, 0x1, 0x3,
    0xff, 0xf0, 0x58, 0x2, 0x50, 0x11, 0x31, 0x84,
    0x30,

    /* U+67E5 "查" */
    0x1, 0x0, 0x4, 0xf, 0xff, 0xc1, 0x60, 0x9,
    0x40, 0x44, 0x82, 0x11, 0x97, 0xfd, 0x10, 0x10,
    0x7f, 0xc1, 0x1, 0x7, 0xfc, 0x0, 0x1, 0xff,
    0xf0,

    /* U+67F1 "柱" */
    0x10, 0x40, 0x20, 0x40, 0x40, 0x7, 0xff, 0xf1,
    0x2, 0x7, 0x4, 0x16, 0x8, 0x28, 0xfe, 0x50,
    0x21, 0x20, 0x40, 0x40, 0x80, 0x81, 0x1, 0x2,
    0x2, 0x7f, 0xc0,

    /* U+67F3 "柳" */
    0x20, 0x0, 0x84, 0x2, 0x63, 0xc9, 0x29, 0xfc,
    0xa4, 0x92, 0x92, 0x4a, 0x5d, 0x29, 0x64, 0xa6,
    0x92, 0x9a, 0x7a, 0x48, 0x4f, 0x21, 0x20, 0x88,
    0x82, 0x42, 0x0,

    /* U+67F4 "柴" */
    0x8, 0x0, 0x91, 0x11, 0x3e, 0xc2, 0x44, 0x4,
    0x88, 0x29, 0x70, 0x4d, 0x5f, 0x80, 0x80, 0xff,
    0xfe, 0xb, 0x0, 0x25, 0x0, 0x89, 0x86, 0x10,
    0xd0, 0x20, 0x40,

    /* U+67FF "柿" */
    0x10, 0x40, 0x20, 0x40, 0x4f, 0xfb, 0xe1, 0x1,
    0x2, 0x7, 0x3f, 0xce, 0x48, 0xaa, 0x91, 0x51,
    0x23, 0x22, 0x44, 0x44, 0x88, 0x89, 0x71, 0x2,
    0x2, 0x4, 0x0,

    /* U+6805 "栅" */
    0x20, 0x0, 0x9e, 0xe2, 0x4a, 0x89, 0x2a, 0xfc,
    0xa8, 0x92, 0xa2, 0x4a, 0x9f, 0xff, 0x64, 0xaa,
    0x92, 0xaa, 0x4a, 0x89, 0x2a, 0x24, 0xa8, 0xa3,
    0x22, 0x9d, 0x80,

    /* U+6807 "标" */
    0x10, 0x0, 0x20, 0x0, 0x47, 0xf0, 0x80, 0xf,
    0xc0, 0x2, 0x0, 0xe, 0x7f, 0x9c, 0x10, 0x54,
    0x21, 0x20, 0x52, 0x44, 0x90, 0x91, 0x21, 0x22,
    0x22, 0x4, 0x4, 0x38, 0x0,

    /* U+680B "栋" */
    0x10, 0x40, 0x20, 0x80, 0x42, 0x0, 0x8f, 0xe7,
    0xc8, 0x2, 0x24, 0xc, 0x48, 0x1d, 0x10, 0x55,
    0xfc, 0xa0, 0x42, 0x40, 0x84, 0x89, 0x21, 0x22,
    0x22, 0x4, 0x4, 0x38, 0x0,

    /* U+680F "栏" */
    0x10, 0x88, 0x21, 0x11, 0xf0, 0x40, 0x8f, 0xe1,
    0x0, 0x7, 0x0, 0x15, 0x0, 0x28, 0x0, 0x51,
    0xfd, 0x20, 0x0, 0x40, 0x0, 0x80, 0x1, 0x3f,
    0xe2, 0x0, 0x0,

    /* U+6811 "树" */
    0x20, 0x8, 0x9e, 0x22, 0x10, 0xbe, 0x5f, 0x21,
    0x8, 0x94, 0x27, 0x30, 0x9a, 0x4a, 0xa3, 0xa,
    0x8a, 0x22, 0x40, 0x89, 0x2, 0x20, 0x8, 0x80,
    0xe0,

    /* U+6813 "栓" */
    0x10, 0x20, 0x10, 0x60, 0x10, 0x90, 0xfd, 0x88,
    0x12, 0x4, 0x39, 0xfe, 0x38, 0x20, 0x54, 0x20,
    0x50, 0x20, 0x91, 0xfc, 0x90, 0x20, 0x10, 0x20,
    0x10, 0x20, 0x13, 0xff,

    /* U+6816 "栖" */
    0x13, 0xfe, 0x20, 0xa1, 0xf1, 0x40, 0x9f, 0xf1,
    0x25, 0x27, 0x4a, 0x4e, 0x94, 0xa9, 0x29, 0x52,
    0x9f, 0x26, 0x4, 0x48, 0x8, 0x90, 0x11, 0x3f,
    0xe2, 0x40, 0x40,

    /* U+6817 "栗" */
    0xff, 0xfc, 0x12, 0x0, 0x48, 0x1f, 0xfe, 0x44,
    0x89, 0x12, 0x27, 0xff, 0x80, 0x80, 0xff, 0xfc,
    0x1c, 0x0, 0xac, 0x4, 0x88, 0x62, 0x1a, 0x0,
    0x10,

    /* U+6821 "校" */
    0x10, 0x40, 0x20, 0x80, 0x40, 0x80, 0x8e, 0xe7,
    0xc0, 0x2, 0x21, 0x4, 0x41, 0x1d, 0x5, 0x34,
    0x88, 0xa1, 0x21, 0x41, 0x44, 0x81, 0x1, 0x5,
    0x2, 0x11, 0x4, 0x41, 0x80,

    /* U+6837 "样" */
    0x11, 0x4, 0x22, 0x8, 0x42, 0x23, 0xff, 0xf1,
    0x2, 0x2, 0x4, 0xe, 0x7f, 0x28, 0x10, 0x50,
    0x21, 0x2f, 0xfc, 0x40, 0x80, 0x81, 0x1, 0x2,
    0x2, 0x4, 0x0,

    /* U+6838 "核" */
    0x10, 0x20, 0x20, 0x40, 0x4f, 0xfb, 0xe2, 0x1,
    0x8, 0x6, 0x21, 0xe, 0x44, 0x2a, 0x70, 0x50,
    0x45, 0x21, 0x12, 0x44, 0x40, 0x81, 0x41, 0x4,
    0x42, 0x30, 0x40, 0x0, 0x0,

    /* U+6839 "根" */
    0x13, 0xfc, 0x24, 0xb, 0xf8, 0x10, 0x9f, 0xe1,
    0x20, 0x47, 0x40, 0x97, 0xff, 0x29, 0x20, 0x52,
    0x43, 0x24, 0x58, 0x48, 0xc0, 0x90, 0x81, 0x26,
    0xc2, 0xf0, 0x40,

    /* U+683C "格" */
    0x10, 0x40, 0x10, 0x80, 0x10, 0xfc, 0x10, 0x84,
    0xfd, 0x88, 0x12, 0x50, 0x30, 0x20, 0x38, 0x50,
    0x54, 0x8c, 0x57, 0xfe, 0x91, 0x4, 0x91, 0x4,
    0x11, 0x4, 0x11, 0x4, 0x11, 0xfc,

    /* U+683D "栽" */
    0x8, 0x40, 0x10, 0xa1, 0xfd, 0x20, 0x42, 0x20,
    0x84, 0x1f, 0xff, 0xc2, 0x10, 0x4, 0x22, 0xff,
    0x68, 0x10, 0x60, 0x70, 0xc1, 0x59, 0xc, 0x85,
    0x21, 0x12, 0x42, 0x43, 0x80,

    /* U+6840 "桀" */
    0x0, 0x10, 0x20, 0x20, 0xbb, 0xf2, 0x10, 0x81,
    0x41, 0x1, 0x1f, 0xc4, 0x44, 0x10, 0x88, 0x7f,
    0xfe, 0x7, 0x0, 0x35, 0x0, 0x89, 0x6, 0x11,
    0x80, 0x20, 0xc0,

    /* U+6843 "桃" */
    0x10, 0x50, 0x10, 0x50, 0x12, 0x52, 0x7e, 0x52,
    0x11, 0x54, 0x10, 0x58, 0x38, 0x50, 0x34, 0x58,
    0x51, 0x54, 0x92, 0x52, 0x10, 0x90, 0x10, 0x91,
    0x11, 0x11, 0x12, 0x1f,

    /* U+6846 "框" */
    0x10, 0x0, 0x27, 0xfc, 0x48, 0x0, 0x90, 0xf,
    0xff, 0xc2, 0x44, 0x6, 0x88, 0x1b, 0xfe, 0x52,
    0x20, 0xa4, 0x41, 0x48, 0x84, 0x9f, 0xf1, 0x20,
    0x2, 0x40, 0x4, 0xff, 0x80,

    /* U+6848 "案" */
    0x2, 0x3, 0xff, 0xf8, 0x0, 0x7f, 0xff, 0x10,
    0x40, 0x42, 0x0, 0xf8, 0x3f, 0x1e, 0x2, 0x3,
    0xff, 0xf0, 0x68, 0x2, 0x90, 0x32, 0x33, 0x0,
    0x30,

    /* U+684C "桌" */
    0x1, 0x0, 0x3, 0xf8, 0x4, 0x1, 0xff, 0xc2,
    0x0, 0x87, 0xff, 0x8, 0x2, 0x1f, 0xfc, 0x1,
    0x1, 0xff, 0xfc, 0x16, 0x0, 0x4b, 0x1, 0x11,
    0x9c, 0x20, 0xc0,

    /* U+6851 "桑" */
    0x3f, 0xf0, 0x38, 0x40, 0xf, 0x1, 0xf1, 0x87,
    0xcf, 0xc9, 0x1, 0xc, 0x1c, 0x36, 0xe6, 0x1,
    0x1, 0xff, 0xfc, 0x16, 0x0, 0x4b, 0x1, 0x11,
    0x9c, 0x20, 0xc0,

    /* U+6863 "档" */
    0x10, 0x20, 0x40, 0x81, 0x2, 0x44, 0x4a, 0xfd,
    0x28, 0x40, 0x83, 0xbf, 0xce, 0x1, 0x54, 0x5,
    0x40, 0x19, 0x3f, 0xe4, 0x1, 0x10, 0x4, 0x4f,
    0xf1, 0x0, 0x40,

    /* U+6865 "桥" */
    0x10, 0xc, 0x21, 0xe0, 0x41, 0x3, 0xc2, 0x1,
    0x3f, 0xe7, 0x12, 0x16, 0x42, 0x2a, 0x82, 0x52,
    0x8b, 0x21, 0x12, 0x44, 0x20, 0x88, 0x41, 0x10,
    0x82, 0x41, 0x0,

    /* U+6868 "桨" */
    0x8, 0x40, 0x91, 0xfd, 0x24, 0x10, 0x52, 0x41,
    0x82, 0x9d, 0x6, 0x2, 0x70, 0x0, 0x80, 0xff,
    0xfe, 0xb, 0x0, 0x25, 0x0, 0x89, 0x86, 0x10,
    0xc0, 0x20, 0x40,

    /* U+6869 "桩" */
    0x10, 0x20, 0x10, 0x10, 0x11, 0xff, 0xfd, 0x0,
    0x11, 0x10, 0x39, 0x10, 0x35, 0x10, 0x55, 0xfe,
    0x51, 0x10, 0x91, 0x10, 0x91, 0x10, 0x12, 0x10,
    0x12, 0x10, 0x15, 0xff,

    /* U+6876 "桶" */
    0x13, 0xfc, 0x40, 0x21, 0x5, 0xe, 0xc, 0x13,
    0xfc, 0x68, 0x93, 0x62, 0x55, 0xff, 0x52, 0x25,
    0x48, 0x99, 0x3f, 0xc4, 0x89, 0x12, 0x24, 0x48,
    0xb0,

    /* U+6881 "梁" */
    0x40, 0x0, 0x6f, 0xf0, 0x2, 0x22, 0x24, 0x62,
    0x48, 0xc3, 0x21, 0x48, 0x42, 0x21, 0x38, 0x5,
    0x0, 0x2, 0x3, 0xff, 0xf8, 0x2c, 0x0, 0x96,
    0x2, 0x23, 0x38, 0x41, 0x80,

    /* U+6885 "梅" */
    0x20, 0x0, 0x87, 0xf2, 0x20, 0x3f, 0x0, 0x25,
    0xf8, 0x88, 0x27, 0x24, 0x9c, 0x82, 0xa7, 0xfe,
    0x92, 0x22, 0x44, 0x88, 0xff, 0x20, 0x8, 0x80,
    0xc0,

    /* U+68A2 "梢" */
    0x14, 0x22, 0x24, 0x48, 0x44, 0xa3, 0xc1, 0x1,
    0x3f, 0xc7, 0x40, 0x8e, 0x81, 0x2b, 0xfe, 0x52,
    0x5, 0x24, 0xa, 0x4f, 0xf0, 0x90, 0x21, 0x20,
    0x42, 0x43, 0x80,

    /* U+68A6 "梦" */
    0x10, 0x20, 0x20, 0x43, 0xff, 0xf8, 0x81, 0x7,
    0xcf, 0xa, 0x55, 0x24, 0x49, 0x81, 0x0, 0x7,
    0xf8, 0x30, 0x21, 0x0, 0x80, 0x22, 0x0, 0x38,
    0x0, 0x40, 0xf, 0x0, 0x0,

    /* U+68A7 "梧" */
    0x13, 0xfe, 0x20, 0x80, 0x42, 0x3, 0xef, 0xe1,
    0x8, 0x43, 0x11, 0xd, 0xff, 0xa8, 0x0, 0x50,
    0x1, 0x23, 0xfa, 0x48, 0x10, 0x90, 0x21, 0x20,
    0x42, 0x3f, 0x80,

    /* U+68AF "梯" */
    0x11, 0x8, 0x21, 0x20, 0x4f, 0xf7, 0xe1, 0x21,
    0x2, 0x47, 0x7f, 0x9e, 0x88, 0x29, 0x10, 0x53,
    0xff, 0x20, 0xc6, 0x42, 0x88, 0x89, 0x11, 0x22,
    0xc2, 0x4, 0x0,

    /* U+68B0 "械" */
    0x20, 0x10, 0x81, 0x22, 0x4, 0x3e, 0xee, 0x22,
    0xa0, 0xca, 0x93, 0x2a, 0x99, 0xfa, 0xa2, 0xaa,
    0x92, 0xca, 0x49, 0x9, 0x2c, 0x20, 0xcc, 0x82,
    0x30,

    /* U+68C0 "检" */
    0x10, 0x40, 0x20, 0xc1, 0xf2, 0x40, 0x88, 0x41,
    0x2f, 0xc7, 0x80, 0x4e, 0x0, 0x28, 0x22, 0x51,
    0x29, 0x20, 0x50, 0x40, 0x20, 0x80, 0x81, 0x7f,
    0xe2, 0x0, 0x0,

    /* U+68CD "棍" */
    0x10, 0x0, 0x27, 0xf8, 0x48, 0x10, 0x90, 0x2f,
    0xff, 0xc2, 0x40, 0x8e, 0xff, 0x1a, 0x0, 0x50,
    0x20, 0xa4, 0x4e, 0x47, 0xa4, 0x91, 0x81, 0x22,
    0x2, 0x4c, 0x44, 0xef, 0x80,

    /* U+68D2 "棒" */
    0x10, 0x20, 0x27, 0xfc, 0x41, 0x3, 0xef, 0xe1,
    0x4, 0x3, 0x7f, 0xcd, 0x2a, 0x18, 0x94, 0x52,
    0xfc, 0xa0, 0x46, 0x40, 0x80, 0x9f, 0xe1, 0x2,
    0x2, 0x4, 0x0,

    /* U+68D5 "棕" */
    0x10, 0x40, 0x20, 0x40, 0x4f, 0xf8, 0x90, 0x13,
    0xbf, 0xa3, 0x0, 0xd, 0x0, 0x29, 0xff, 0x50,
    0x21, 0x20, 0x50, 0x44, 0x90, 0x91, 0x11, 0x2,
    0x2, 0x1c, 0x0,

    /* U+68D8 "棘" */
    0x8, 0x10, 0x10, 0x21, 0xfb, 0xf8, 0x40, 0x87,
    0xef, 0xe9, 0x52, 0x52, 0xa4, 0xa5, 0x59, 0x4e,
    0xd6, 0x30, 0xb0, 0xba, 0x61, 0x48, 0xa4, 0xa1,
    0x21, 0x2, 0x0,

    /* U+68DA "棚" */
    0x27, 0xbc, 0x92, 0x92, 0x4a, 0x5d, 0x29, 0x27,
    0xbc, 0xd2, 0x97, 0x4a, 0x69, 0x29, 0xa7, 0xbe,
    0x92, 0x92, 0x4a, 0x4a, 0x29, 0x28, 0xc4, 0x87,
    0x30,

    /* U+68EE "森" */
    0x0, 0x80, 0x0, 0x80, 0x3f, 0xfe, 0x2, 0x80,
    0x4, 0xe0, 0x8, 0x90, 0x30, 0x8e, 0x8, 0x10,
    0x8, 0x10, 0x7f, 0xff, 0x18, 0x38, 0x2c, 0x54,
    0x2a, 0x94, 0xc8, 0x93, 0x8, 0x10,

    /* U+68F5 "棵" */
    0x13, 0xfc, 0x24, 0x48, 0x48, 0x93, 0xdf, 0xe1,
    0x22, 0x46, 0x44, 0x96, 0xff, 0x2a, 0x10, 0x53,
    0xff, 0x20, 0xe2, 0x42, 0xa0, 0x89, 0x21, 0x22,
    0x22, 0x4, 0x0,

    /* U+68FA "棺" */
    0x10, 0x0, 0x27, 0xfc, 0x48, 0xb, 0xd0, 0x11,
    0x1f, 0x86, 0x21, 0x16, 0x42, 0x2a, 0xfc, 0x51,
    0x1, 0x23, 0xf8, 0x44, 0x10, 0x88, 0x21, 0x1f,
    0xc2, 0x20, 0x80,

    /* U+690D "植" */
    0x10, 0x40, 0x27, 0xfc, 0x41, 0x3, 0xc2, 0x1,
    0x1f, 0xc2, 0x40, 0x8e, 0x7f, 0x29, 0x2, 0x51,
    0xfd, 0x24, 0x8, 0x47, 0xf0, 0x90, 0x21, 0x20,
    0x42, 0xff, 0xc0,

    /* U+692D "椭" */
    0x20, 0x0, 0x4f, 0x40, 0x92, 0x81, 0x29, 0xef,
    0xd2, 0x4, 0xc8, 0x9, 0x5f, 0x3a, 0xa2, 0x6c,
    0xfd, 0x49, 0x8a, 0x93, 0x15, 0x3b, 0xe2, 0x44,
    0x44, 0x88, 0x89, 0x13, 0x0,

    /* U+695A "楚" */
    0x10, 0x20, 0x20, 0x43, 0xf7, 0xf0, 0x81, 0x7,
    0xcf, 0x12, 0x25, 0x84, 0x8, 0x0, 0x0, 0xff,
    0xfc, 0x2, 0x8, 0x84, 0x1, 0xf, 0xc3, 0x10,
    0x9, 0xa0, 0x20, 0xff, 0x80,

    /* U+697C "楼" */
    0x20, 0x8, 0x8a, 0x42, 0x8, 0x3f, 0xff, 0x20,
    0xa0, 0x86, 0x47, 0x60, 0xaa, 0x21, 0xa7, 0xfe,
    0x84, 0x42, 0x22, 0x8, 0x58, 0x20, 0xa0, 0x9c,
    0x60,

    /* U+6982 "概" */
    0x27, 0xbe, 0x49, 0x10, 0x92, 0x23, 0xbd, 0x42,
    0x4a, 0x84, 0x95, 0x1d, 0xef, 0xb2, 0x8, 0xa5,
    0x19, 0x49, 0x30, 0x9a, 0xa1, 0x61, 0x42, 0x4,
    0xa4, 0x11, 0xc0,

    /* U+69FD "槽" */
    0x10, 0x50, 0x27, 0xfc, 0x41, 0x43, 0xff, 0xf1,
    0x25, 0x26, 0x7f, 0xce, 0x94, 0xab, 0xff, 0x51,
    0xfd, 0x22, 0xa, 0x44, 0x10, 0x8f, 0xe1, 0x10,
    0x42, 0x3f, 0x80,

    /* U+6A11 "樑" */
    0x10, 0x0, 0x11, 0x7c, 0x10, 0x24, 0x12, 0x24,
    0x7c, 0xa5, 0x11, 0xa5, 0x12, 0x44, 0x3a, 0x5c,
    0x38, 0x0, 0x50, 0x20, 0x57, 0xff, 0x90, 0xb0,
    0x11, 0x28, 0x12, 0x26, 0x14, 0x21,

    /* U+6A21 "模" */
    0x21, 0x0, 0x84, 0x82, 0x7f, 0xc8, 0x48, 0xf9,
    0x0, 0x9b, 0xe3, 0x7f, 0x9d, 0x2, 0x6c, 0xa,
    0x9f, 0xea, 0x8, 0x2b, 0xff, 0x21, 0x40, 0x88,
    0x82, 0xc1, 0x80,

    /* U+6A2A "横" */
    0x10, 0x88, 0x10, 0x88, 0x13, 0xfe, 0x10, 0x88,
    0xfc, 0x88, 0x17, 0xfe, 0x30, 0x20, 0x33, 0xfe,
    0x5a, 0x22, 0x53, 0xfe, 0x92, 0x22, 0x93, 0xfe,
    0x10, 0x0, 0x10, 0x84, 0x13, 0x2,

    /* U+6A31 "樱" */
    0x13, 0xdc, 0x28, 0xd8, 0x55, 0xb3, 0xeb, 0x61,
    0x56, 0xc3, 0x2a, 0xd, 0xa6, 0x1a, 0x32, 0x50,
    0x80, 0xaf, 0xfe, 0x44, 0x40, 0x88, 0x81, 0xf,
    0x2, 0xf1, 0x80,

    /* U+6A47 "橇" */
    0x20, 0x0, 0x43, 0xc0, 0x82, 0x61, 0x3f, 0xf,
    0x89, 0xc4, 0xfc, 0x8, 0x21, 0x38, 0x7e, 0x68,
    0x85, 0x4e, 0xf2, 0x8c, 0x61, 0x10, 0x92, 0xf7,
    0xc4, 0x52, 0x48, 0xc7, 0x80,

    /* U+6A59 "橙" */
    0x0, 0x0, 0x27, 0xc8, 0x42, 0x60, 0x84, 0x93,
    0x90, 0x82, 0x5e, 0x8e, 0x0, 0xac, 0xfe, 0x55,
    0x4, 0xa2, 0xa, 0x47, 0xf4, 0x80, 0x41, 0x9,
    0x2, 0x2, 0x5, 0xff, 0x80,

    /* U+6A61 "橡" */
    0x10, 0xf0, 0x22, 0x20, 0x48, 0x43, 0xff, 0xe1,
    0x22, 0x43, 0x7f, 0x8e, 0x10, 0x28, 0xe4, 0x50,
    0x79, 0x23, 0x50, 0x41, 0x90, 0x8d, 0x21, 0x22,
    0x22, 0x1c, 0x0,

    /* U+6A90 "檐" */
    0x21, 0xe0, 0x88, 0x82, 0x44, 0x3f, 0xef, 0x24,
    0x80, 0xd0, 0xa6, 0xff, 0xe9, 0x0, 0xa4, 0xf0,
    0x97, 0xe2, 0x40, 0x9, 0x7e, 0x2a, 0x8, 0xa7,
    0xe0,

    /* U+6B20 "欠" */
    0x8, 0x0, 0x20, 0x0, 0x40, 0x0, 0xff, 0xe2,
    0x0, 0x44, 0x21, 0x10, 0x42, 0x0, 0x88, 0x2,
    0x80, 0x5, 0x0, 0x12, 0x0, 0x22, 0x0, 0x82,
    0x2, 0x2, 0x18, 0x3, 0x80,

    /* U+6B21 "次" */
    0x1, 0x0, 0x84, 0x0, 0x88, 0x0, 0x9f, 0xe0,
    0x40, 0x40, 0x89, 0x1, 0x12, 0x0, 0x20, 0x0,
    0x40, 0x21, 0x80, 0x82, 0x82, 0x9, 0x8, 0x21,
    0x0, 0x81, 0x2, 0x1, 0x80,

    /* U+6B22 "欢" */
    0x0, 0x0, 0x0, 0x81, 0xf9, 0x0, 0x13, 0xf0,
    0x28, 0x28, 0xd0, 0x49, 0x48, 0x12, 0x10, 0x1c,
    0x20, 0x10, 0x40, 0x60, 0xc0, 0xa2, 0x82, 0x4,
    0x88, 0x10, 0x80, 0x40, 0x80,

    /* U+6B23 "欣" */
    0x4, 0x0, 0xf1, 0x1, 0x3, 0xfa, 0x4, 0x14,
    0x12, 0x2f, 0xe4, 0x92, 0x49, 0x24, 0x18, 0x48,
    0x30, 0x90, 0x61, 0x21, 0x42, 0x42, 0x48, 0x88,
    0x91, 0x20, 0x80, 0x40, 0x80,

    /* U+6B27 "欧" */
    0x0, 0x3, 0xfa, 0x8, 0x8, 0x20, 0x3f, 0xc5,
    0x6, 0x94, 0x9b, 0x92, 0xa6, 0x8, 0x88, 0x22,
    0x60, 0x8a, 0x42, 0x28, 0x94, 0xc0, 0x52, 0x2,
    0x2f, 0xe8, 0x80, 0x41,

    /* U+6B32 "欲" */
    0x0, 0x40, 0x48, 0x80, 0x8a, 0x2, 0xb, 0xf8,
    0x89, 0x23, 0x12, 0x45, 0x45, 0x11, 0x8, 0x41,
    0x11, 0x7c, 0x20, 0x88, 0xc1, 0x12, 0x82, 0x24,
    0x87, 0xd0, 0x88, 0x21, 0x0,

    /* U+6B3A "欺" */
    0x22, 0x0, 0x44, 0x81, 0xf9, 0xf9, 0x12, 0x13,
    0xe9, 0x24, 0x52, 0x88, 0x84, 0x1f, 0x8, 0x22,
    0x11, 0xff, 0x60, 0x0, 0xc1, 0x21, 0x44, 0x24,
    0x50, 0x10, 0x40,

    /* U+6B3E "款" */
    0x0, 0x0, 0x42, 0xf, 0xe8, 0x4, 0x20, 0x11,
    0x7f, 0xfc, 0x10, 0x12, 0x9f, 0xca, 0x0, 0x23,
    0xf8, 0x81, 0x2, 0x14, 0x14, 0x92, 0x50, 0x42,
    0x23, 0x10, 0x40,

    /* U+6B47 "歇" */
    0x0, 0x1, 0xf9, 0x4, 0x24, 0x1f, 0x9f, 0x42,
    0x85, 0xfe, 0x64, 0x1, 0x1f, 0x84, 0x82, 0x11,
    0x28, 0x46, 0x63, 0x10, 0x8c, 0x7e, 0x48, 0x9,
    0x20, 0xe8, 0x40,

    /* U+6B49 "歉" */
    0x1, 0x20, 0x22, 0x20, 0x14, 0x20, 0x7f, 0xbe,
    0x14, 0x42, 0x7f, 0x54, 0x15, 0x14, 0x7f, 0x90,
    0x15, 0x10, 0x15, 0x10, 0x7f, 0x28, 0x16, 0x28,
    0x36, 0x24, 0x55, 0x44, 0x14, 0x83,

    /* U+6B4C "歌" */
    0x0, 0x1, 0xff, 0x0, 0x12, 0x3, 0xe7, 0xe4,
    0xc8, 0x49, 0xa4, 0x9f, 0x4a, 0x0, 0x10, 0xff,
    0x20, 0x4, 0x41, 0xe9, 0x84, 0x52, 0x87, 0xa4,
    0x80, 0x51, 0x3, 0xc1, 0x80,

    /* U+6B62 "止" */
    0x1, 0x0, 0x4, 0x0, 0x10, 0x0, 0x40, 0x21,
    0x0, 0x84, 0x2, 0x1f, 0xc8, 0x40, 0x21, 0x0,
    0x84, 0x2, 0x10, 0x8, 0x40, 0x21, 0x3, 0xff,
    0xf0,

    /* U+6B63 "正" */
    0xff, 0xfc, 0x2, 0x0, 0x4, 0x0, 0x8, 0x2,
    0x10, 0x4, 0x3f, 0x8, 0x40, 0x10, 0x80, 0x21,
    0x0, 0x42, 0x0, 0x84, 0x7, 0xff, 0xf0,

    /* U+6B64 "此" */
    0x8, 0x80, 0x11, 0x0, 0x22, 0x2, 0x44, 0x4,
    0x88, 0x89, 0xf6, 0x12, 0x30, 0x24, 0x40, 0x48,
    0x80, 0x91, 0x1, 0x22, 0xa, 0x44, 0x14, 0xf8,
    0x3e, 0x1f, 0xc0,

    /* U+6B65 "步" */
    0x1, 0x0, 0x22, 0x0, 0x47, 0xe0, 0x88, 0x1,
    0x10, 0x1f, 0xff, 0xc0, 0x40, 0x4, 0x88, 0x11,
    0x20, 0x42, 0x81, 0x6, 0x0, 0x8, 0x0, 0x60,
    0x1f, 0x0, 0x0,

    /* U+6B66 "武" */
    0x0, 0x40, 0x7e, 0xa0, 0x1, 0x20, 0x2, 0xf,
    0xff, 0xe0, 0x88, 0x9, 0x10, 0x13, 0xe0, 0x24,
    0x40, 0x48, 0x40, 0x90, 0x81, 0x21, 0x12, 0x71,
    0x3b, 0x1, 0xc0,

    /* U+6B6A "歪" */
    0x7f, 0xfc, 0x4, 0x0, 0x20, 0x3, 0x90, 0x12,
    0x33, 0x88, 0x30, 0x0, 0x1f, 0xff, 0x2, 0x0,
    0x8, 0x2, 0x1f, 0x88, 0x80, 0x22, 0x3, 0xff,
    0xf0,

    /* U+6B79 "歹" */
    0xff, 0xf8, 0x20, 0x2, 0x0, 0x1f, 0xe1, 0x2,
    0x10, 0x11, 0x21, 0x10, 0x88, 0x2, 0x80, 0x8,
    0x1, 0x80, 0x10, 0x7, 0x0, 0x0,

    /* U+6B7B "死" */
    0xff, 0xfe, 0x10, 0x40, 0x10, 0x40, 0x1f, 0x44,
    0x21, 0x48, 0x41, 0x70, 0x92, 0x40, 0xa, 0x40,
    0x4, 0x40, 0x8, 0x41, 0x10, 0x41, 0x20, 0x41,
    0x40, 0x7f,

    /* U+6B86 "殆" */
    0x0, 0x3, 0xf2, 0x2, 0x10, 0x10, 0x40, 0x42,
    0x11, 0x48, 0x24, 0x7f, 0xe2, 0x0, 0xc8, 0x0,
    0xc7, 0xe1, 0x20, 0x88, 0x82, 0x22, 0x9, 0x8,
    0x28, 0x1f, 0x80,

    /* U+6B89 "殉" */
    0x0, 0x3, 0xf4, 0x2, 0x10, 0x10, 0x7f, 0x42,
    0x5, 0x70, 0x18, 0x9e, 0x62, 0x89, 0x29, 0xe4,
    0x48, 0x91, 0x22, 0x44, 0x79, 0x20, 0x5, 0x0,
    0x14, 0x7, 0xc0,

    /* U+6B8A "殊" */
    0xfc, 0x40, 0x84, 0x81, 0x9, 0x2, 0x1f, 0xc7,
    0xc4, 0x11, 0x88, 0x35, 0xff, 0x18, 0x70, 0x11,
    0x60, 0x22, 0xa0, 0x89, 0x21, 0x22, 0x24, 0x84,
    0x10, 0x8, 0x0,

    /* U+6B8B "残" */
    0x0, 0x81, 0xf9, 0x20, 0x82, 0x22, 0x4, 0x4,
    0xb, 0x8f, 0x78, 0x12, 0x20, 0x44, 0x47, 0x89,
    0xf0, 0x60, 0x88, 0x41, 0x21, 0x2, 0x82, 0x6,
    0x28, 0x76, 0x60, 0x3, 0x80,

    /* U+6BB5 "段" */
    0x2, 0x0, 0x18, 0xf0, 0xc2, 0x21, 0x4, 0x42,
    0x8, 0x87, 0x91, 0x8, 0x43, 0x90, 0x0, 0x3f,
    0xf8, 0x40, 0x10, 0x82, 0x21, 0x32, 0x8f, 0x86,
    0x4, 0xa, 0x8, 0x22, 0x0, 0x2,

    /* U+6BB7 "殷" */
    0x0, 0x0, 0x3e, 0x7c, 0x20, 0x44, 0x3e, 0x44,
    0x22, 0x44, 0x3e, 0x44, 0x22, 0x87, 0x22, 0x0,
    0x3e, 0xfe, 0x20, 0x82, 0x3e, 0x44, 0x22, 0x28,
    0x42, 0x10, 0x42, 0x28, 0x8f, 0xc6,

    /* U+6BBF "殿" */
    0x3f, 0x38, 0x21, 0x48, 0x21, 0x48, 0x3f, 0x48,
    0x2a, 0x40, 0x2a, 0x2, 0x2e, 0x7e, 0x2a, 0x42,
    0x2a, 0x42, 0x3f, 0xa4, 0x60, 0x28, 0x4a, 0x18,
    0x51, 0x18, 0x90, 0x66, 0x0, 0x80,

    /* U+6BC1 "毁" */
    0x10, 0x1, 0xf3, 0xc8, 0x49, 0x3f, 0x24, 0x84,
    0x92, 0x12, 0x3f, 0xd0, 0x0, 0x3c, 0xfe, 0x88,
    0x41, 0x41, 0x5, 0x4, 0x8, 0x3e, 0xd3, 0xc,
    0x30,

    /* U+6BC5 "毅" */
    0x0, 0x0, 0x21, 0xf3, 0xfa, 0x22, 0x24, 0x40,
    0x88, 0x9f, 0xe1, 0x88, 0x0, 0x29, 0xfe, 0x94,
    0x4, 0x50, 0x93, 0x31, 0x21, 0xd1, 0x84, 0x83,
    0x11, 0x9, 0xc, 0x61, 0x80,

    /* U+6BCD "母" */
    0x1f, 0xf0, 0x80, 0x42, 0x21, 0x8, 0x64, 0x20,
    0x13, 0xff, 0xf4, 0x1, 0x11, 0x4, 0x42, 0x11,
    0x6, 0x44, 0x1, 0x1f, 0xfe, 0x0, 0x10, 0x7,
    0x80,

    /* U+6BCF "每" */
    0x10, 0x0, 0x40, 0x1, 0xff, 0xc8, 0x0, 0x40,
    0x2, 0x7f, 0xca, 0x41, 0x8, 0xe4, 0xff, 0xfc,
    0x80, 0x42, 0x21, 0x10, 0x44, 0x3f, 0xfc, 0x0,
    0x40, 0xe, 0x0,

    /* U+6BD2 "毒" */
    0x0, 0x80, 0x3f, 0xfe, 0x0, 0x80, 0x1f, 0xfc,
    0x0, 0x80, 0x3f, 0xff, 0x0, 0x0, 0x1f, 0xf8,
    0x10, 0x88, 0xff, 0xff, 0x11, 0x8, 0x10, 0x88,
    0x1f, 0xfe, 0x0, 0x70,

    /* U+6BD4 "比" */
    0x41, 0x1, 0x4, 0x4, 0x10, 0x10, 0x42, 0x41,
    0x11, 0xf5, 0x84, 0x10, 0x10, 0x40, 0x41, 0x1,
    0x4, 0x4, 0x10, 0x50, 0x41, 0x5d, 0x5, 0x87,
    0xe0,

    /* U+6BD5 "毕" */
    0x20, 0x80, 0x41, 0x0, 0x82, 0x41, 0xf5, 0x2,
    0xc, 0x4, 0x10, 0x88, 0x61, 0x2f, 0x7e, 0x1,
    0x0, 0x2, 0x3, 0xff, 0xf8, 0x8, 0x0, 0x10,
    0x0, 0x20, 0x0, 0x40, 0x0,

    /* U+6BD9 "毙" */
    0x41, 0x1, 0x4, 0x67, 0xf6, 0x10, 0x60, 0x41,
    0x5, 0x34, 0x1f, 0x1f, 0xc0, 0x0, 0xff, 0xfc,
    0x44, 0x7, 0xf0, 0xa1, 0x5c, 0x19, 0x0, 0x44,
    0x16, 0xf, 0xc0,

    /* U+6BDB "毛" */
    0x0, 0xc0, 0x7c, 0x6, 0x40, 0x1, 0x0, 0x7,
    0xe3, 0xf0, 0x0, 0x40, 0x1, 0x6, 0xf, 0xe1,
    0xd0, 0x0, 0x40, 0x1, 0x1, 0x4, 0x4, 0x1f,
    0xe0,

    /* U+6BEB "毫" */
    0x2, 0x3, 0xff, 0xf0, 0x0, 0xf, 0xfc, 0x20,
    0x10, 0x80, 0x41, 0xfe, 0x3f, 0xff, 0x80, 0x66,
    0xfe, 0x10, 0x20, 0xf, 0xf8, 0xff, 0xf8, 0x8,
    0x0, 0x3f, 0xc0,

    /* U+6C11 "民" */
    0x7f, 0xf9, 0x0, 0x24, 0x0, 0x90, 0x2, 0x7f,
    0xf9, 0x8, 0x4, 0x20, 0x10, 0x80, 0x7f, 0xfd,
    0x4, 0x4, 0x8, 0x10, 0x30, 0x58, 0x67, 0x80,
    0x70,

    /* U+6C13 "氓" */
    0x0, 0x0, 0x47, 0xf8, 0x48, 0x10, 0x10, 0x27,
    0xa0, 0x48, 0x7f, 0x90, 0x88, 0x21, 0x10, 0x43,
    0xfe, 0x84, 0x41, 0x8, 0x43, 0xd0, 0x80, 0x21,
    0x20, 0x49, 0x41, 0xe1, 0x80,

    /* U+6C14 "气" */
    0x10, 0x0, 0x40, 0x2, 0xff, 0x88, 0x0, 0x5f,
    0xf9, 0x0, 0x8, 0x0, 0x1f, 0xf8, 0x0, 0x20,
    0x0, 0x80, 0x2, 0x0, 0x4, 0x0, 0x10, 0x0,
    0x30, 0x0, 0xc0,

    /* U+6C1B "氛" */
    0x10, 0x0, 0x7f, 0xf6, 0x0, 0x17, 0xfe, 0x80,
    0x1, 0xff, 0x80, 0x2, 0x4, 0x48, 0x20, 0xd1,
    0xfd, 0xc1, 0x11, 0x4, 0x44, 0x21, 0xd, 0x1c,
    0x30,

    /* U+6C2A "氪" */
    0x10, 0x0, 0xff, 0xe4, 0x0, 0x3, 0xf8, 0x7f,
    0xf0, 0x0, 0x4f, 0xfd, 0x2, 0x4, 0x7f, 0x91,
    0x2, 0x47, 0xf9, 0x4, 0x84, 0x22, 0x37, 0xf,
    0x30,

    /* U+6C34 "水" */
    0x1, 0x0, 0x2, 0x0, 0x4, 0x0, 0x8, 0x4f,
    0xd8, 0x80, 0xb2, 0x2, 0x58, 0x4, 0x90, 0x11,
    0x20, 0x42, 0x21, 0x4, 0x24, 0x8, 0x30, 0x10,
    0x0, 0xe0, 0x0,

    /* U+6C38 "永" */
    0x3, 0x0, 0x1, 0x80, 0x0, 0x1, 0xf8, 0x0,
    0x10, 0x0, 0x20, 0xbe, 0x42, 0x4, 0xd8, 0x11,
    0x80, 0x22, 0x80, 0x84, 0x82, 0x8, 0x88, 0x10,
    0xc1, 0xe0, 0x0,

    /* U+6C40 "汀" */
    0x40, 0x0, 0x4f, 0xfc, 0x0, 0x80, 0x1, 0x0,
    0x2, 0x8, 0x4, 0x0, 0x8, 0x0, 0x10, 0x0,
    0x20, 0x40, 0x41, 0x0, 0x82, 0x1, 0x8, 0x2,
    0x10, 0x3c, 0x0,

    /* U+6C42 "求" */
    0x1, 0x20, 0x2, 0x20, 0x4, 0x27, 0xff, 0xf0,
    0x10, 0x0, 0x30, 0x88, 0x62, 0x8, 0xb8, 0x1,
    0x40, 0x6, 0x40, 0x34, 0x81, 0x88, 0x84, 0x10,
    0xc0, 0x20, 0x43, 0xc0, 0x0,

    /* U+6C47 "汇" */
    0x0, 0x0, 0x4f, 0xfc, 0x50, 0x0, 0x20, 0x0,
    0x40, 0x10, 0x80, 0x19, 0x0, 0x2, 0x0, 0x4,
    0x0, 0x28, 0x0, 0x90, 0x1, 0x20, 0x4, 0x40,
    0x8, 0xff, 0xc0, 0x0, 0x0,

    /* U+6C49 "汉" */
    0x40, 0x0, 0x9f, 0xe1, 0x40, 0x80, 0x82, 0x2,
    0x9, 0x8, 0x40, 0x11, 0x0, 0x48, 0x0, 0xa0,
    0x41, 0x2, 0xc, 0x8, 0x48, 0x42, 0x12, 0x10,
    0x30, 0x80, 0x0,

    /* U+6C57 "汗" */
    0x47, 0xfc, 0x60, 0x80, 0x1, 0x0, 0x2, 0x8,
    0x4, 0xc, 0x8, 0x3, 0xff, 0x80, 0x20, 0x0,
    0x40, 0x40, 0x80, 0x81, 0x2, 0x2, 0x4, 0x4,
    0x10, 0x8, 0x0,

    /* U+6C5F "江" */
    0x0, 0x0, 0xc0, 0x0, 0x5f, 0xf0, 0x2, 0x0,
    0x4, 0x10, 0x8, 0x18, 0x10, 0x0, 0x20, 0x0,
    0x40, 0x20, 0x80, 0x81, 0x1, 0x2, 0x4, 0x4,
    0x8, 0xff, 0xe0, 0x0, 0x0,

    /* U+6C60 "池" */
    0x40, 0x20, 0x64, 0x40, 0x8, 0x80, 0x11, 0x20,
    0x23, 0xc8, 0x7c, 0x89, 0x89, 0x5, 0x12, 0x2,
    0x24, 0x24, 0x48, 0x88, 0x81, 0x10, 0x14, 0x20,
    0x30, 0x7f, 0x80,

    /* U+6C61 "污" */
    0x40, 0x0, 0x9f, 0xe0, 0x0, 0x0, 0x0, 0x8f,
    0xfd, 0x88, 0x0, 0x20, 0x0, 0x80, 0x13, 0xf8,
    0x80, 0x42, 0x1, 0x10, 0x4, 0x80, 0x12, 0x7,
    0xc0,

    /* U+6C6A "汪" */
    0x40, 0x0, 0x4f, 0xf8, 0x41, 0x0, 0x2, 0x8,
    0x4, 0xc, 0x8, 0x1, 0xff, 0x0, 0x20, 0x10,
    0x40, 0x40, 0x80, 0x81, 0x2, 0x2, 0x4, 0x4,
    0x11, 0xff, 0xe0, 0x0, 0x0,

    /* U+6C70 "汰" */
    0x40, 0x80, 0xc2, 0x0, 0x8, 0x0, 0x20, 0x8f,
    0xfd, 0x3, 0x2, 0x14, 0x0, 0x50, 0x1, 0x20,
    0x8, 0x82, 0x22, 0x11, 0x4, 0x49, 0x8a, 0x41,
    0x10,

    /* U+6C72 "汲" */
    0x40, 0x0, 0x6f, 0xe0, 0x4, 0x40, 0x8, 0x88,
    0x12, 0xc, 0x23, 0x80, 0xa1, 0x1, 0x44, 0x2,
    0x48, 0x24, 0xa0, 0x90, 0xc1, 0x21, 0x84, 0x8c,
    0x92, 0x20, 0xc0,

    /* U+6C83 "沃" */
    0x60, 0xc, 0x2f, 0xe0, 0x1, 0x0, 0x2, 0x0,
    0x4, 0xc, 0x8, 0x7, 0xff, 0x80, 0x20, 0x0,
    0x60, 0x21, 0x40, 0x42, 0x41, 0x8, 0x82, 0x20,
    0x88, 0x80, 0xc2, 0x0, 0x0,

    /* U+6C89 "沉" */
    0x40, 0x0, 0x27, 0xfe, 0x14, 0x2, 0x4, 0x2,
    0x0, 0x0, 0x81, 0xf0, 0x21, 0x10, 0x1, 0x10,
    0x1, 0x10, 0x1, 0x10, 0x11, 0x10, 0x23, 0x10,
    0x22, 0x12, 0x46, 0x12, 0x84, 0x1e,

    /* U+6C99 "沙" */
    0x40, 0x40, 0x60, 0x80, 0x1, 0x0, 0x12, 0x48,
    0x44, 0x4c, 0x88, 0xc1, 0x10, 0x84, 0x22, 0x0,
    0x48, 0x20, 0x10, 0x80, 0x41, 0x1, 0x4, 0xc,
    0x10, 0xe0, 0x0,

    /* U+6CA1 "没" */
    0x21, 0xf0, 0x22, 0x20, 0x4, 0x40, 0x8, 0x80,
    0x21, 0x8, 0x81, 0xca, 0x0, 0x3, 0xfc, 0x2,
    0x8, 0x24, 0x20, 0x84, 0x81, 0x6, 0x4, 0xa,
    0x8, 0xe3, 0x0, 0x1, 0x80,

    /* U+6CA6 "沦" */
    0x0, 0x40, 0x40, 0x80, 0x46, 0x80, 0x8, 0x80,
    0x20, 0x91, 0x0, 0x98, 0x80, 0x1, 0x8, 0x2,
    0x20, 0x25, 0x80, 0x8c, 0x1, 0x10, 0x4, 0x20,
    0x48, 0x40, 0xa0, 0xff, 0x0,

    /* U+6CA7 "沧" */
    0x0, 0x40, 0xc1, 0x0, 0x42, 0x80, 0x8, 0x80,
    0x21, 0x10, 0x81, 0x92, 0xfe, 0x81, 0x4, 0x2,
    0x8, 0x24, 0x10, 0x89, 0xe1, 0x10, 0x4, 0x20,
    0x28, 0x40, 0x60, 0xff, 0x0,

    /* U+6CAB "沫" */
    0x0, 0x40, 0xc0, 0x80, 0x41, 0x0, 0x7f, 0xf0,
    0x4, 0x10, 0x8, 0x18, 0x10, 0x3, 0xff, 0x0,
    0xe0, 0x22, 0xc0, 0x89, 0x41, 0x12, 0x44, 0x44,
    0x49, 0x8, 0x40, 0x10, 0x0,

    /* U+6CAE "沮" */
    0x0, 0x0, 0xc7, 0xf0, 0x48, 0x20, 0x10, 0x40,
    0x20, 0x98, 0x7f, 0x8, 0x82, 0x1, 0x4, 0x2,
    0x8, 0x24, 0x10, 0x8f, 0xe1, 0x10, 0x44, 0x20,
    0x88, 0x41, 0x27, 0xff, 0x80,

    /* U+6CB3 "河" */
    0x40, 0x0, 0x5f, 0xfc, 0x40, 0x10, 0x0, 0x20,
    0x3e, 0x48, 0x44, 0x88, 0x89, 0x1, 0x12, 0x2,
    0x24, 0x27, 0xc8, 0x88, 0x12, 0x0, 0x24, 0x0,
    0x40, 0x7, 0x80,

    /* U+6CB9 "油" */
    0x20, 0x20, 0x30, 0x40, 0x0, 0x80, 0x1f, 0xf0,
    0x22, 0x2c, 0x44, 0x40, 0x88, 0x81, 0x11, 0x3,
    0xfe, 0x4, 0x44, 0x48, 0x89, 0x11, 0x14, 0x3f,
    0xe8, 0x40, 0x40,

    /* U+6CBB "治" */
    0x0, 0x81, 0x84, 0x0, 0x10, 0x0, 0x88, 0x4,
    0x12, 0x10, 0x24, 0xff, 0xc0, 0x0, 0x0, 0x0,
    0x1f, 0xe2, 0x40, 0x89, 0x2, 0x44, 0xa, 0x10,
    0x28, 0x7f, 0x80,

    /* U+6CBC "沼" */
    0x0, 0x3, 0x3f, 0xc4, 0x22, 0x2, 0x10, 0x10,
    0xc0, 0x85, 0x8, 0x24, 0x87, 0x8, 0x0, 0x3f,
    0xc5, 0x2, 0x48, 0x14, 0x40, 0xa2, 0x6, 0x1f,
    0xe0,

    /* U+6CBE "沾" */
    0x0, 0x40, 0xc0, 0x80, 0x41, 0x0, 0x2, 0x0,
    0x7, 0xf0, 0x8, 0x18, 0x10, 0x0, 0x20, 0x7,
    0xfc, 0x8, 0x8, 0x10, 0x11, 0x20, 0x24, 0x40,
    0x48, 0x80, 0xa1, 0xff, 0x0,

    /* U+6CC4 "泄" */
    0x44, 0x90, 0x49, 0x20, 0x12, 0x40, 0x24, 0x89,
    0xff, 0xc8, 0x92, 0x1, 0x24, 0x2, 0x48, 0x4,
    0x90, 0x49, 0xe1, 0x10, 0x2, 0x20, 0x8, 0x7f,
    0xf0, 0x0, 0x0,

    /* U+6CC9 "泉" */
    0x0, 0x0, 0x8, 0x3, 0xff, 0x10, 0x4, 0x3f,
    0xf1, 0x0, 0x44, 0x1, 0xf, 0xfc, 0x2, 0xb,
    0xe8, 0x40, 0xb6, 0x4, 0xa0, 0x22, 0x41, 0x8,
    0xc0, 0xe0, 0x80,

    /* U+6CCA "泊" */
    0x0, 0x1, 0x82, 0x0, 0x8, 0x1, 0xff, 0x4,
    0x6, 0x10, 0x16, 0x40, 0x41, 0x1, 0x7, 0xfc,
    0x10, 0x12, 0x40, 0x51, 0x1, 0x44, 0x6, 0x1f,
    0xf8, 0x40, 0x40,

    /* U+6CD5 "法" */
    0x40, 0x40, 0x60, 0x80, 0x1, 0x0, 0x3f, 0xe0,
    0x4, 0xc, 0x8, 0x1, 0xff, 0x80, 0x40, 0x10,
    0x80, 0x42, 0x20, 0x88, 0x42, 0x10, 0x44, 0x5f,
    0x50, 0x40, 0x80,

    /* U+6CDB "泛" */
    0x20, 0xc, 0x27, 0xe0, 0x0, 0x0, 0x2, 0x8,
    0x0, 0xc, 0xff, 0x80, 0x1, 0x0, 0x4, 0x0,
    0x10, 0x20, 0x40, 0x81, 0x1, 0x1c, 0x4, 0x58,
    0x9, 0xf, 0xc0,

    /* U+6CE1 "泡" */
    0x41, 0x0, 0x62, 0x0, 0x7, 0xf0, 0x10, 0x24,
    0x7f, 0x45, 0x42, 0x80, 0x85, 0x1, 0xa, 0x13,
    0xf4, 0x44, 0x8, 0x88, 0x72, 0x10, 0x4, 0x20,
    0x20, 0x7f, 0xc0,

    /* U+6CE2 "波" */
    0x0, 0x40, 0x80, 0x80, 0xc1, 0x0, 0x3f, 0xf0,
    0x44, 0x50, 0x88, 0x91, 0x10, 0x13, 0xfc, 0x6,
    0x8, 0xe, 0x10, 0x14, 0x41, 0x64, 0x84, 0x86,
    0x9, 0xc, 0x24, 0x67, 0x1, 0x0,

    /* U+6CE3 "泣" */
    0xc0, 0x0, 0x82, 0x0, 0x0, 0x3, 0xfe, 0x0,
    0x2, 0x10, 0x46, 0x41, 0x1, 0x8, 0x4, 0x20,
    0x8, 0x82, 0x22, 0x10, 0x90, 0x40, 0x42, 0x7f,
    0xf8, 0x0, 0x0,

    /* U+6CE5 "泥" */
    0x40, 0x0, 0x23, 0xfe, 0x12, 0x2, 0x2, 0x2,
    0x2, 0x2, 0x3, 0xfe, 0x62, 0x0, 0x2, 0x80,
    0x2, 0x84, 0x2, 0x98, 0x12, 0xe0, 0x26, 0x80,
    0x24, 0x81, 0x44, 0x81, 0x8, 0xfe,

    /* U+6CE8 "注" */
    0x20, 0x80, 0x20, 0x80, 0x0, 0x0, 0x7f, 0xf0,
    0x4, 0xc, 0x8, 0x0, 0x10, 0x3, 0xfe, 0x0,
    0x40, 0x20, 0x80, 0x81, 0x1, 0x2, 0x4, 0x4,
    0x9, 0xff, 0xc0,

    /* U+6CEA "泪" */
    0x40, 0x0, 0x8f, 0xf1, 0x20, 0x40, 0x81, 0x2,
    0x5, 0xf, 0xf3, 0x20, 0x40, 0x81, 0x2, 0x4,
    0x4f, 0xf1, 0x20, 0x48, 0x81, 0x22, 0x5, 0xf,
    0xf0, 0x20, 0x40,

    /* U+6CF0 "泰" */
    0x2, 0x1, 0xff, 0xe0, 0x20, 0xf, 0xfe, 0x4,
    0x0, 0x20, 0xf, 0xff, 0xc4, 0x10, 0x20, 0x31,
    0x9, 0x18, 0xb8, 0x3, 0x98, 0x32, 0x18, 0x18,
    0x0,

    /* U+6CF3 "泳" */
    0x0, 0xc0, 0x60, 0x60, 0x0, 0x0, 0x3e, 0x0,
    0x4, 0xc, 0x8, 0x83, 0xda, 0x0, 0xb8, 0x2,
    0x50, 0x24, 0xa0, 0x91, 0x22, 0x42, 0x24, 0x4,
    0x20, 0x38, 0x0,

    /* U+6CFC "泼" */
    0x0, 0x0, 0x44, 0x90, 0x51, 0x10, 0x22, 0x0,
    0x7f, 0xf0, 0x10, 0x18, 0x20, 0x0, 0x7e, 0x1,
    0x8, 0x6, 0x10, 0x4a, 0x41, 0x22, 0x82, 0x82,
    0x8, 0xa, 0x10, 0x63, 0x1, 0x1,

    /* U+6CFD "泽" */
    0x0, 0x1, 0xbf, 0xc1, 0x21, 0x0, 0x88, 0x1,
    0xc1, 0x5, 0x1, 0xeb, 0x0, 0x23, 0x7, 0xf8,
    0x82, 0x4, 0xff, 0xd0, 0x20, 0x80, 0x80, 0x2,
    0x0,

    /* U+6D01 "洁" */
    0x0, 0x40, 0xc0, 0x80, 0x41, 0x0, 0x7f, 0xf0,
    0x4, 0x10, 0x8, 0x10, 0x10, 0x13, 0xfe, 0x0,
    0x0, 0x27, 0xf8, 0x88, 0x11, 0x10, 0x24, 0x20,
    0x48, 0x40, 0xa0, 0xff, 0x0,

    /* U+6D0B "洋" */
    0x42, 0x8, 0x42, 0x20, 0x0, 0x40, 0x3f, 0xe0,
    0x4, 0x8, 0x8, 0x9, 0xff, 0x0, 0x20, 0x10,
    0x40, 0x5f, 0xfc, 0x81, 0x2, 0x2, 0x8, 0x4,
    0x0, 0x8, 0x0,

    /* U+6D12 "洒" */
    0x40, 0x0, 0x5f, 0xfc, 0x42, 0x80, 0x5, 0x0,
    0xa, 0x10, 0xff, 0xd9, 0x28, 0x82, 0x51, 0x4,
    0xa2, 0x2a, 0x7c, 0x98, 0x9, 0x20, 0x14, 0x40,
    0x28, 0xff, 0xe1, 0x0, 0x80,

    /* U+6D17 "洗" */
    0x2, 0x0, 0xc5, 0x0, 0x12, 0x0, 0x3f, 0xe0,
    0x48, 0x11, 0x10, 0x18, 0x0, 0x7, 0xff, 0x1,
    0x20, 0x2, 0x40, 0x84, 0x82, 0x11, 0x4, 0x22,
    0x28, 0x84, 0x62, 0xf, 0x80,

    /* U+6D1B "洛" */
    0x0, 0x80, 0x61, 0x0, 0x11, 0xf8, 0x3, 0x10,
    0x5, 0x10, 0x88, 0xa0, 0x60, 0x40, 0x0, 0xb0,
    0x3, 0x8, 0xf, 0xfe, 0x2, 0x4, 0x22, 0x4,
    0x42, 0x4, 0x42, 0x4, 0x83, 0xfc,

    /* U+6D1E "洞" */
    0x27, 0xfe, 0x28, 0x4, 0x10, 0x8, 0x2f, 0xd0,
    0x40, 0x2c, 0x9e, 0x41, 0x44, 0x82, 0x89, 0x15,
    0x12, 0x49, 0xe4, 0x90, 0xa, 0x20, 0x14, 0x40,
    0x20, 0x81, 0xc0,

    /* U+6D2A "洪" */
    0x61, 0x10, 0x22, 0x20, 0x4, 0x40, 0x3f, 0xf8,
    0x11, 0xc, 0x22, 0x0, 0x44, 0x0, 0x88, 0x1f,
    0xfe, 0x20, 0x0, 0x80, 0x1, 0x8, 0x84, 0x20,
    0x90, 0x80, 0x80,

    /* U+6D32 "洲" */
    0x42, 0x4, 0x89, 0x10, 0x24, 0x40, 0x91, 0x2,
    0x45, 0xd, 0x12, 0xb5, 0x44, 0x91, 0x2, 0x44,
    0x89, 0x14, 0x44, 0x51, 0x11, 0x48, 0x46, 0x41,
    0x10,

    /* U+6D3B "活" */
    0x0, 0x0, 0xc3, 0xf0, 0x9, 0x0, 0x2, 0x0,
    0x4, 0x11, 0xff, 0xd0, 0x10, 0x10, 0x20, 0x0,
    0x40, 0xf, 0xf0, 0x90, 0x21, 0x20, 0x44, 0x40,
    0x88, 0x81, 0x21, 0xfe, 0x0,

    /* U+6D3E "派" */
    0x40, 0x18, 0x6f, 0xc0, 0x10, 0x0, 0x21, 0xc8,
    0x4c, 0x8, 0x98, 0x1, 0x28, 0x82, 0x56, 0x4,
    0xa0, 0x49, 0x41, 0x12, 0x42, 0x44, 0x88, 0x8a,
    0x92, 0x38, 0x80,

    /* U+6D41 "流" */
    0x40, 0x80, 0x82, 0x0, 0xff, 0xc0, 0x80, 0x4,
    0x11, 0x1f, 0xe0, 0x0, 0x41, 0x24, 0x14, 0x90,
    0x92, 0x42, 0x49, 0x11, 0x24, 0x48, 0x96, 0x40,
    0x70,

    /* U+6D45 "浅" */
    0x40, 0x80, 0x41, 0x20, 0x42, 0x0, 0x5, 0xe0,
    0x7c, 0x8, 0x10, 0x8, 0x21, 0x83, 0xfc, 0x0,
    0x44, 0x20, 0x90, 0x81, 0x41, 0x1, 0x14, 0xe,
    0x28, 0xe2, 0x40, 0x3, 0x0,

    /* U+6D46 "浆" */
    0x0, 0x40, 0xa1, 0xf9, 0x44, 0x11, 0x90, 0x41,
    0x5, 0xe, 0x4, 0x0, 0xf0, 0x0, 0x80, 0x79,
    0x10, 0x13, 0x40, 0x45, 0x1, 0x9, 0x8c, 0x10,
    0xe0, 0xe0, 0x0,

    /* U+6D4B "测" */
    0x40, 0x4, 0xbf, 0x50, 0x85, 0x42, 0x95, 0x8a,
    0x55, 0x29, 0x50, 0xa5, 0x42, 0x95, 0xa, 0x55,
    0x29, 0x54, 0x20, 0x51, 0x21, 0x88, 0x46, 0x40,
    0x70,

    /* U+6D4E "济" */
    0x0, 0x1, 0x82, 0x0, 0xff, 0xc0, 0x88, 0x2,
    0x20, 0x5, 0xc, 0x8, 0x1, 0xd8, 0x0, 0x1c,
    0x8, 0x42, 0x21, 0x10, 0x84, 0x44, 0x12, 0x10,
    0x48, 0x81, 0x0,

    /* U+6D51 "浑" */
    0x0, 0x0, 0x9f, 0xf8, 0xa0, 0x10, 0x48, 0x20,
    0x10, 0x0, 0xff, 0x10, 0x80, 0x1, 0x20, 0x4,
    0x40, 0xf, 0xf8, 0x81, 0x1, 0x7f, 0xf4, 0x4,
    0x10, 0x8, 0x20, 0x10, 0x0,

    /* U+6D53 "浓" */
    0x40, 0x0, 0x82, 0x0, 0xff, 0xc2, 0x21, 0x9,
    0x87, 0x5, 0x0, 0x24, 0x0, 0x92, 0xe, 0x30,
    0xc8, 0x84, 0x21, 0x10, 0x84, 0x82, 0x4a, 0xe,
    0x10,

    /* U+6D6A "浪" */
    0x0, 0x81, 0x2, 0x2, 0x7f, 0x81, 0x2, 0x4,
    0xa, 0x1f, 0xe4, 0x40, 0x81, 0x2, 0x7, 0xf8,
    0x12, 0x2, 0x44, 0x91, 0x14, 0x44, 0x22, 0x10,
    0x48, 0x70, 0xc0, 0x0,

    /* U+6D6E "浮" */
    0x41, 0xf0, 0xda, 0x20, 0x49, 0x0, 0x84, 0x82,
    0x1, 0x1f, 0xc0, 0x2, 0x0, 0x10, 0x0, 0x0,
    0xbf, 0xf4, 0x8, 0x10, 0x20, 0x80, 0x80, 0x6,
    0x0,

    /* U+6D77 "海" */
    0x42, 0x0, 0x90, 0x0, 0x7f, 0xc1, 0x0, 0x8,
    0x0, 0x4f, 0xe4, 0x48, 0x81, 0x2, 0x1f, 0xfc,
    0x94, 0x24, 0x88, 0x92, 0x12, 0x47, 0xfe, 0x0,
    0x48, 0x7, 0x0,

    /* U+6D82 "涂" */
    0x40, 0x40, 0x61, 0x80, 0x4, 0xc0, 0x10, 0x48,
    0xc0, 0x68, 0x7f, 0x8, 0x10, 0x0, 0x20, 0xf,
    0xfe, 0x20, 0x80, 0x89, 0x21, 0x22, 0x24, 0x84,
    0x28, 0x8, 0x0, 0x70, 0x0,

    /* U+6D88 "消" */
    0x0, 0x20, 0x40, 0x44, 0x48, 0x90, 0x9, 0x40,
    0x2, 0x8, 0x7f, 0x88, 0x81, 0x1, 0x2, 0x3,
    0xfc, 0x4, 0x8, 0x48, 0x11, 0x1f, 0xe2, 0x20,
    0x48, 0x40, 0x80, 0x87, 0x0,

    /* U+6D89 "涉" */
    0xc0, 0x40, 0x44, 0x80, 0x9, 0xf0, 0x12, 0x8,
    0xff, 0xe8, 0x8, 0x0, 0x10, 0x1, 0x24, 0x4,
    0x48, 0x48, 0xa1, 0x0, 0x42, 0x1, 0x8, 0xc,
    0x10, 0xe0, 0x0,

    /* U+6D8C "涌" */
    0x67, 0xf8, 0x80, 0x80, 0x78, 0x0, 0x44, 0x7f,
    0x94, 0x44, 0x22, 0x20, 0xff, 0x8, 0x88, 0xc4,
    0x49, 0xfe, 0x91, 0x14, 0x88, 0x80, 0xc,

    /* U+6D8E "涎" */
    0x80, 0x1, 0x70, 0xe2, 0x4e, 0x2, 0x8, 0x9,
    0x22, 0x44, 0x84, 0xd3, 0xc1, 0x48, 0x5, 0x20,
    0xd4, 0x84, 0xd2, 0x12, 0x7f, 0x4c, 0x2, 0x48,
    0x9, 0x1f, 0xc0,

    /* U+6D95 "涕" */
    0x2, 0x0, 0xc2, 0x20, 0x40, 0x40, 0x3f, 0xe0,
    0x4, 0x50, 0x8, 0x91, 0xff, 0x12, 0x20, 0x4,
    0x40, 0xf, 0xf8, 0x83, 0x11, 0xa, 0x24, 0x24,
    0x48, 0x8b, 0xa2, 0x10, 0x0,

    /* U+6D9B "涛" */
    0x40, 0x80, 0x82, 0x0, 0xff, 0xc0, 0x40, 0x7,
    0xf9, 0x4, 0x2, 0xff, 0xc0, 0x80, 0x1, 0xfc,
    0x88, 0x44, 0x49, 0x12, 0x14, 0x88, 0x10, 0x1,
    0xc0,

    /* U+6DA1 "涡" */
    0x23, 0xfc, 0x48, 0x10, 0x20, 0x40, 0xff, 0x0,
    0x41, 0x81, 0x0, 0x7f, 0xc1, 0x11, 0x4, 0xa4,
    0x52, 0x52, 0x50, 0xc9, 0x1, 0x44, 0x4, 0x10,
    0x70,

    /* U+6DA6 "润" */
    0x0, 0x1, 0x17, 0xf2, 0x20, 0x40, 0x1, 0xb,
    0xfe, 0x21, 0x16, 0x84, 0x42, 0x11, 0x9, 0xf4,
    0x21, 0x12, 0x84, 0x52, 0x11, 0x4b, 0xfe, 0x20,
    0x10, 0x81, 0xc0,

    /* U+6DA8 "涨" */
    0x1e, 0x44, 0x42, 0x44, 0x2, 0x48, 0x2, 0x48,
    0x1e, 0x50, 0x90, 0x40, 0x10, 0xfc, 0x1e, 0x50,
    0x2, 0x50, 0x42, 0x48, 0x42, 0x48, 0x82, 0x44,
    0x82, 0x72, 0x9e, 0x40,

    /* U+6DAF "涯" */
    0x0, 0x0, 0xcf, 0xfc, 0x50, 0x80, 0x21, 0x0,
    0x5f, 0xd0, 0x84, 0x19, 0x8, 0x3, 0xff, 0x4,
    0x20, 0x48, 0x40, 0x9f, 0xfa, 0x41, 0x4, 0x82,
    0x9, 0x4, 0x25, 0xff, 0x80,

    /* U+6DB2 "液" */
    0x0, 0x81, 0x2, 0x2, 0xff, 0xc0, 0x0, 0x4,
    0x80, 0x12, 0x0, 0x4f, 0x92, 0x42, 0x9, 0xc8,
    0x6a, 0xc2, 0x89, 0x12, 0x18, 0x48, 0x61, 0x22,
    0x40, 0x30, 0xc0,

    /* U+6DC0 "淀" */
    0x40, 0x40, 0x30, 0x20, 0x7, 0xfe, 0x4, 0x2,
    0x4, 0x2, 0x43, 0xfe, 0x20, 0x20, 0x2, 0x20,
    0x12, 0x3e, 0x22, 0x20, 0x22, 0x20, 0x25, 0x20,
    0x44, 0xe0, 0x48, 0x3f,

    /* U+6DCB "淋" */
    0x2, 0x10, 0x84, 0x20, 0x88, 0x40, 0x10, 0x81,
    0xff, 0xe0, 0x43, 0x11, 0xc6, 0x13, 0x4c, 0xa,
    0x38, 0x14, 0xa8, 0xc9, 0x52, 0x94, 0x94, 0x21,
    0x10, 0x42, 0x20, 0x84, 0x0,

    /* U+6DD8 "淘" */
    0x2, 0x0, 0x88, 0x0, 0x40, 0x1, 0xff, 0x8,
    0x6, 0x28, 0x15, 0x3f, 0x41, 0x21, 0xf, 0xfc,
    0x2, 0x12, 0x49, 0x51, 0x25, 0x47, 0xf6, 0x0,
    0x10, 0x3, 0xc0,

    /* U+6DE1 "淡" */
    0x40, 0x40, 0x64, 0x88, 0x11, 0x20, 0x22, 0x8,
    0xb, 0xc, 0x21, 0x81, 0x90, 0x80, 0x20, 0x14,
    0x44, 0x48, 0x90, 0xa3, 0x2, 0x5, 0x4, 0x11,
    0x0, 0xc1, 0x80,

    /* U+6DEC "淬" */
    0x40, 0x80, 0x80, 0x0, 0xff, 0xc0, 0x0, 0x2,
    0x22, 0x10, 0x84, 0x63, 0x2, 0x52, 0x0, 0x0,
    0x82, 0x4, 0xff, 0xd0, 0x20, 0x40, 0x82, 0x2,
    0x8, 0x0, 0x0,

    /* U+6DF1 "深" */
    0x40, 0x0, 0x4f, 0xfc, 0x50, 0x8, 0x20, 0x10,
    0x11, 0x88, 0x40, 0x89, 0x10, 0x0, 0x20, 0x7,
    0xfe, 0x1, 0xc0, 0x85, 0xc1, 0x12, 0x84, 0x44,
    0x89, 0x8, 0xc0, 0x10, 0x0,

    /* U+6DF7 "混" */
    0x0, 0x0, 0x67, 0xfc, 0x14, 0x4, 0x4, 0x4,
    0x7, 0xfc, 0x84, 0x4, 0x67, 0xfc, 0x0, 0x0,
    0x0, 0x20, 0x4, 0x22, 0x13, 0xec, 0x24, 0x30,
    0x24, 0x21, 0x44, 0x62, 0x87, 0xbe,

    /* U+6DFB "添" */
    0x40, 0x0, 0x4f, 0xf8, 0x42, 0x0, 0x4, 0x0,
    0x10, 0x1, 0xff, 0xd8, 0x84, 0x1, 0x8, 0x4,
    0x8c, 0x15, 0x4, 0x92, 0x91, 0x24, 0x94, 0x89,
    0x8, 0x10, 0x0, 0xe0, 0x0,

    /* U+6E05 "清" */
    0x40, 0x40, 0x4f, 0xfc, 0x1, 0x0, 0x3f, 0xe0,
    0x4, 0xc, 0xf7, 0x81, 0xfe, 0x2, 0x4, 0x4,
    0x8, 0x4f, 0xf0, 0x90, 0x22, 0x3f, 0xc4, 0x40,
    0x90, 0x83, 0x0,

    /* U+6E0A "渊" */
    0x4, 0x42, 0x68, 0x84, 0x11, 0x48, 0x2a, 0x98,
    0x55, 0x2c, 0x88, 0x41, 0xfe, 0x82, 0x31, 0x4,
    0xe2, 0x2a, 0xa4, 0xa9, 0x29, 0x52, 0x14, 0x84,
    0x32, 0x8, 0x40,

    /* U+6E10 "渐" */
    0x44, 0xc, 0x68, 0xe0, 0x3f, 0x0, 0x52, 0x4,
    0xa4, 0x1, 0x4b, 0x83, 0xf2, 0x1, 0x24, 0x2,
    0x48, 0x47, 0x90, 0xba, 0x22, 0x14, 0x44, 0x28,
    0x90, 0x61, 0x0,

    /* U+6E17 "渗" */
    0x40, 0x80, 0x84, 0x41, 0x60, 0x80, 0x3e, 0x7,
    0x2, 0x3f, 0xf6, 0x22, 0x1, 0x4, 0x8, 0x8c,
    0x4, 0x2, 0x64, 0x10, 0x22, 0x47, 0x12, 0x3,
    0x80, 0x70, 0x0,

    /* U+6E23 "渣" */
    0xc0, 0x0, 0x82, 0x0, 0xff, 0xc0, 0x70, 0x2,
    0xa0, 0x12, 0x44, 0xff, 0xc1, 0x4, 0x27, 0xf0,
    0x90, 0x44, 0x41, 0x11, 0xfc, 0x80, 0x2, 0x7f,
    0xf0,

    /* U+6E29 "温" */
    0x0, 0x0, 0x47, 0xf8, 0x50, 0x10, 0x20, 0x20,
    0x3f, 0xc0, 0x80, 0x91, 0x1, 0x19, 0xfe, 0x0,
    0x0, 0xf, 0xf8, 0x52, 0x91, 0x25, 0x22, 0x4a,
    0x48, 0x94, 0x97, 0xff, 0x80,

    /* U+6E2F "港" */
    0x40, 0x10, 0x44, 0x20, 0x3f, 0xf8, 0x10, 0x89,
    0xff, 0xe8, 0x22, 0x0, 0x84, 0x3, 0xfc, 0xa,
    0x14, 0x64, 0x21, 0xf, 0xc2, 0x10, 0x8, 0x20,
    0x50, 0x7f, 0x80,

    /* U+6E34 "渴" */
    0x47, 0xf9, 0xa0, 0x41, 0xfe, 0x8, 0x10, 0x40,
    0xe3, 0xfc, 0x88, 0x0, 0x7f, 0xc, 0x9, 0x22,
    0x51, 0x2a, 0x88, 0x18, 0x7f, 0x80, 0xc,

    /* U+6E38 "游" */
    0x0, 0x0, 0xc8, 0x40, 0x0, 0xf8, 0xfe, 0x0,
    0x44, 0x0, 0x80, 0x31, 0xf, 0x13, 0x80, 0x5,
    0x10, 0x9b, 0xfd, 0x24, 0x42, 0x48, 0x88, 0x91,
    0x12, 0x22, 0x29, 0xcc, 0x0,

    /* U+6E56 "湖" */
    0x42, 0x3c, 0x89, 0x10, 0x24, 0x47, 0xf1, 0x82,
    0x3d, 0x9, 0x10, 0x24, 0x43, 0xf1, 0x8, 0xbc,
    0xa3, 0x14, 0x8c, 0x53, 0xf1, 0x88, 0x86, 0x2,
    0x70,

    /* U+6E7F "湿" */
    0x0, 0x0, 0x8f, 0xf8, 0x90, 0x10, 0x20, 0x20,
    0x7f, 0xc0, 0x80, 0xb1, 0x1, 0x3, 0xfe, 0x0,
    0x0, 0x2, 0x40, 0x84, 0x92, 0x29, 0x44, 0x12,
    0x90, 0x24, 0x27, 0xff, 0x80,

    /* U+6E83 "溃" */
    0x0, 0x40, 0xcf, 0xf0, 0x51, 0x20, 0x3f, 0xc0,
    0x4, 0xc, 0xf7, 0x81, 0xfe, 0x2, 0x4, 0x4,
    0x48, 0x48, 0x90, 0x91, 0x22, 0x4, 0x4, 0x19,
    0x10, 0xc1, 0x80,

    /* U+6E85 "溅" */
    0x0, 0x20, 0x9f, 0x60, 0xa2, 0xa0, 0x45, 0x0,
    0xaa, 0xc1, 0x56, 0x12, 0xa8, 0x15, 0x50, 0xa,
    0xfa, 0x15, 0x28, 0xaa, 0x52, 0x20, 0xc4, 0x51,
    0x31, 0x15, 0x44, 0x1, 0x80,

    /* U+6E90 "源" */
    0x0, 0x0, 0x8f, 0xfc, 0xd0, 0x80, 0x21, 0x0,
    0x5f, 0xd0, 0xa0, 0x99, 0x7f, 0x2, 0x82, 0x5,
    0x4, 0xb, 0xf8, 0xb0, 0x81, 0x49, 0x44, 0xa2,
    0x52, 0x4, 0x40, 0x38, 0x0,

    /* U+6E9C "溜" */
    0x41, 0x0, 0x99, 0xf1, 0x41, 0x41, 0x45, 0x5,
    0x25, 0x16, 0x92, 0x64, 0xc0, 0x0, 0x3, 0xfc,
    0x51, 0x11, 0x44, 0x48, 0xff, 0x24, 0x45, 0x11,
    0x18, 0x3f, 0xc0,

    /* U+6EA2 "溢" */
    0x0, 0x1, 0x8, 0x43, 0x2, 0x0, 0x0, 0xf,
    0xfc, 0x0, 0xc, 0x21, 0x1, 0x2, 0x8, 0x0,
    0x9f, 0xe4, 0x52, 0x91, 0x4a, 0x45, 0x2a, 0x14,
    0xa9, 0xff, 0xc0,

    /* U+6EAA "溪" */
    0x20, 0xf8, 0x26, 0x10, 0x11, 0x20, 0x10, 0x8,
    0x10, 0xc, 0x4c, 0x1, 0xe2, 0x1, 0x8e, 0x15,
    0xe0, 0x41, 0x0, 0xbf, 0xfa, 0x6, 0x4, 0x12,
    0x10, 0x43, 0x1, 0x1, 0x0,

    /* U+6ECB "滋" */
    0x40, 0x8, 0x62, 0x20, 0x0, 0x40, 0x7f, 0xf0,
    0x21, 0x8, 0x84, 0x9, 0x9, 0x4, 0xa4, 0xf,
    0x78, 0x24, 0x20, 0x98, 0x41, 0x21, 0x24, 0x92,
    0x49, 0xdf, 0x40, 0x0, 0x80,

    /* U+6ED1 "滑" */
    0x43, 0xf8, 0x68, 0x10, 0xf, 0x20, 0x22, 0x48,
    0xff, 0xed, 0x0, 0x43, 0xfe, 0x82, 0x4, 0x27,
    0xf8, 0x48, 0x11, 0x10, 0x22, 0x3f, 0xc8, 0x40,
    0x80, 0x87, 0x0,

    /* U+6ED4 "滔" */
    0x40, 0x18, 0x9f, 0x80, 0x0, 0x80, 0x94, 0x82,
    0x51, 0x82, 0x0, 0x73, 0xc1, 0x1, 0x4, 0x4,
    0x9e, 0xf4, 0x40, 0x51, 0x1, 0x84, 0x6, 0x1f,
    0xf0,

    /* U+6EDA "滚" */
    0x0, 0x1, 0x2, 0x2, 0xff, 0xc0, 0x0, 0x2,
    0x10, 0x14, 0x2d, 0xa0, 0x40, 0x88, 0xf, 0xd0,
    0x6, 0x2, 0x24, 0x93, 0xc, 0x54, 0x22, 0x10,
    0x68, 0x78, 0x40,

    /* U+6EDE "滞" */
    0x42, 0x48, 0x44, 0x90, 0x3f, 0xf8, 0x12, 0x40,
    0x24, 0x98, 0x0, 0x3, 0xff, 0x4, 0x20, 0x23,
    0xf8, 0x48, 0x91, 0x11, 0x22, 0x22, 0x48, 0x44,
    0x90, 0xb, 0x0,

    /* U+6EE1 "满" */
    0x41, 0x20, 0xbf, 0xf0, 0x12, 0x3, 0xff, 0x81,
    0x21, 0x4, 0x82, 0xff, 0xc2, 0x49, 0x9, 0x24,
    0xab, 0x92, 0xa5, 0x52, 0x21, 0x88, 0x4, 0x20,
    0x70,

    /* U+6EE9 "滩" */
    0x0, 0x0, 0x80, 0x40, 0xc1, 0x20, 0x3a, 0x0,
    0x17, 0xe0, 0x39, 0x1a, 0xd2, 0x7, 0x3f, 0x2,
    0x48, 0xc, 0x90, 0x95, 0xf9, 0x4a, 0x45, 0x4,
    0x88, 0xf, 0xc0, 0x10, 0x0,

    /* U+6EF4 "滴" */
    0x0, 0x1, 0x2, 0x2, 0xff, 0xc0, 0x88, 0x0,
    0x42, 0x3f, 0xe4, 0x88, 0x82, 0xfe, 0x8, 0x88,
    0xaf, 0xa2, 0xa2, 0x92, 0x8a, 0x4b, 0xea, 0x28,
    0x20, 0x81, 0x80,

    /* U+6F02 "漂" */
    0x0, 0x0, 0x9f, 0xfc, 0x84, 0x80, 0x7f, 0xc0,
    0x92, 0x91, 0x25, 0x13, 0xfe, 0x0, 0x0, 0x7,
    0xf0, 0x40, 0x1, 0x3f, 0xf2, 0x4, 0x88, 0x48,
    0x91, 0x10, 0x84, 0xe0, 0x0,

    /* U+6F06 "漆" */
    0x40, 0x40, 0x40, 0x80, 0x5f, 0xf8, 0xb, 0x0,
    0x25, 0x90, 0x88, 0x98, 0x10, 0x0, 0x50, 0x3,
    0x58, 0x38, 0x8c, 0x8d, 0x41, 0x7, 0x4, 0x35,
    0x88, 0x88, 0x80, 0x70, 0x0,

    /* U+6F0F "漏" */
    0x47, 0xfc, 0x48, 0x8, 0x10, 0x10, 0x3f, 0xe0,
    0x40, 0x8, 0xff, 0xc1, 0x8, 0x2, 0xff, 0x6,
    0x22, 0x5d, 0x44, 0xa8, 0x8a, 0x55, 0x15, 0x22,
    0x22, 0x5, 0xc0,

    /* U+6F14 "演" */
    0x0, 0x80, 0xc0, 0x80, 0x3f, 0xf8, 0x40, 0x10,
    0x80, 0x20, 0x7f, 0x90, 0x10, 0x3, 0xfe, 0x4,
    0x44, 0x4f, 0xf8, 0x91, 0x12, 0x3f, 0xe4, 0x0,
    0x10, 0x41, 0x23, 0x1, 0x0,

    /* U+6F20 "漠" */
    0x0, 0x10, 0x82, 0x20, 0x9f, 0xf8, 0x88, 0x80,
    0x1, 0x10, 0xfd, 0x90, 0xff, 0x12, 0x2, 0x4,
    0x4, 0x7, 0xf8, 0x41, 0x1, 0x7f, 0xf2, 0xa,
    0x8, 0x22, 0x10, 0x82, 0x6, 0x3,

    /* U+6F29 "漩" */
    0x40, 0x0, 0x44, 0x80, 0x1, 0xf8, 0xfe, 0x0,
    0x48, 0x10, 0x80, 0x19, 0xce, 0x2, 0x88, 0x5,
    0x50, 0x4a, 0xbc, 0xb5, 0x42, 0x4a, 0x84, 0x95,
    0x12, 0x36, 0x5, 0xe7, 0x80,

    /* U+6F2B "漫" */
    0x47, 0xf8, 0xd0, 0x20, 0x7f, 0x81, 0x2, 0x3,
    0xf3, 0x3f, 0xf2, 0x92, 0x42, 0x49, 0x6, 0xd8,
    0xbf, 0xe2, 0x20, 0x90, 0x4c, 0x40, 0xc2, 0x1c,
    0xe0,

    /* U+6F47 "潇" */
    0x41, 0x10, 0x5f, 0xfc, 0x5, 0x40, 0x3f, 0xe0,
    0x4, 0x49, 0xff, 0xc8, 0x11, 0x3, 0xfe, 0x0,
    0x40, 0x48, 0x88, 0x95, 0x52, 0x32, 0xa4, 0x84,
    0x41, 0x8, 0x80,

    /* U+6F5C "潜" */
    0x2, 0x10, 0xc4, 0x20, 0x7d, 0xf0, 0x10, 0x80,
    0xff, 0xf0, 0x82, 0x19, 0x8a, 0x4, 0xa2, 0x8,
    0x0, 0x2f, 0xf0, 0xa0, 0x21, 0x3f, 0xc4, 0x80,
    0x89, 0x1, 0x21, 0xfe, 0x0,

    /* U+6F6E "潮" */
    0x82, 0x1, 0x8, 0xf3, 0xfa, 0x40, 0x89, 0x2,
    0x24, 0x36, 0xfc, 0x8a, 0x43, 0xe9, 0x8, 0xa4,
    0xbe, 0xf4, 0x22, 0x57, 0xe9, 0x42, 0x46, 0x9,
    0x18, 0x28, 0xc0,

    /* U+6F84 "澄" */
    0x0, 0x0, 0x4f, 0x50, 0x44, 0x40, 0x28, 0xa0,
    0x20, 0x88, 0xbe, 0x8a, 0x0, 0x81, 0xfc, 0x4,
    0x8, 0x28, 0x10, 0x8f, 0xe1, 0x0, 0x2, 0x11,
    0x8, 0x4, 0x13, 0xff, 0x80,

    /* U+6F9C "澜" */
    0x0, 0x1, 0x17, 0xf2, 0x40, 0x40, 0x11, 0xb,
    0xfe, 0x21, 0x14, 0xbf, 0x42, 0x95, 0xb, 0x54,
    0xaf, 0xd2, 0x8e, 0x52, 0x55, 0x4a, 0x4e, 0x21,
    0x10, 0x81, 0xc0,

    /* U+6FA1 "澡" */
    0x43, 0xf8, 0x90, 0x20, 0x40, 0x80, 0xfc, 0x8f,
    0xbd, 0x22, 0x90, 0x8a, 0x43, 0xff, 0x20, 0x41,
    0x7f, 0xf4, 0xe, 0x10, 0x54, 0x84, 0x4a, 0x21,
    0x10,

    /* U+6FC0 "激" */
    0x84, 0x1, 0x21, 0x5, 0xf4, 0x4, 0x50, 0x1f,
    0xba, 0x47, 0x25, 0x1c, 0x87, 0xf2, 0x0, 0x28,
    0x3c, 0xc4, 0xf1, 0x14, 0x44, 0x91, 0x32, 0x45,
    0x2a, 0x78, 0x40,

    /* U+7011 "瀑" */
    0x27, 0xfc, 0x28, 0x8, 0x1f, 0xf0, 0x3f, 0xe4,
    0x11, 0x4, 0xff, 0xc0, 0x44, 0x7, 0xff, 0x1,
    0x10, 0x4c, 0x90, 0xe1, 0x5a, 0xf, 0x84, 0xe4,
    0xc0, 0x38, 0x0,

    /* U+704C "灌" */
    0x41, 0x10, 0x5f, 0xfc, 0x44, 0x40, 0x3d, 0xe0,
    0x4a, 0x48, 0xf7, 0x80, 0x98, 0x1, 0xff, 0x4,
    0x20, 0x57, 0xf8, 0x90, 0x82, 0x2f, 0xc4, 0x3f,
    0xf0, 0x0, 0x0,

    /* U+706B "火" */
    0x1, 0x0, 0x2, 0x0, 0x4, 0x0, 0x8, 0x22,
    0x10, 0x84, 0x21, 0x10, 0x44, 0x21, 0x88, 0x2,
    0x80, 0x5, 0x0, 0x11, 0x0, 0x41, 0x1, 0x1,
    0xc, 0x1, 0xc0,

    /* U+706D "灭" */
    0x7f, 0xfc, 0x4, 0x0, 0x10, 0x0, 0x40, 0x11,
    0x8, 0x44, 0x22, 0x11, 0x8, 0xc8, 0x2, 0x80,
    0x19, 0x0, 0x44, 0x2, 0xc, 0x30, 0xf, 0x0,
    0x0,

    /* U+706F "灯" */
    0x10, 0x0, 0x20, 0x0, 0x4f, 0xf8, 0x80, 0x81,
    0x1, 0x12, 0x82, 0x24, 0x4, 0x48, 0x8, 0x10,
    0x10, 0x40, 0x20, 0xc0, 0x41, 0x40, 0x84, 0x41,
    0x10, 0x2, 0x20, 0x3c, 0x0,

    /* U+7070 "灰" */
    0x10, 0x0, 0x80, 0x3f, 0xfe, 0x20, 0x1, 0x8,
    0x8, 0x80, 0x94, 0x45, 0x24, 0x29, 0x22, 0xc,
    0x10, 0xa1, 0x4, 0x80, 0x42, 0x4, 0x8, 0x40,
    0x20,

    /* U+7075 "灵" */
    0x3f, 0xf8, 0x0, 0x8, 0x0, 0x8, 0x1f, 0xf8,
    0x0, 0x8, 0x3f, 0xf8, 0x1, 0x0, 0x1, 0x0,
    0x22, 0x8, 0x21, 0x10, 0x3, 0x0, 0x4, 0x80,
    0x8, 0x60, 0x70, 0x1e,

    /* U+707E "灾" */
    0x0, 0x0, 0x8, 0x0, 0x10, 0x3f, 0xff, 0x80,
    0x6, 0x0, 0x10, 0x20, 0x4, 0x84, 0x23, 0x20,
    0x8c, 0x84, 0x50, 0x1, 0x20, 0x8, 0x40, 0x40,
    0x86, 0x1, 0x80,

    /* U+707F "灿" */
    0x10, 0x20, 0x20, 0x40, 0x40, 0x82, 0x81, 0x5,
    0x52, 0x2a, 0x24, 0x44, 0x48, 0x88, 0x91, 0x11,
    0x22, 0x22, 0x44, 0x44, 0x89, 0x49, 0x12, 0x52,
    0x28, 0x3f, 0xe0, 0x0, 0x80,

    /* U+7089 "炉" */
    0x10, 0x0, 0x20, 0x40, 0x40, 0x40, 0x8f, 0xf5,
    0x50, 0x2b, 0x20, 0x64, 0x40, 0x88, 0xff, 0x11,
    0x2, 0x22, 0x0, 0xc4, 0x1, 0x58, 0x2, 0x60,
    0x8, 0x40, 0x21, 0x0, 0x0,

    /* U+7092 "炒" */
    0x10, 0x20, 0x20, 0x40, 0x40, 0x82, 0x81, 0x25,
    0x52, 0x53, 0x24, 0x64, 0x48, 0x9, 0x10, 0x10,
    0x24, 0x20, 0x48, 0xa0, 0x21, 0x20, 0x82, 0x2,
    0x8, 0x18, 0x0, 0x40, 0x0,

    /* U+70AD "炭" */
    0x0, 0x1, 0x8, 0x24, 0x20, 0x9f, 0xfe, 0x0,
    0x0, 0x40, 0xf, 0xff, 0xc4, 0x0, 0x10, 0x80,
    0x82, 0x22, 0x49, 0x12, 0x68, 0x81, 0x40, 0x8,
    0x80, 0x81, 0x4, 0x3,

    /* U+70AE "炮" */
    0x0, 0x80, 0x42, 0x0, 0x87, 0xf3, 0x50, 0x26,
    0xbf, 0x54, 0x22, 0xa8, 0x45, 0x10, 0x8a, 0x21,
    0xf4, 0x22, 0x8, 0xa4, 0x72, 0x48, 0x14, 0x10,
    0x30, 0x3f, 0x80,

    /* U+70B3 "炳" */
    0x20, 0x0, 0x9f, 0xf2, 0x4, 0x2a, 0x10, 0xb3,
    0xfe, 0xc9, 0x12, 0x24, 0x48, 0x91, 0x22, 0xa4,
    0x8c, 0x55, 0x30, 0x50, 0x81, 0x82, 0x4, 0x8,
    0x70,

    /* U+70B8 "炸" */
    0x10, 0x0, 0x22, 0x0, 0x44, 0x0, 0x8f, 0xf5,
    0x64, 0xb, 0x48, 0x24, 0x1f, 0xc8, 0x20, 0x10,
    0x40, 0x20, 0x80, 0x41, 0xf9, 0x42, 0x2, 0x44,
    0x8, 0x8, 0x20, 0x10, 0x0,

    /* U+70B9 "点" */
    0x2, 0x0, 0x4, 0x0, 0x7, 0xf0, 0x10, 0x0,
    0x20, 0x7, 0xff, 0x8, 0x2, 0x10, 0x4, 0x20,
    0x8, 0x40, 0x10, 0xff, 0xe0, 0x0, 0x0, 0x0,
    0x4, 0x81, 0x11, 0x11, 0x42, 0x21,

    /* U+70BC "炼" */
    0x20, 0x80, 0x84, 0x2, 0x7f, 0xca, 0x40, 0xb7,
    0xc2, 0x89, 0x2, 0x24, 0x9, 0xfe, 0x20, 0x40,
    0x81, 0x5, 0x24, 0x93, 0x11, 0x80, 0x42, 0x7,
    0x0,

    /* U+70C1 "烁" */
    0x20, 0x8, 0x8f, 0xc2, 0x20, 0x8, 0x90, 0xb2,
    0x42, 0x91, 0xa, 0x7f, 0xc8, 0x10, 0x20, 0x40,
    0x89, 0x47, 0x24, 0x91, 0x11, 0x80, 0x42, 0x3,
    0x0,

    /* U+70C2 "烂" */
    0x20, 0x0, 0x84, 0x42, 0x11, 0xa, 0x8, 0xab,
    0xfa, 0xc0, 0xa, 0x0, 0x8, 0x0, 0x20, 0x0,
    0x8f, 0xe2, 0x0, 0x14, 0x0, 0x48, 0x2, 0x1f,
    0xf0, 0x0, 0x0,

    /* U+70C8 "烈" */
    0x0, 0x9, 0xf0, 0x22, 0x4, 0x8f, 0x92, 0x44,
    0x4a, 0x11, 0x21, 0x84, 0x82, 0x12, 0x10, 0x9,
    0x80, 0xe0, 0x0, 0x12, 0x44, 0x88, 0x88, 0x21,
    0x10,

    /* U+70D9 "烙" */
    0x10, 0x0, 0x10, 0x80, 0x11, 0x7e, 0x11, 0x84,
    0x5a, 0x88, 0x58, 0x50, 0x98, 0x20, 0x10, 0x50,
    0x11, 0x8c, 0x11, 0xfe, 0x11, 0x4, 0x29, 0x4,
    0x25, 0x4, 0x41, 0x4, 0x81, 0xfc,

    /* U+70DF "烟" */
    0x10, 0x0, 0x27, 0xfc, 0x48, 0x8, 0x91, 0x15,
    0x22, 0x2b, 0x44, 0x66, 0xff, 0xcd, 0x11, 0x12,
    0x22, 0x24, 0xa4, 0x4a, 0x29, 0x54, 0x52, 0x20,
    0x28, 0x7f, 0xe0, 0x80, 0x80,

    /* U+70E4 "烤" */
    0x10, 0x0, 0x20, 0x84, 0x47, 0xf2, 0x82, 0x45,
    0x7f, 0xf2, 0x4, 0x24, 0x10, 0x8, 0x7f, 0x13,
    0x80, 0x21, 0x0, 0xa3, 0xf1, 0x20, 0x24, 0x0,
    0x50, 0xf, 0x0,

    /* U+70E6 "烦" */
    0x10, 0x0, 0x4f, 0xf1, 0x4, 0x5, 0x10, 0x59,
    0xf9, 0x68, 0x25, 0x20, 0x84, 0x92, 0x12, 0x48,
    0x49, 0x21, 0x24, 0x8c, 0x10, 0x28, 0x61, 0x2,
    0x48, 0x10, 0xc0,

    /* U+70E7 "烧" */
    0x21, 0x0, 0x84, 0x2, 0x1f, 0xa, 0xa2, 0xb0,
    0x92, 0xc1, 0x8a, 0x1c, 0x48, 0x8f, 0x20, 0x0,
    0x9f, 0xf2, 0x12, 0x14, 0x48, 0x49, 0x22, 0x8,
    0x98, 0x43, 0xc0,

    /* U+70ED "热" */
    0x10, 0x80, 0x21, 0x3, 0xff, 0xe0, 0x84, 0x41,
    0x8, 0x82, 0xd1, 0x1e, 0x62, 0x8, 0xa4, 0x11,
    0x28, 0x24, 0x1c, 0x80, 0x19, 0x0, 0x44, 0x48,
    0x50, 0x88, 0x40, 0x0, 0x0,

    /* U+70FD "烽" */
    0x0, 0x40, 0x10, 0x80, 0x10, 0xf0, 0x11, 0x8,
    0x52, 0x90, 0x58, 0x60, 0x90, 0xd0, 0xa1, 0x2e,
    0x23, 0xfc, 0x20, 0x20, 0x11, 0xfc, 0x28, 0x20,
    0x4b, 0xfe, 0x40, 0x20, 0x80, 0x20,

    /* U+7105 "焅" */
    0x10, 0x20, 0x22, 0x40, 0x44, 0x80, 0x8f, 0xf5,
    0x62, 0xb, 0x44, 0x24, 0x8, 0xb, 0xff, 0x10,
    0x0, 0x23, 0xf8, 0x44, 0x11, 0x48, 0x22, 0x50,
    0x48, 0x20, 0xa0, 0x7f, 0x0,

    /* U+711A "焚" */
    0x10, 0x20, 0x20, 0x43, 0xff, 0xf8, 0x81, 0x83,
    0xce, 0x8a, 0x54, 0xa4, 0x49, 0x8, 0x10, 0x0,
    0x0, 0x24, 0x10, 0x8c, 0x42, 0x29, 0x0, 0x48,
    0x3, 0xc, 0x38, 0x7, 0x80,

    /* U+7126 "焦" */
    0x0, 0x0, 0x11, 0x0, 0x40, 0x0, 0xff, 0xf3,
    0x8, 0xb, 0xff, 0x4, 0x20, 0x8, 0x40, 0x1f,
    0xfc, 0x21, 0x0, 0x7f, 0xf0, 0x80, 0x0, 0x4,
    0x4, 0x48, 0x90, 0x80, 0x80,

    /* U+7130 "焰" */
    0x10, 0x0, 0x20, 0x80, 0x41, 0xf0, 0x84, 0x45,
    0x50, 0x8b, 0x41, 0x24, 0x8, 0x8, 0xef, 0x11,
    0x2, 0x22, 0x4, 0x47, 0xb9, 0x48, 0x12, 0x50,
    0x28, 0x3f, 0xe0, 0x40, 0x80,

    /* U+7136 "然" */
    0x10, 0x20, 0x40, 0x50, 0xf8, 0x92, 0x11, 0x5,
    0x5f, 0xf1, 0x84, 0x12, 0x8, 0x14, 0x30, 0x10,
    0x50, 0x41, 0x13, 0x4, 0x10, 0x10, 0x0, 0x8,
    0x88, 0x90, 0xa1, 0x10, 0x80,

    /* U+715E "煞" */
    0x20, 0x41, 0xf2, 0x8, 0x4f, 0xff, 0x22, 0x5,
    0x90, 0x11, 0x47, 0xc5, 0x1, 0x8, 0x4, 0x53,
    0xf2, 0x20, 0x10, 0x40, 0x24, 0x44, 0x8a, 0x11,
    0x10,

    /* U+7167 "照" */
    0x7f, 0xfd, 0x12, 0x14, 0x48, 0x51, 0x40, 0x7c,
    0x19, 0x1f, 0xf4, 0x60, 0x51, 0x81, 0x46, 0x5,
    0xef, 0xf0, 0x0, 0x8, 0x2, 0x44, 0x4a, 0x1,
    0x10,

    /* U+7184 "熄" */
    0x0, 0x40, 0x0, 0x80, 0x8f, 0xf1, 0x10, 0x26,
    0xbf, 0xcd, 0x40, 0xa8, 0xff, 0x11, 0x2, 0x23,
    0xfc, 0x41, 0x0, 0xc1, 0x1, 0x68, 0x24, 0x50,
    0xa8, 0x21, 0x20, 0x7e, 0x0,

    /* U+718A "熊" */
    0x20, 0x81, 0x12, 0xcf, 0xec, 0x0, 0x21, 0x78,
    0xfd, 0x12, 0x7, 0xcb, 0x1f, 0x30, 0x44, 0x85,
    0x12, 0x10, 0xcf, 0xc8, 0x4, 0x44, 0x8a, 0x11,
    0x10,

    /* U+7194 "熔" */
    0x10, 0x0, 0x10, 0x20, 0x13, 0xfe, 0x12, 0x2,
    0x56, 0x8, 0x58, 0x84, 0x99, 0x22, 0x10, 0x60,
    0x10, 0x98, 0x11, 0x4, 0x17, 0xfe, 0x31, 0x4,
    0x29, 0x4, 0x41, 0x4, 0x81, 0xfc,

    /* U+719F "熟" */
    0x0, 0x40, 0xf8, 0x81, 0xff, 0xe2, 0x12, 0x43,
    0xc4, 0x8f, 0xd9, 0x2, 0x12, 0x0, 0x54, 0xfe,
    0x8a, 0x22, 0x1c, 0xc8, 0x18, 0x0, 0x0, 0x0,
    0x88, 0x10, 0x80, 0x0, 0x0,

    /* U+71AC "熬" */
    0x8, 0x20, 0xfe, 0x80, 0x21, 0xfb, 0xfa, 0x20,
    0x8c, 0x4e, 0xc5, 0x7, 0x8c, 0x11, 0x8, 0x22,
    0x28, 0x9d, 0x88, 0x0, 0x9, 0x2, 0x4, 0x44,
    0x48, 0x44, 0x40,

    /* U+71C3 "燃" */
    0x0, 0x10, 0x44, 0x20, 0x8e, 0x51, 0x64, 0x82,
    0xc7, 0xf6, 0xb2, 0x2e, 0x44, 0x55, 0x8c, 0x22,
    0x28, 0x44, 0x48, 0x91, 0x12, 0x80, 0x4, 0x0,
    0x88, 0x94, 0xa2, 0x28, 0x80,

    /* U+71E5 "燥" */
    0x21, 0xf8, 0x88, 0x22, 0x20, 0x88, 0x7c, 0xb7,
    0xbe, 0x92, 0x9a, 0x4a, 0x49, 0xff, 0x20, 0x40,
    0xbf, 0xf6, 0xe, 0x14, 0x54, 0x82, 0x4a, 0x31,
    0x10,

    /* U+7206 "爆" */
    0x20, 0x0, 0x4f, 0xf8, 0x90, 0x11, 0x3f, 0xe2,
    0x40, 0x56, 0xff, 0xac, 0x44, 0x51, 0xfe, 0x2f,
    0xfe, 0x42, 0x20, 0x99, 0x32, 0x8a, 0x84, 0x1f,
    0x11, 0xc9, 0xe0, 0x70, 0x0,

    /* U+722A "爪" */
    0x0, 0x38, 0x3f, 0xc8, 0x21, 0x8, 0x21, 0x8,
    0x21, 0x8, 0x21, 0x8, 0x21, 0x8, 0x21, 0x4,
    0x21, 0x4, 0x21, 0x4, 0x41, 0x4, 0x41, 0x2,
    0x81, 0x2, 0x0, 0x1,

    /* U+722C "爬" */
    0x7, 0x0, 0x39, 0x7e, 0x29, 0x52, 0x29, 0x52,
    0x29, 0x52, 0x29, 0x7e, 0x29, 0x40, 0x29, 0x40,
    0x29, 0x40, 0x28, 0xc2, 0x28, 0xfe, 0x48, 0x40,
    0x48, 0x20, 0x88, 0x1e,

    /* U+7231 "爱" */
    0x0, 0x18, 0xff, 0x80, 0x11, 0x2, 0x48, 0x7f,
    0xfd, 0x0, 0x14, 0x0, 0x4f, 0xfe, 0x4, 0x0,
    0x10, 0x0, 0x7f, 0x3, 0x8, 0x13, 0x40, 0x83,
    0x4, 0x73, 0xa0, 0x1,

    /* U+7236 "父" */
    0x8, 0x40, 0x40, 0x82, 0x1, 0x10, 0x2, 0x90,
    0x24, 0x41, 0x0, 0x84, 0x2, 0x20, 0x4, 0x80,
    0xc, 0x0, 0x30, 0x1, 0x20, 0x18, 0x63, 0x80,
    0x70,

    /* U+7237 "爷" */
    0x8, 0x20, 0xc0, 0xe4, 0x82, 0x41, 0x30, 0x3,
    0x0, 0x3b, 0x8f, 0x1, 0xcf, 0xfc, 0x2, 0x10,
    0x8, 0x40, 0x21, 0x0, 0xbc, 0x2, 0x0, 0x8,
    0x0,

    /* U+7238 "爸" */
    0x8, 0x40, 0x40, 0xc6, 0x84, 0x81, 0x60, 0x3,
    0x0, 0x73, 0x8e, 0x1, 0xcf, 0xfc, 0x21, 0x10,
    0x84, 0x43, 0xff, 0x8, 0x0, 0x20, 0x4, 0xff,
    0xe0,

    /* U+7239 "爹" */
    0x10, 0x20, 0xa1, 0x6c, 0x78, 0x1, 0x20, 0xfa,
    0x6c, 0x1f, 0x3, 0x88, 0x10, 0xd0, 0x4, 0xf9,
    0xec, 0x20, 0xc1, 0x4, 0x58, 0x1, 0x80, 0xf8,
    0x0,

    /* U+723D "爽" */
    0x1, 0x0, 0x2, 0x3, 0xff, 0xf8, 0x8, 0x3,
    0x12, 0x82, 0x22, 0x1a, 0x4a, 0x4, 0xc2, 0x32,
    0x88, 0x25, 0xa1, 0xb9, 0xb0, 0x21, 0x0, 0x81,
    0x6, 0x1, 0xf0, 0x0, 0x0,

    /* U+7247 "片" */
    0x10, 0x40, 0x20, 0x80, 0x41, 0x0, 0x82, 0x1,
    0xff, 0xe2, 0x0, 0x4, 0x0, 0xf, 0xf8, 0x10,
    0x10, 0x60, 0x20, 0x80, 0x41, 0x0, 0x84, 0x1,
    0x0, 0x0, 0x0,

    /* U+7248 "版" */
    0x24, 0x3, 0x24, 0xfc, 0x24, 0x80, 0x24, 0x80,
    0x24, 0x80, 0x3f, 0xfe, 0x20, 0xc2, 0x20, 0xc2,
    0x3e, 0xc2, 0x22, 0xa4, 0x22, 0xa8, 0x22, 0x98,
    0x42, 0x90, 0x43, 0x28, 0x83, 0x46,

    /* U+724C "牌" */
    0x50, 0x41, 0x41, 0x5, 0x3f, 0xd4, 0x89, 0x52,
    0x25, 0xff, 0xf4, 0x22, 0x50, 0xff, 0x78, 0x51,
    0x26, 0x44, 0x81, 0x33, 0xff, 0x88, 0x12, 0x20,
    0x48, 0x81, 0x0,

    /* U+7259 "牙" */
    0x7f, 0xfc, 0x0, 0x40, 0x0, 0x81, 0x1, 0x2,
    0x2, 0x7, 0xff, 0xc0, 0x28, 0x0, 0x90, 0x2,
    0x20, 0x8, 0x40, 0x60, 0x81, 0x1, 0x4, 0x1e,
    0x0,

    /* U+725B "牛" */
    0x11, 0x0, 0x42, 0x0, 0x84, 0x1, 0xff, 0xe4,
    0x10, 0x10, 0x20, 0x0, 0x40, 0x7f, 0xff, 0x1,
    0x0, 0x2, 0x0, 0x4, 0x0, 0x8, 0x0, 0x10,
    0x0, 0x20, 0x0,

    /* U+7262 "牢" */
    0x2, 0x0, 0x2, 0x1, 0xff, 0xfa, 0x0, 0x14,
    0x90, 0x22, 0x20, 0x7, 0xfe, 0x10, 0x80, 0x21,
    0x0, 0x2, 0x3, 0xff, 0xf8, 0x8, 0x0, 0x10,
    0x0, 0x20, 0x0, 0x40, 0x0,

    /* U+7267 "牧" */
    0x50, 0x81, 0x21, 0x2, 0x44, 0x3, 0xef, 0xf9,
    0x10, 0x92, 0x62, 0x4, 0x44, 0xa, 0x88, 0x38,
    0xa0, 0xa1, 0x40, 0x41, 0x0, 0x85, 0x1, 0x11,
    0x2, 0xc1, 0x80,

    /* U+7269 "物" */
    0x10, 0x2, 0x44, 0x9, 0x1f, 0xdf, 0x55, 0x92,
    0x56, 0x4a, 0x51, 0x9, 0x47, 0x49, 0x71, 0x24,
    0x49, 0x11, 0x4, 0xc4, 0x23, 0x11, 0x8, 0x40,
    0xe0,

    /* U+7272 "牲" */
    0x10, 0x20, 0xa2, 0x42, 0x44, 0x87, 0xef, 0xf9,
    0x22, 0x12, 0x44, 0x4, 0x8, 0xa, 0x10, 0x3b,
    0xff, 0xa0, 0x40, 0x40, 0x80, 0x81, 0x1, 0x2,
    0x2, 0xff, 0xc0,

    /* U+7275 "牵" */
    0x1, 0x0, 0x7f, 0xf8, 0xa, 0x0, 0x63, 0x1,
    0x1, 0x8f, 0xff, 0xd4, 0x40, 0xaf, 0xfd, 0x21,
    0x0, 0x2, 0x3, 0xff, 0xf8, 0x8, 0x0, 0x10,
    0x0, 0x20, 0x0,

    /* U+7279 "特" */
    0x10, 0x20, 0xa0, 0x41, 0x43, 0xf3, 0xe1, 0x9,
    0x2, 0x12, 0x7f, 0xe4, 0x2, 0x8, 0x4, 0x1b,
    0xff, 0xe0, 0x10, 0x44, 0x20, 0x84, 0x41, 0x0,
    0x82, 0x7, 0x0,

    /* U+727A "牺" */
    0x17, 0xfe, 0xa1, 0x21, 0x42, 0x43, 0xdf, 0xf9,
    0x29, 0x32, 0x52, 0x64, 0xa4, 0x89, 0x49, 0x33,
    0x1f, 0xa6, 0x4, 0x48, 0x8, 0x90, 0x11, 0x3f,
    0xe2, 0x40, 0x40,

    /* U+7280 "犀" */
    0x3f, 0xfc, 0x40, 0x8, 0x80, 0x11, 0xff, 0xe2,
    0x89, 0x4, 0x90, 0x9, 0x2c, 0x1c, 0x6, 0x28,
    0x80, 0xdf, 0xf9, 0x42, 0x3, 0xff, 0xf8, 0x8,
    0x10, 0x10, 0x0,

    /* U+7284 "犄" */
    0x10, 0x0, 0xa3, 0xfd, 0x40, 0x83, 0xe2, 0x89,
    0x8, 0xd2, 0x20, 0x44, 0xff, 0x88, 0x2, 0x39,
    0xe5, 0xa2, 0x48, 0x44, 0x90, 0x8f, 0x21, 0x10,
    0x42, 0x3, 0x80,

    /* U+729F "犟" */
    0xf9, 0xf8, 0x28, 0x27, 0x9f, 0x20, 0xfe, 0xfa,
    0x48, 0x2f, 0xe0, 0x84, 0x9e, 0xff, 0x1, 0x0,
    0xff, 0xe4, 0x10, 0x3f, 0xff, 0x1, 0x0, 0x4,
    0x0,

    /* U+72AC "犬" */
    0x0, 0x0, 0x9, 0x80, 0x21, 0x0, 0x82, 0x2,
    0x3, 0xff, 0xf0, 0x30, 0x0, 0xc0, 0x5, 0x0,
    0x12, 0x0, 0x88, 0x2, 0x10, 0x10, 0x20, 0x80,
    0x4c, 0x0, 0xc0,

    /* U+72AF "犯" */
    0x8, 0x0, 0xd3, 0xf8, 0x44, 0x13, 0x88, 0x29,
    0x10, 0x41, 0x20, 0x82, 0x41, 0x1c, 0x9e, 0x49,
    0x1, 0x12, 0x0, 0x24, 0x0, 0x48, 0x11, 0x90,
    0x2e, 0x3f, 0xc0,

    /* U+72B6 "状" */
    0x8, 0x40, 0x10, 0x91, 0x21, 0x11, 0x42, 0x0,
    0xbf, 0xe1, 0x8, 0x2, 0x18, 0xc, 0x30, 0x28,
    0xa0, 0x91, 0x22, 0x22, 0x40, 0x48, 0x40, 0xa0,
    0x41, 0x0, 0x40,

    /* U+72B9 "犹" */
    0x0, 0x40, 0x48, 0x48, 0x30, 0x40, 0x10, 0x40,
    0x73, 0xff, 0x88, 0x40, 0x8, 0x40, 0x18, 0x80,
    0x28, 0xa0, 0x48, 0xa0, 0x9, 0x20, 0x9, 0x20,
    0xa, 0x22, 0xc, 0x22, 0x70, 0x1e,

    /* U+72C2 "狂" */
    0x48, 0x0, 0x57, 0xfc, 0x40, 0x81, 0x81, 0x4,
    0x82, 0x1, 0x4, 0x6, 0xff, 0x94, 0x10, 0x48,
    0x21, 0x10, 0x40, 0x20, 0x80, 0x41, 0x0, 0x82,
    0xe, 0xff, 0xc0,

    /* U+72C8 "狈" */
    0x93, 0xf9, 0x48, 0x22, 0x20, 0x98, 0x92, 0x92,
    0x48, 0x49, 0x21, 0x24, 0x8c, 0x92, 0x52, 0x4a,
    0x49, 0x21, 0xa, 0x4, 0x24, 0x11, 0xb, 0xb8,
    0x0,

    /* U+72D0 "狐" */
    0x0, 0x2, 0x91, 0xf8, 0xc9, 0x20, 0x92, 0x43,
    0x24, 0x89, 0x49, 0x2, 0x92, 0xd, 0x24, 0x2a,
    0x44, 0x94, 0x88, 0x29, 0x50, 0x54, 0xa0, 0xc9,
    0x41, 0x9d, 0x5d, 0x2, 0x80,

    /* U+72D7 "狗" */
    0x91, 0x1, 0x88, 0x2, 0x3f, 0xf9, 0x1, 0x14,
    0x4, 0x6f, 0x91, 0x22, 0x4c, 0x89, 0x52, 0x26,
    0x4f, 0x91, 0x20, 0x44, 0x1, 0x10, 0xf, 0x81,
    0xe0,

    /* U+72D9 "狙" */
    0x40, 0x0, 0x53, 0xf0, 0x44, 0x20, 0x88, 0x47,
    0x10, 0x91, 0x3f, 0x2, 0x42, 0xc, 0x84, 0x29,
    0x8, 0x93, 0xf2, 0x24, 0x20, 0x48, 0x40, 0x90,
    0x81, 0x21, 0x1d, 0xff, 0x80,

    /* U+72DE "狞" */
    0x0, 0x0, 0x80, 0x40, 0xa0, 0x0, 0x9f, 0xf3,
    0x20, 0x29, 0x40, 0x42, 0x0, 0xd, 0xff, 0x28,
    0x20, 0x50, 0x41, 0x20, 0x80, 0x41, 0x0, 0x82,
    0x1, 0x4, 0x1c, 0x38, 0x0,

    /* U+72E0 "狠" */
    0x0, 0x0, 0x97, 0xf8, 0xc8, 0x10, 0x90, 0x23,
    0x3f, 0xc9, 0x40, 0x82, 0x81, 0xd, 0xfe, 0x2a,
    0x40, 0x94, 0x8e, 0x28, 0xa0, 0x51, 0x0, 0xa1,
    0x1, 0x5d, 0x1d, 0xc1, 0x80,

    /* U+72E1 "狡" */
    0x0, 0x2, 0x41, 0x6, 0x0, 0x9, 0xff, 0x60,
    0x2, 0x44, 0x41, 0x20, 0x84, 0x85, 0x32, 0x11,
    0x44, 0x89, 0xa, 0x4, 0x10, 0x10, 0xc0, 0x44,
    0x8e, 0x61, 0x80,

    /* U+72EC "独" */
    0x90, 0x40, 0xa0, 0x80, 0x81, 0x3, 0x3f, 0xe9,
    0x44, 0x42, 0x88, 0x85, 0x11, 0x1a, 0x22, 0x57,
    0xfd, 0x20, 0x80, 0x41, 0x20, 0x82, 0x21, 0x4,
    0x5c, 0xf7, 0x40,

    /* U+72ED "狭" */
    0x48, 0x20, 0x30, 0x20, 0x13, 0xfe, 0x70, 0x20,
    0x9, 0x24, 0x9, 0x24, 0x18, 0x28, 0x2b, 0xff,
    0x48, 0x20, 0x88, 0x60, 0x8, 0x50, 0x8, 0x90,
    0x9, 0x8, 0x76, 0x6,

    /* U+72EE "狮" */
    0x11, 0x0, 0xa2, 0xf8, 0x94, 0x43, 0x28, 0x89,
    0x53, 0xc2, 0xb2, 0x85, 0x65, 0x1a, 0xca, 0x55,
    0x95, 0x23, 0x28, 0x4a, 0x50, 0x90, 0xe1, 0x41,
    0xd, 0x2, 0x0,

    /* U+72F0 "狰" */
    0x40, 0x80, 0x61, 0xe0, 0x44, 0x41, 0x91, 0x4,
    0xbf, 0xc1, 0x8, 0x87, 0xff, 0x94, 0x22, 0x28,
    0x44, 0x97, 0xf8, 0x21, 0x10, 0x42, 0x0, 0x84,
    0xe, 0x18, 0x0,

    /* U+72F1 "狱" */
    0x90, 0x10, 0xc8, 0x28, 0x88, 0x53, 0x0, 0x89,
    0x7, 0xe3, 0xc3, 0x4, 0x86, 0x19, 0xc, 0x52,
    0x19, 0x24, 0x50, 0x48, 0x90, 0x99, 0x21, 0x44,
    0x4c, 0x10, 0x40,

    /* U+72F8 "狸" */
    0x90, 0x0, 0xaf, 0xf8, 0x91, 0x13, 0x22, 0x29,
    0x7f, 0xc2, 0x88, 0x85, 0x11, 0x1b, 0xfe, 0x50,
    0x41, 0x2f, 0xf8, 0x41, 0x0, 0x82, 0x1, 0x4,
    0x1d, 0xff, 0xc0,

    /* U+72FC "狼" */
    0x88, 0x1, 0x41, 0x6, 0x3f, 0x88, 0x82, 0x62,
    0xa, 0x4f, 0xe1, 0x20, 0x84, 0x82, 0x33, 0xf9,
    0x49, 0x9, 0x24, 0x84, 0x8c, 0x12, 0x20, 0x4e,
    0x4e, 0x20, 0xc0,

    /* U+730E "猎" */
    0x48, 0x8, 0x30, 0x88, 0x11, 0xfe, 0x70, 0x88,
    0x88, 0x88, 0xb, 0xff, 0x8, 0x0, 0x19, 0xfc,
    0x29, 0x4, 0x49, 0x4, 0x9, 0xfc, 0x9, 0x4,
    0x9, 0x4, 0x71, 0xfc,

    /* U+731B "猛" */
    0x0, 0x2, 0x4f, 0xe6, 0x1, 0x8, 0x8, 0x60,
    0x2, 0x7f, 0xf1, 0x4, 0x4, 0x0, 0x30, 0x81,
    0x5f, 0xe9, 0x52, 0x85, 0x4a, 0x15, 0x28, 0x54,
    0xaf, 0xff, 0xc0,

    /* U+731C "猜" */
    0x48, 0x20, 0x33, 0xfe, 0x10, 0x20, 0x73, 0xfe,
    0x8, 0x20, 0xb, 0xde, 0x19, 0xfc, 0x29, 0x4,
    0x49, 0xfc, 0x9, 0x4, 0x9, 0xfc, 0x9, 0x4,
    0x9, 0x4, 0x71, 0xc,

    /* U+731D "猝" */
    0x48, 0x20, 0x30, 0x0, 0x13, 0xfe, 0x30, 0x0,
    0x51, 0x8, 0x9, 0x10, 0x1a, 0xd6, 0x28, 0x20,
    0x28, 0x20, 0x4f, 0xff, 0x8, 0x20, 0x8, 0x20,
    0x8, 0x20, 0x70, 0x20,

    /* U+7325 "猥" */
    0x4b, 0xfc, 0x64, 0x48, 0x48, 0x93, 0x9f, 0xe0,
    0xa2, 0x41, 0x7f, 0x86, 0x0, 0x14, 0x0, 0x2b,
    0xfe, 0x92, 0x40, 0x24, 0x90, 0x48, 0x80, 0x90,
    0x8e, 0x3c, 0xc0,

    /* U+7329 "猩" */
    0x80, 0x1, 0x2f, 0xf9, 0x90, 0x11, 0x20, 0x2e,
    0x7f, 0xc2, 0x80, 0x85, 0xff, 0x19, 0x20, 0x54,
    0x41, 0x2f, 0xf8, 0x61, 0x0, 0xbf, 0xe1, 0x4,
    0x2, 0x8, 0x3b, 0xff, 0x80,

    /* U+732A "猪" */
    0x40, 0x0, 0x50, 0x8c, 0x4f, 0xf1, 0x82, 0x45,
    0x5, 0x11, 0xff, 0xc2, 0x10, 0xc, 0x40, 0x2b,
    0xfc, 0x91, 0xa, 0x22, 0x10, 0x47, 0xe0, 0x88,
    0x41, 0x10, 0x9c, 0x3f, 0x0,

    /* U+732B "猫" */
    0x0, 0x88, 0x91, 0x10, 0xc2, 0x20, 0xbf, 0xf3,
    0x8, 0x89, 0x11, 0x2, 0x0, 0x5, 0xfe, 0x3a,
    0x24, 0x54, 0x49, 0x2f, 0xf0, 0x51, 0x20, 0xa2,
    0x41, 0x7f, 0x9c, 0x80, 0x0,

    /* U+732C "猬" */
    0x4b, 0xfe, 0x64, 0x44, 0x4f, 0xfb, 0x91, 0x18,
    0xa2, 0x21, 0x7f, 0xc2, 0x0, 0xc, 0xfe, 0x2a,
    0x4, 0x93, 0xf8, 0x28, 0x10, 0x4f, 0xe0, 0xa0,
    0x4e, 0x1, 0x80,

    /* U+732E "献" */
    0x8, 0x10, 0x10, 0x2b, 0xfe, 0x50, 0x40, 0x90,
    0x81, 0xf, 0xff, 0xd8, 0xc4, 0x32, 0x88, 0x55,
    0x10, 0xfe, 0x31, 0x24, 0xa3, 0xf9, 0x44, 0x92,
    0x49, 0x28, 0x92, 0xe0, 0x80,

    /* U+733E "猾" */
    0x93, 0xf8, 0xa4, 0x10, 0x8f, 0x23, 0x12, 0x49,
    0x7f, 0xe3, 0x0, 0x44, 0xfe, 0x99, 0x4, 0x53,
    0xf9, 0x24, 0x10, 0x48, 0x20, 0x9f, 0xc1, 0x20,
    0x9c, 0x47, 0x0,

    /* U+7360 "獠" */
    0x88, 0x0, 0xa1, 0x1, 0x9f, 0xf9, 0x9, 0xe,
    0x71, 0x82, 0x41, 0x4, 0xff, 0xf, 0x5, 0x33,
    0xf8, 0xa4, 0x12, 0x4f, 0xe0, 0x82, 0x1, 0x24,
    0x82, 0x88, 0xb8, 0x30, 0x0,

    /* U+736D "獭" */
    0x81, 0x0, 0xa2, 0x38, 0x9f, 0x91, 0x9, 0x26,
    0x12, 0x52, 0xfb, 0xc5, 0x58, 0x8a, 0xb5, 0x35,
    0x6a, 0xaf, 0xd5, 0x4c, 0xac, 0xac, 0x51, 0x55,
    0x3, 0x22, 0x98, 0x48, 0x80,

    /* U+7387 "率" */
    0x2, 0x0, 0x8, 0xf, 0xff, 0xc1, 0x0, 0x44,
    0x90, 0xbc, 0x80, 0x20, 0x5, 0x28, 0x6b, 0xd2,
    0x10, 0x20, 0x20, 0x3f, 0xff, 0x2, 0x0, 0x8,
    0x0, 0x0, 0x0,

    /* U+7389 "玉" */
    0x7f, 0xfc, 0x2, 0x0, 0x4, 0x0, 0x8, 0x0,
    0x10, 0x7, 0xff, 0x80, 0x40, 0x0, 0x80, 0x1,
    0x20, 0x2, 0x30, 0x4, 0x0, 0x8, 0xf, 0xff,
    0xe0,

    /* U+738B "王" */
    0x7f, 0xfc, 0x2, 0x0, 0x4, 0x0, 0x8, 0x0,
    0x10, 0x7, 0xff, 0x80, 0x40, 0x0, 0x80, 0x1,
    0x0, 0x2, 0x0, 0x4, 0x0, 0x8, 0xf, 0xff,
    0xe0,

    /* U+739B "玛" */
    0xfb, 0xf0, 0x80, 0x42, 0x21, 0x8, 0x84, 0x22,
    0x11, 0xc8, 0x42, 0x3f, 0xc8, 0x1, 0x20, 0x4,
    0x9f, 0xd7, 0x0, 0x80, 0x2, 0x0, 0x38,

    /* U+73A9 "玩" */
    0xfb, 0xf8, 0x80, 0x2, 0x0, 0x8, 0x0, 0xff,
    0xfc, 0x84, 0x82, 0x12, 0x8, 0x48, 0x21, 0x20,
    0xc8, 0x8c, 0x22, 0x41, 0x9, 0x8, 0x1c,

    /* U+73AB "玫" */
    0x0, 0x0, 0x4, 0xf, 0x90, 0x8, 0x40, 0x21,
    0xfc, 0x88, 0x42, 0x31, 0x3f, 0x44, 0x25, 0x20,
    0x82, 0x82, 0xc, 0x8, 0x10, 0x38, 0xa3, 0xc,
    0x40, 0x40, 0xc0,

    /* U+73AF "环" */
    0xff, 0xfc, 0x81, 0x2, 0x8, 0x8, 0x20, 0xf9,
    0xa0, 0x8a, 0x42, 0x28, 0x89, 0x21, 0x20, 0x80,
    0xe2, 0x4, 0x8, 0x20, 0x20, 0x0, 0x0,

    /* U+73B0 "现" */
    0x3, 0xfb, 0xe8, 0x22, 0x20, 0x88, 0x92, 0x22,
    0x4b, 0xe9, 0x22, 0x24, 0x88, 0x92, 0x22, 0x48,
    0x81, 0x82, 0x8a, 0x34, 0x29, 0x1, 0x24, 0x8,
    0xf0, 0x40, 0x0,

    /* U+73B2 "玲" */
    0x0, 0x0, 0x1, 0xf, 0x94, 0x8, 0x48, 0x22,
    0x10, 0x90, 0x22, 0x48, 0x5c, 0x0, 0x27, 0xf8,
    0x80, 0x62, 0x1, 0xa, 0x8, 0x31, 0x43, 0x2,
    0x0, 0x4, 0x0,

    /* U+73BB "玻" */
    0x0, 0x40, 0x1, 0x7, 0x4, 0x9, 0xff, 0x24,
    0x44, 0x91, 0x12, 0x44, 0x1d, 0xfe, 0x26, 0x8,
    0x94, 0x22, 0x49, 0x9, 0x28, 0x34, 0x43, 0x22,
    0xc0, 0x90, 0xc1, 0x80,

    /* U+73CD "珍" */
    0x0, 0x0, 0x0, 0x83, 0xe2, 0x81, 0x8, 0x82,
    0x20, 0x84, 0x88, 0xfe, 0x20, 0x10, 0x80, 0x20,
    0x20, 0x40, 0x80, 0x82, 0x11, 0x68, 0x4d, 0x1,
    0x0, 0xc, 0x0, 0xe0, 0x0,

    /* U+73D1 "珑" */
    0x1, 0x3, 0xe4, 0x82, 0x11, 0x88, 0x40, 0x27,
    0xfb, 0xe5, 0x22, 0x15, 0x8, 0x54, 0x21, 0x60,
    0x89, 0x3, 0xa4, 0x30, 0xd0, 0x6, 0x44, 0x21,
    0xf0,

    /* U+73E0 "珠" */
    0x0, 0x41, 0xf4, 0x80, 0x89, 0x1, 0x1f, 0xe2,
    0x44, 0x4, 0x8, 0x1c, 0x10, 0x13, 0xfe, 0x20,
    0x60, 0x41, 0xa0, 0x85, 0x43, 0xd2, 0x40, 0x44,
    0x40, 0x8, 0x0,

    /* U+73ED "班" */
    0x0, 0x81, 0xf1, 0xfc, 0x82, 0x41, 0x24, 0x82,
    0x49, 0x4, 0x92, 0x3f, 0x24, 0x12, 0x7e, 0x20,
    0x90, 0x41, 0x20, 0x82, 0x41, 0xc8, 0x8c, 0x11,
    0x0, 0x7f, 0xc1, 0x0, 0x0,

    /* U+7403 "球" */
    0x0, 0x40, 0x0, 0x91, 0xc1, 0x1, 0x3f, 0xe2,
    0x4, 0x4, 0x88, 0xbe, 0x92, 0x11, 0x34, 0x20,
    0x50, 0x41, 0xa0, 0x85, 0x41, 0x92, 0x44, 0x44,
    0x40, 0x8, 0x0, 0x70, 0x0,

    /* U+7406 "理" */
    0xff, 0xfc, 0x48, 0x88, 0x9f, 0xf1, 0x22, 0x22,
    0x44, 0x5e, 0x88, 0x89, 0xff, 0x10, 0x20, 0x27,
    0xfc, 0x70, 0x83, 0x1, 0x0, 0x2, 0x0, 0xff,
    0xe0,

    /* U+7410 "琐" */
    0x0, 0x40, 0x9, 0xf, 0xa4, 0x88, 0x54, 0x20,
    0x40, 0x8f, 0xef, 0xa0, 0x88, 0x92, 0x22, 0x48,
    0x89, 0x22, 0x24, 0x8a, 0xa2, 0x52, 0x8a, 0x4,
    0x40, 0x60, 0xc0,

    /* U+7422 "琢" */
    0xff, 0xfc, 0x40, 0x80, 0x82, 0x1, 0x1c, 0x4f,
    0xed, 0x4, 0x66, 0x8, 0xcc, 0x12, 0x34, 0x20,
    0xa8, 0x72, 0x4b, 0x18, 0x88, 0x1, 0x0, 0x1c,
    0x0,

    /* U+7433 "琳" */
    0x1, 0x10, 0x2, 0x23, 0xe4, 0x41, 0x8, 0x82,
    0xff, 0xe4, 0x22, 0x3e, 0xc6, 0x11, 0x8c, 0x25,
    0x98, 0x4a, 0x30, 0x94, 0xd3, 0xca, 0x90, 0x11,
    0x0, 0x22, 0x0, 0x44, 0x0,

    /* U+745F "瑟" */
    0xff, 0xfc, 0x20, 0x40, 0x40, 0x87, 0xff, 0xe1,
    0x2, 0x2, 0x4, 0xf, 0x7f, 0x62, 0x0, 0x2,
    0x20, 0x2, 0xa1, 0x22, 0x24, 0x48, 0x20, 0x62,
    0x3, 0xfc, 0x18, 0x0, 0x0,

    /* U+7470 "瑰" */
    0x0, 0x0, 0xe7, 0xf8, 0x89, 0x11, 0x12, 0x22,
    0x3f, 0xc4, 0x48, 0x9c, 0xa1, 0x11, 0xfe, 0x20,
    0x80, 0x42, 0xb0, 0xa5, 0x56, 0x93, 0x40, 0x44,
    0x20, 0xf, 0xc0,

    /* U+7483 "璃" */
    0x0, 0x41, 0xdf, 0xf2, 0x32, 0x8, 0xb2, 0x22,
    0xab, 0xec, 0x22, 0x3f, 0x88, 0x10, 0x27, 0xfc,
    0x92, 0x13, 0x51, 0x51, 0x7d, 0x4, 0x4, 0x10,
    0x70,

    /* U+74DC "瓜" */
    0x0, 0x18, 0x7f, 0xe0, 0x88, 0x41, 0x10, 0x82,
    0x21, 0x4, 0x42, 0x8, 0x84, 0x11, 0x4, 0x22,
    0x8, 0x48, 0x11, 0x11, 0x22, 0x42, 0x28, 0xfe,
    0x50, 0x4, 0x40,

    /* U+74E2 "瓢" */
    0x0, 0x18, 0xf9, 0xd3, 0xfa, 0xa5, 0x55, 0x4a,
    0xaa, 0x9f, 0xd5, 0x0, 0x2a, 0x3e, 0x54, 0x0,
    0xa9, 0xfe, 0x68, 0x45, 0x34, 0xaa, 0x61, 0x17,
    0xc6, 0x0, 0x40,

    /* U+74E3 "瓣" */
    0x41, 0xa1, 0x1a, 0x4f, 0x6f, 0xc5, 0xb1, 0x96,
    0xc9, 0x1a, 0xaf, 0xef, 0xc9, 0xa4, 0x26, 0x93,
    0x5b, 0xf4, 0xb9, 0x12, 0xe4, 0x4d, 0x92, 0xb,
    0x40,

    /* U+74E6 "瓦" */
    0xff, 0xf8, 0x40, 0x2, 0x0, 0x1f, 0xc1, 0x2,
    0x8, 0x10, 0x58, 0x82, 0x24, 0x21, 0x21, 0x1,
    0x8, 0xa, 0x43, 0x57, 0xe3, 0x80,

    /* U+74F6 "瓶" */
    0x44, 0x0, 0x8b, 0xfc, 0x92, 0x0, 0x4, 0x7,
    0xc8, 0x4, 0x8e, 0x9, 0x24, 0x12, 0x48, 0xff,
    0xb0, 0x49, 0x60, 0x92, 0x41, 0x24, 0x84, 0x49,
    0x8, 0x96, 0x61, 0x33, 0x80,

    /* U+74F7 "瓷" */
    0x1, 0x0, 0x84, 0x0, 0xcf, 0xf0, 0x24, 0x40,
    0xc, 0x81, 0x24, 0x3e, 0x86, 0x0, 0x2, 0x7f,
    0xfc, 0x10, 0x0, 0x3f, 0x80, 0x91, 0x1, 0x12,
    0x4, 0x4, 0xf, 0x8f, 0x0,

    /* U+7518 "甘" */
    0x10, 0x20, 0x40, 0x81, 0x2, 0x3f, 0xff, 0x10,
    0x20, 0x40, 0x81, 0x2, 0x7, 0xf8, 0x10, 0x20,
    0x40, 0x81, 0x2, 0x4, 0x8, 0x1f, 0xe0, 0x40,
    0x80,

    /* U+751A "甚" */
    0x10, 0x23, 0xff, 0xf1, 0x2, 0x7, 0xf8, 0x10,
    0x20, 0x40, 0x81, 0xfe, 0x4, 0x8, 0xff, 0xfc,
    0x80, 0x2, 0x46, 0xa, 0x4, 0x20, 0x0, 0xff,
    0xe0,

    /* U+751C "甜" */
    0x38, 0x84, 0xa1, 0x8, 0x42, 0x10, 0x8f, 0xef,
    0xe8, 0x42, 0x10, 0x84, 0x21, 0x8, 0x42, 0x7c,
    0xfc, 0x89, 0x9, 0x12, 0x12, 0x24, 0x27, 0xcf,
    0xc8, 0x90, 0x80,

    /* U+751F "生" */
    0x11, 0x0, 0x22, 0x0, 0x84, 0x1, 0xff, 0xe4,
    0x10, 0x10, 0x20, 0x0, 0x40, 0x1f, 0xfe, 0x1,
    0x0, 0x2, 0x0, 0x4, 0x0, 0x8, 0x0, 0x10,
    0x1f, 0xff, 0xc0,

    /* U+7528 "用" */
    0x3f, 0xfc, 0x84, 0x12, 0x10, 0x4f, 0xff, 0x21,
    0x4, 0x84, 0x12, 0x10, 0x4f, 0xff, 0x21, 0x5,
    0x84, 0x14, 0x10, 0x50, 0x41, 0x81, 0x3c,

    /* U+7529 "甩" */
    0x3f, 0xfc, 0x21, 0x4, 0x21, 0x4, 0x21, 0x4,
    0x3f, 0xfc, 0x21, 0x4, 0x21, 0x4, 0x3f, 0xfc,
    0x21, 0x4, 0x61, 0x4, 0x61, 0x1c, 0x41, 0x0,
    0x41, 0x1, 0x81, 0xfe,

    /* U+7530 "田" */
    0xff, 0xfc, 0x10, 0x60, 0x83, 0x4, 0x18, 0x20,
    0xff, 0xfe, 0x8, 0x30, 0x41, 0x82, 0xc, 0x10,
    0x60, 0x83, 0xff, 0xf8, 0x0, 0x80,

    /* U+7531 "由" */
    0x2, 0x0, 0x20, 0x2, 0xf, 0xff, 0x82, 0x18,
    0x21, 0x82, 0x1f, 0xff, 0x82, 0x18, 0x21, 0x82,
    0x18, 0x21, 0xff, 0xf8, 0x1,

    /* U+7532 "甲" */
    0xff, 0xf8, 0x41, 0x84, 0x1f, 0xff, 0x84, 0x18,
    0x41, 0x84, 0x1f, 0xff, 0x84, 0x10, 0x40, 0x4,
    0x0, 0x40, 0x4, 0x0,

    /* U+7533 "申" */
    0x2, 0x0, 0x20, 0xff, 0xf8, 0x21, 0x82, 0x1f,
    0xff, 0x82, 0x18, 0x21, 0x82, 0x1f, 0xff, 0x82,
    0x10, 0x20, 0x2, 0x0, 0x20,

    /* U+7535 "电" */
    0x4, 0x0, 0x10, 0xf, 0xff, 0x21, 0x4, 0x84,
    0x13, 0xff, 0xc8, 0x41, 0x21, 0x4, 0x84, 0x13,
    0xff, 0xc8, 0x40, 0x1, 0x1, 0x4, 0x4, 0x1f,
    0xe0,

    /* U+7537 "男" */
    0x7f, 0xf4, 0x21, 0x42, 0x17, 0xff, 0x42, 0x14,
    0x21, 0x7f, 0xf0, 0x40, 0xff, 0xf0, 0x41, 0x8,
    0x10, 0x81, 0x10, 0x1e, 0xe,

    /* U+7538 "甸" */
    0x0, 0x0, 0x20, 0x1, 0x0, 0x7, 0xff, 0x20,
    0x4, 0x80, 0x15, 0xfe, 0x64, 0x89, 0x12, 0x24,
    0x7f, 0x91, 0x22, 0x44, 0x89, 0x1f, 0xe8, 0x40,
    0x20, 0x7, 0x80,

    /* U+753B "画" */
    0x7f, 0xf8, 0x0, 0xf, 0xf8, 0x44, 0x4a, 0x22,
    0xd1, 0x16, 0xff, 0xb4, 0x45, 0xa2, 0x2d, 0xff,
    0x60, 0x3, 0x0, 0x1f, 0xff, 0x80,

    /* U+7545 "畅" */
    0x23, 0xf8, 0x80, 0x8f, 0x84, 0x2a, 0x20, 0xa9,
    0x3, 0xef, 0xfa, 0x89, 0x6a, 0x49, 0xf9, 0x26,
    0x88, 0x92, 0x4, 0x48, 0x23, 0x21, 0x8, 0x88,
    0xe0,

    /* U+754C "界" */
    0x3f, 0xf8, 0x42, 0x10, 0x84, 0x21, 0xff, 0xc2,
    0x10, 0x87, 0xff, 0x1, 0x10, 0x4, 0x10, 0x10,
    0x10, 0xc8, 0x58, 0x10, 0x80, 0x21, 0x0, 0x82,
    0x6, 0x4, 0x0,

    /* U+754F "畏" */
    0x3f, 0xf8, 0x84, 0x22, 0x10, 0x8f, 0xfe, 0x21,
    0x8, 0xff, 0xe0, 0x0, 0x3f, 0xff, 0x11, 0x0,
    0x42, 0x21, 0xb, 0x4, 0x10, 0x11, 0x30, 0x78,
    0x30,

    /* U+7554 "畔" */
    0x0, 0x43, 0xe9, 0x2a, 0xa4, 0xaa, 0x10, 0xa8,
    0x43, 0xef, 0xea, 0x84, 0x2a, 0x10, 0xaf, 0xfe,
    0xa1, 0xf, 0x84, 0x20, 0x10, 0x80, 0x40, 0x1,
    0x0,

    /* U+7559 "留" */
    0x8, 0x7, 0x3f, 0x80, 0x98, 0x9, 0x88, 0x9f,
    0x51, 0x82, 0x30, 0x0, 0x7f, 0xf8, 0x21, 0x7f,
    0xf8, 0x21, 0x82, 0x17, 0xff,

    /* U+755C "畜" */
    0x2, 0x0, 0x4, 0xf, 0xff, 0xc1, 0x0, 0x18,
    0x80, 0xfc, 0x0, 0x43, 0x1f, 0xfe, 0x0, 0x0,
    0xff, 0xc4, 0x21, 0xf, 0xfc, 0x42, 0x11, 0x8,
    0x43, 0xff, 0x0,

    /* U+7565 "略" */
    0x0, 0x81, 0xf1, 0xf2, 0xa4, 0x25, 0x54, 0x8a,
    0xc6, 0x1f, 0x8, 0x2a, 0x2c, 0x54, 0x84, 0xaf,
    0xfd, 0x54, 0x13, 0xe8, 0x24, 0x10, 0x48, 0x20,
    0x80, 0x7f, 0x0,

    /* U+756A "番" */
    0x1, 0xf0, 0x7e, 0x20, 0x24, 0x80, 0x9, 0xf,
    0xff, 0xe0, 0xb0, 0x2, 0x58, 0x18, 0x8c, 0xdf,
    0xfe, 0x22, 0x10, 0x7f, 0xe0, 0x88, 0x41, 0x10,
    0x83, 0xff, 0x0,

    /* U+758F "疏" */
    0x0, 0x0, 0x78, 0x0, 0x27, 0xf8, 0x2, 0x0,
    0x8, 0x8a, 0x3e, 0x93, 0x0, 0x28, 0x54, 0x50,
    0xa8, 0xa1, 0x51, 0xa, 0xa1, 0xe5, 0x54, 0x12,
    0xa0, 0x41, 0xc0,

    /* U+7591 "疑" */
    0x40, 0x0, 0x83, 0xf9, 0x20, 0x23, 0x80, 0x84,
    0x26, 0xf, 0xc2, 0x0, 0x7a, 0xbf, 0x12, 0x90,
    0xa5, 0x21, 0x43, 0xfa, 0xf0, 0x85, 0x2, 0x8a,
    0x4, 0xac, 0x10, 0xcf, 0x80,

    /* U+7597 "疗" */
    0x0, 0x0, 0x1, 0x0, 0x7f, 0xfc, 0x80, 0x5,
    0x7f, 0xe2, 0x1, 0x4, 0x4, 0x18, 0x30, 0xd0,
    0x40, 0x60, 0x80, 0x81, 0x1, 0x2, 0x4, 0x4,
    0x10, 0x38, 0x0,

    /* U+7599 "疙" */
    0x0, 0x0, 0x0, 0x80, 0x7f, 0xf8, 0x80, 0x9,
    0x20, 0xa, 0x7f, 0xd5, 0x0, 0xa, 0x0, 0x1b,
    0xf0, 0x60, 0x43, 0xc3, 0x1, 0x8, 0x2, 0x20,
    0x28, 0x80, 0x61, 0xff, 0x80,

    /* U+75AB "疫" */
    0x0, 0x80, 0x1, 0x0, 0x7f, 0xf8, 0x80, 0x9,
    0x1f, 0xa, 0x42, 0x4, 0x84, 0x9, 0x0, 0x14,
    0x4, 0xef, 0xf2, 0xc0, 0x21, 0x10, 0x82, 0x12,
    0x4, 0x18, 0x11, 0xee, 0x0,

    /* U+75AE "疮" */
    0x0, 0x80, 0x0, 0x80, 0x1f, 0xfe, 0x10, 0x0,
    0x10, 0x40, 0x50, 0xa0, 0x11, 0x10, 0x14, 0xc,
    0x1b, 0xf2, 0x72, 0x10, 0x32, 0x10, 0x22, 0x60,
    0x22, 0x4, 0x42, 0x4, 0x43, 0xfc,

    /* U+75AF "疯" */
    0x0, 0x0, 0x1, 0x0, 0x7f, 0xf8, 0x80, 0x9,
    0x7f, 0x8a, 0x81, 0x5, 0x2, 0xb, 0x14, 0x35,
    0x48, 0xa9, 0x90, 0x51, 0x21, 0x2d, 0x42, 0x92,
    0xa5, 0x41, 0xd2, 0x1, 0x80,

    /* U+75BC "疼" */
    0x0, 0x0, 0x0, 0x80, 0x7f, 0xf8, 0x80, 0x9,
    0x10, 0xa, 0x3f, 0x14, 0xc2, 0xa, 0x88, 0x10,
    0xa0, 0x60, 0xc1, 0x46, 0x65, 0x76, 0x32, 0x3,
    0x4, 0x20, 0x10, 0x38, 0x0, 0x8,

    /* U+75BE "疾" */
    0x0, 0x0, 0x0, 0x80, 0x7f, 0xf8, 0x88, 0x9,
    0x10, 0xa, 0x3f, 0x84, 0x90, 0xa, 0x20, 0x10,
    0x40, 0xef, 0xfe, 0xc1, 0x81, 0x5, 0x2, 0x9,
    0x8, 0x21, 0x11, 0x81, 0x80,

    /* U+75C5 "病" */
    0x0, 0x80, 0x1, 0x0, 0x7f, 0xf8, 0x80, 0x1,
    0x0, 0xb, 0xff, 0xc4, 0x10, 0xb, 0xfe, 0x14,
    0x44, 0xa8, 0x88, 0xd2, 0x91, 0x28, 0xa2, 0x40,
    0x48, 0x80, 0xa1, 0x7, 0x0,

    /* U+75C7 "症" */
    0x0, 0x0, 0x1, 0x0, 0x7f, 0xf8, 0x80, 0x1,
    0x0, 0xb, 0xff, 0xd4, 0x10, 0x8, 0x20, 0x14,
    0x40, 0xa8, 0xfa, 0xd1, 0x1, 0xa2, 0x2, 0x44,
    0x4, 0x88, 0x17, 0xff, 0xc0, 0x0,

    /* U+75D2 "痒" */
    0x0, 0x80, 0x1, 0x0, 0x7f, 0xf8, 0x90, 0x5,
    0x20, 0x82, 0x22, 0x5, 0xff, 0x8, 0x20, 0x10,
    0x40, 0xef, 0xf8, 0xc1, 0x1, 0x7f, 0xf2, 0x4,
    0x8, 0x8, 0x0, 0x10, 0x0,

    /* U+75D4 "痔" */
    0x0, 0x0, 0x0, 0x80, 0x1f, 0xff, 0x10, 0x40,
    0x90, 0x40, 0x57, 0xfc, 0x10, 0x40, 0x1f, 0xff,
    0x10, 0x8, 0x30, 0x8, 0xd7, 0xfe, 0x20, 0x8,
    0x22, 0x8, 0x41, 0x8, 0x40, 0x78,

    /* U+75D5 "痕" */
    0x0, 0x0, 0x0, 0x40, 0x1f, 0xbc, 0x90, 0x0,
    0x97, 0xf8, 0x54, 0x8, 0x54, 0x8, 0x17, 0xf8,
    0x14, 0x8, 0x57, 0xf8, 0xb4, 0x42, 0x24, 0x4c,
    0x24, 0x30, 0x44, 0x10, 0xc7, 0x8e,

    /* U+75DB "痛" */
    0x0, 0x0, 0x1, 0x0, 0x7f, 0xf8, 0x80, 0x9,
    0x7f, 0xca, 0x32, 0x4, 0x18, 0xb, 0xfe, 0x18,
    0x44, 0xaf, 0xf8, 0xe1, 0x11, 0x42, 0x22, 0x7f,
    0xc9, 0x8, 0xa0, 0x13, 0x0,

    /* U+75EA "痪" */
    0x0, 0x0, 0x0, 0x80, 0x1f, 0xff, 0x10, 0x0,
    0x91, 0xf0, 0x52, 0x20, 0x14, 0x20, 0x17, 0xfc,
    0x14, 0x44, 0x54, 0x44, 0x1f, 0xff, 0x20, 0xc0,
    0x21, 0x20, 0x22, 0x10, 0x4c, 0xe,

    /* U+75F4 "痴" */
    0x0, 0x40, 0x0, 0x40, 0x1f, 0xff, 0x10, 0x0,
    0x14, 0x0, 0x57, 0xfe, 0x15, 0x22, 0x19, 0x22,
    0x11, 0x22, 0x7f, 0xe2, 0x91, 0x22, 0x21, 0x22,
    0x22, 0xe2, 0x24, 0x3e, 0x4c, 0x22,

    /* U+75F9 "痹" */
    0x0, 0x80, 0x1, 0x0, 0x7f, 0xfc, 0x80, 0x9,
    0x7f, 0xca, 0x88, 0x85, 0xff, 0xa, 0x22, 0x14,
    0x44, 0x6f, 0xfb, 0xc0, 0x1, 0x7f, 0xf2, 0x21,
    0x8, 0x42, 0x13, 0x4, 0x0,

    /* U+7601 "瘁" */
    0x0, 0x0, 0x1, 0x0, 0x7f, 0xf8, 0x84, 0x1,
    0x4, 0xb, 0xff, 0xd4, 0x42, 0x9, 0x4, 0x15,
    0x34, 0xb0, 0x84, 0xc1, 0x1, 0x7f, 0xf2, 0x4,
    0x8, 0x8, 0x0, 0x10, 0x0,

    /* U+7626 "瘦" */
    0x0, 0x80, 0x1f, 0xff, 0x10, 0x40, 0x97, 0x7c,
    0x54, 0x44, 0x17, 0xfc, 0x14, 0x44, 0x37, 0xfc,
    0x70, 0x40, 0x97, 0xfc, 0x30, 0xc, 0x22, 0x18,
    0x21, 0xb0, 0x41, 0xf0, 0xe, 0xe,

    /* U+7629 "瘩" */
    0x0, 0x0, 0x0, 0x80, 0x1f, 0xff, 0x12, 0x8,
    0x5f, 0xff, 0x52, 0x8, 0x10, 0x40, 0x10, 0xa0,
    0x33, 0x18, 0x5d, 0xfe, 0x90, 0x0, 0x27, 0xf8,
    0x24, 0x8, 0x44, 0x8, 0x47, 0xf8,

    /* U+762B "瘫" */
    0x0, 0x80, 0x0, 0x80, 0x7f, 0xf8, 0x81, 0x85,
    0xf4, 0x8a, 0x2f, 0xc4, 0xb2, 0xc, 0xa4, 0x16,
    0x7e, 0x64, 0x93, 0xc9, 0x21, 0x33, 0xf2, 0x54,
    0x89, 0x9, 0x24, 0x1f, 0x80,

    /* U+763E "瘾" */
    0x0, 0x80, 0x0, 0x40, 0x1f, 0xff, 0x10, 0x20,
    0x51, 0x38, 0x5a, 0x48, 0x1a, 0xfc, 0x1c, 0x4,
    0x1a, 0x7c, 0x79, 0x4, 0x19, 0xfc, 0x39, 0x0,
    0x2b, 0xd2, 0x29, 0x45, 0x40, 0x7c,

    /* U+764C "癌" */
    0x0, 0x80, 0x0, 0x80, 0x1f, 0xff, 0x10, 0x0,
    0x13, 0xf8, 0x52, 0x8, 0x11, 0xf0, 0x17, 0xbe,
    0x18, 0xa2, 0x78, 0xa2, 0x97, 0xbe, 0x20, 0x40,
    0x20, 0x44, 0x48, 0x44, 0x47, 0xfc,

    /* U+766B "癫" */
    0x0, 0x0, 0x0, 0x40, 0x1f, 0xfe, 0x12, 0x0,
    0x5f, 0xde, 0x10, 0x0, 0x1f, 0xbe, 0x1f, 0xaa,
    0x18, 0xaa, 0x7b, 0xaa, 0x1f, 0xaa, 0x38, 0xaa,
    0x3f, 0xea, 0x24, 0x14, 0x49, 0x92, 0x0, 0x20,

    /* U+767B "登" */
    0x0, 0x11, 0xf4, 0x80, 0x4c, 0xa, 0x22, 0x10,
    0x50, 0xbf, 0x84, 0x1, 0xa7, 0xf9, 0x20, 0x20,
    0x80, 0x81, 0xfe, 0x0, 0x0, 0x8, 0x40, 0x2,
    0xf, 0xff, 0xc0,

    /* U+767D "白" */
    0x4, 0x1, 0x0, 0x20, 0x7f, 0xf8, 0x3, 0x0,
    0x60, 0xc, 0x1, 0xff, 0xf0, 0x6, 0x0, 0xc0,
    0x18, 0x3, 0xff, 0xe0, 0x8,

    /* U+767E "百" */
    0xff, 0xfc, 0x8, 0x0, 0x20, 0x0, 0x80, 0x3f,
    0xf0, 0x80, 0x42, 0x1, 0x8, 0x4, 0x3f, 0xf0,
    0x80, 0x42, 0x1, 0x8, 0x4, 0x3f, 0xf0, 0x80,
    0x0,

    /* U+7684 "的" */
    0x0, 0x1, 0x8, 0x0, 0x41, 0xf3, 0xf8, 0xa0,
    0xc5, 0x6, 0x30, 0x31, 0x21, 0xf8, 0x8c, 0x44,
    0x62, 0x13, 0x10, 0x18, 0x80, 0xfc, 0xe, 0x3,
    0xc0,

    /* U+7686 "皆" */
    0x41, 0x2, 0x8, 0x9f, 0x58, 0x83, 0x4, 0x10,
    0xbc, 0xcc, 0x11, 0x8f, 0xfc, 0x40, 0x22, 0x1,
    0x1f, 0xf8, 0x80, 0x44, 0x2, 0x3f, 0xf0,

    /* U+7687 "皇" */
    0x1, 0x0, 0x4, 0x0, 0xff, 0xe1, 0x0, 0x43,
    0xff, 0x84, 0x1, 0x8, 0x2, 0x1f, 0xfc, 0x0,
    0x0, 0xff, 0xf8, 0x4, 0x1, 0xff, 0xc0, 0x10,
    0x0, 0x20, 0x3f, 0xff, 0x80,

    /* U+7691 "皑" */
    0x0, 0x41, 0x11, 0x20, 0x44, 0xbd, 0x12, 0x97,
    0xfa, 0x40, 0x9, 0x0, 0x3c, 0xfe, 0x90, 0xa,
    0x40, 0x29, 0x7f, 0xa5, 0x0, 0xf4, 0x2, 0x10,
    0x10, 0x3f, 0xc0,

    /* U+76AE "皮" */
    0x1, 0x0, 0x2, 0x0, 0xff, 0xf1, 0x8, 0x42,
    0x10, 0x84, 0x20, 0xf, 0xfc, 0x14, 0x8, 0x28,
    0x10, 0xc8, 0x41, 0x88, 0x82, 0xc, 0x4, 0x14,
    0x10, 0xc4, 0xe, 0x7, 0x80,

    /* U+76B1 "皱" */
    0x10, 0x10, 0x38, 0x20, 0x93, 0xf9, 0x44, 0x94,
    0x89, 0x31, 0x12, 0x2d, 0x3f, 0x82, 0x62, 0x4,
    0xa4, 0x79, 0x48, 0x12, 0x60, 0x28, 0x87, 0xd2,
    0x80, 0x28, 0xc0,

    /* U+76C6 "盆" */
    0x0, 0x0, 0x10, 0x40, 0x40, 0x41, 0x0, 0x4c,
    0xfe, 0x40, 0x84, 0x41, 0x8, 0x4, 0x10, 0x30,
    0x40, 0x7f, 0xf0, 0x91, 0x21, 0x22, 0x42, 0x44,
    0x84, 0x89, 0x3f, 0xff, 0x80,

    /* U+76C8 "盈" */
    0x7f, 0xe0, 0x10, 0x40, 0x40, 0x80, 0xfd, 0xe1,
    0x50, 0x44, 0x60, 0x89, 0xa1, 0x24, 0x1c, 0x0,
    0x0, 0x7f, 0xf0, 0x91, 0x21, 0x22, 0x42, 0x44,
    0x8f, 0xff, 0xc0,

    /* U+76CA "益" */
    0x10, 0x20, 0x41, 0x0, 0x84, 0x3f, 0xff, 0x0,
    0x0, 0x21, 0x3, 0x3, 0x10, 0x3, 0x3f, 0xf1,
    0x12, 0x44, 0x49, 0x11, 0x24, 0x44, 0x93, 0xff,
    0xf0,

    /* U+76CE "盎" */
    0x0, 0x0, 0x8, 0x3, 0xff, 0x8, 0x84, 0x22,
    0x13, 0xff, 0xf0, 0x50, 0x1, 0x20, 0x18, 0x43,
    0x80, 0xc3, 0xff, 0xc9, 0x24, 0x24, 0x90, 0x92,
    0x4f, 0xff, 0xc0,

    /* U+76D1 "监" */
    0x8, 0x40, 0x91, 0x1, 0x22, 0x2, 0x47, 0xc4,
    0x90, 0x9, 0x44, 0x12, 0x6, 0x4, 0x0, 0x0,
    0x0, 0x7f, 0xf1, 0x12, 0x22, 0x24, 0x44, 0x48,
    0x88, 0x91, 0x3f, 0xff, 0x80,

    /* U+76D2 "盒" */
    0x1, 0x0, 0xd, 0x0, 0x21, 0x81, 0xff, 0xcc,
    0x0, 0x63, 0xfe, 0x4, 0x4, 0xf, 0xf8, 0x0,
    0x0, 0x7f, 0xf0, 0x91, 0x21, 0x22, 0x42, 0x44,
    0x9f, 0xff, 0xc0,

    /* U+76D4 "盔" */
    0x10, 0x3, 0xff, 0xe2, 0x10, 0x8, 0x44, 0x49,
    0x21, 0xd, 0x8, 0x48, 0x2, 0x18, 0x10, 0x19,
    0xff, 0xc4, 0x91, 0x12, 0x44, 0x49, 0x13, 0xff,
    0xf0,

    /* U+76D6 "盖" */
    0x0, 0x10, 0x4, 0x20, 0x3f, 0xfc, 0x1, 0x0,
    0x3f, 0xfc, 0x1, 0x0, 0x7f, 0xfe, 0x0, 0x0,
    0x0, 0x0, 0x3f, 0xfc, 0x22, 0x44, 0x22, 0x44,
    0x22, 0x44, 0xff, 0xff,

    /* U+76D7 "盗" */
    0x2, 0x0, 0xc4, 0x0, 0x4f, 0xf0, 0x22, 0x20,
    0x84, 0x80, 0x14, 0x8, 0x48, 0x21, 0x8, 0xc,
    0xc, 0x7f, 0xf0, 0x91, 0x21, 0x22, 0x42, 0x44,
    0x84, 0x89, 0x3f, 0xff, 0x80,

    /* U+76D8 "盘" */
    0x2, 0x0, 0x1f, 0xf0, 0x48, 0x20, 0x88, 0x47,
    0xff, 0xe2, 0x1, 0x8, 0x42, 0x10, 0x44, 0x40,
    0x10, 0x7f, 0xf8, 0x91, 0x11, 0x22, 0x22, 0x44,
    0x5f, 0xff, 0xc0,

    /* U+76DB "盛" */
    0x1, 0x40, 0x4, 0x87, 0xff, 0xd0, 0x40, 0x40,
    0x91, 0xf2, 0x84, 0x4c, 0x31, 0x31, 0x9d, 0x26,
    0x0, 0x63, 0xff, 0x11, 0x24, 0x44, 0x91, 0x12,
    0x4f, 0xff, 0xc0,

    /* U+76DF "盟" */
    0x7c, 0xf8, 0x89, 0x11, 0x13, 0xe3, 0xe4, 0x44,
    0x48, 0x88, 0x9f, 0x1f, 0x42, 0x20, 0x84, 0x2,
    0x10, 0x7f, 0xf0, 0x91, 0x21, 0x22, 0x42, 0x44,
    0x9f, 0xff, 0xc0,

    /* U+76EE "目" */
    0xff, 0xf0, 0x6, 0x0, 0xff, 0xf8, 0x3, 0x0,
    0x60, 0xf, 0xff, 0x80, 0x30, 0x6, 0x0, 0xff,
    0xf8, 0x2,

    /* U+76EF "盯" */
    0xf8, 0x2, 0x3f, 0xf8, 0x82, 0x22, 0x8, 0xf8,
    0x22, 0x20, 0x88, 0x82, 0x3e, 0x8, 0x88, 0x22,
    0x20, 0x88, 0x82, 0x3e, 0x8, 0x80, 0x20, 0x7,
    0x80,

    /* U+76F2 "盲" */
    0x2, 0x0, 0x8, 0xf, 0xff, 0xc8, 0x0, 0x20,
    0x0, 0xff, 0xe0, 0x0, 0xf, 0xfc, 0x20, 0x10,
    0xff, 0xc2, 0x1, 0xf, 0xfc, 0x20, 0x10, 0x80,
    0x43, 0xff, 0x0,

    /* U+76F4 "直" */
    0x0, 0x0, 0x8, 0xf, 0xff, 0x80, 0x80, 0x3f,
    0xf0, 0x80, 0x42, 0x1, 0xf, 0xfc, 0x20, 0x10,
    0xff, 0xc2, 0x1, 0xf, 0xfc, 0x20, 0x10, 0x80,
    0x4f, 0xff, 0xc0,

    /* U+76F8 "相" */
    0x11, 0xfc, 0x44, 0x11, 0x10, 0x5f, 0x41, 0x11,
    0xfc, 0xc4, 0x15, 0x90, 0x55, 0x41, 0x91, 0xfe,
    0x44, 0x11, 0x10, 0x44, 0x41, 0x11, 0xfc, 0x44,
    0x10,

    /* U+76FC "盼" */
    0x0, 0x21, 0xf2, 0x42, 0x24, 0x44, 0x48, 0x88,
    0xa0, 0x9f, 0x41, 0x23, 0x1, 0x44, 0xfc, 0xf9,
    0x9, 0x12, 0x12, 0x24, 0x24, 0x48, 0x4f, 0xa0,
    0x90, 0x43, 0x1, 0x1c, 0x0,

    /* U+76FE "盾" */
    0x0, 0x78, 0x7f, 0x80, 0x82, 0x1, 0xff, 0xf2,
    0x8, 0x5, 0xff, 0xa, 0x2, 0x14, 0x4, 0x2f,
    0xf8, 0x50, 0x11, 0xbf, 0xe2, 0x40, 0x44, 0x80,
    0x91, 0xff, 0x0,

    /* U+7701 "省" */
    0x1, 0x0, 0x12, 0x20, 0x44, 0x21, 0x9, 0x24,
    0x14, 0x20, 0x30, 0x7, 0xfe, 0x34, 0x4, 0xf,
    0xf8, 0x10, 0x10, 0x3f, 0xe0, 0x40, 0x40, 0xff,
    0x81, 0x1, 0x0,

    /* U+7709 "眉" */
    0x3f, 0xfc, 0x84, 0x12, 0x10, 0x48, 0x41, 0x3e,
    0xf8, 0xbf, 0xf2, 0x80, 0x4a, 0x1, 0x2f, 0xfd,
    0xa0, 0x14, 0xff, 0xd2, 0x1, 0x88, 0x6, 0x3f,
    0xf0,

    /* U+770B "看" */
    0x0, 0x19, 0xff, 0x80, 0x40, 0x1f, 0xfe, 0x4,
    0x0, 0x20, 0xf, 0xff, 0xc4, 0x0, 0x1f, 0xf1,
    0xc0, 0x49, 0xff, 0x4, 0x4, 0x1f, 0xf0, 0x40,
    0x41, 0xff, 0x0,

    /* U+771F "真" */
    0x0, 0x0, 0x8, 0x7, 0xff, 0xc0, 0x80, 0x3f,
    0xf0, 0x80, 0x43, 0xff, 0x8, 0x4, 0x2f, 0xd0,
    0xff, 0xc2, 0x1, 0x3f, 0xff, 0x0, 0x0, 0x20,
    0x87, 0x1, 0xc0,

    /* U+7720 "眠" */
    0xf7, 0xfa, 0x50, 0x29, 0x40, 0xbd, 0xfc, 0x94,
    0x42, 0x51, 0xf, 0x7f, 0xe5, 0x10, 0x94, 0x22,
    0x50, 0x8f, 0x42, 0x21, 0x5, 0xf, 0x9c,

    /* U+7728 "眨" */
    0x0, 0xb, 0xc3, 0xc9, 0x30, 0x24, 0x0, 0xf0,
    0x42, 0x5f, 0xe9, 0x0, 0xbc, 0x4, 0x90, 0x22,
    0x41, 0x9, 0x8, 0x3d, 0xc0, 0x85, 0x0, 0x23,
    0xf0,

    /* U+7729 "眩" */
    0x0, 0x83, 0xc1, 0x9, 0x0, 0x25, 0xff, 0x90,
    0x83, 0xc4, 0x9, 0x11, 0x24, 0x88, 0xf7, 0xe2,
    0x41, 0x9, 0x8, 0x24, 0x44, 0xf2, 0x12, 0x10,
    0x20, 0x7f, 0x40,

    /* U+7736 "眶" */
    0xf7, 0xfe, 0x50, 0x9, 0x40, 0x25, 0xfe, 0xf4,
    0x42, 0x51, 0x9, 0x7f, 0xbd, 0x10, 0x94, 0x42,
    0x51, 0x9, 0x7f, 0xbd, 0x0, 0x84, 0x0, 0x1f,
    0xf0,

    /* U+7737 "眷" */
    0x12, 0x20, 0x4, 0x81, 0xff, 0xe0, 0x20, 0xf,
    0xff, 0xc2, 0x8, 0x8, 0x8, 0x2f, 0xfc, 0x20,
    0x26, 0x3f, 0xc0, 0x80, 0x80, 0xff, 0x2, 0x2,
    0x3, 0xfc, 0x0,

    /* U+773C "眼" */
    0xf3, 0xfa, 0x48, 0x29, 0x20, 0xbc, 0xfe, 0x92,
    0xa, 0x4f, 0xef, 0x20, 0x24, 0x91, 0x92, 0x4a,
    0x48, 0xcf, 0x22, 0x20, 0x84, 0x2, 0xcc, 0x14,
    0x0,

    /* U+7740 "着" */
    0x10, 0x20, 0x21, 0x3, 0x7b, 0x0, 0x0, 0x7f,
    0xf0, 0x10, 0xf, 0xff, 0xc4, 0x0, 0x1f, 0xf0,
    0xc0, 0x45, 0xff, 0x24, 0x4, 0x1f, 0xf0, 0x40,
    0x41, 0xff, 0x0,

    /* U+7741 "睁" */
    0x1, 0x3, 0xc7, 0x89, 0x22, 0x25, 0x10, 0xf7,
    0xfa, 0x42, 0x29, 0xff, 0xfc, 0x22, 0x90, 0x8a,
    0x5f, 0xe9, 0x8, 0xbc, 0x20, 0x80, 0x80, 0x6,
    0x0,

    /* U+775B "睛" */
    0x0, 0x83, 0xff, 0xe9, 0x8, 0x27, 0xfe, 0xf0,
    0x82, 0x7f, 0xf9, 0x0, 0x3c, 0xfe, 0x93, 0xfa,
    0x48, 0x29, 0x20, 0xbc, 0xfe, 0x82, 0x8, 0x8,
    0xe0,

    /* U+7761 "睡" */
    0x0, 0x1b, 0xdf, 0x89, 0x4, 0x24, 0x10, 0xf7,
    0xfa, 0x49, 0x49, 0xff, 0xfc, 0x94, 0x92, 0x52,
    0x7f, 0xe9, 0x4, 0x3c, 0x10, 0x80, 0x40, 0x1f,
    0xf0,

    /* U+7763 "督" */
    0x10, 0x0, 0x7f, 0xe1, 0x8, 0xbf, 0xd4, 0x50,
    0x22, 0x59, 0x49, 0x18, 0xcf, 0xfc, 0x20, 0x10,
    0xff, 0xc2, 0x1, 0xf, 0xfc, 0x20, 0x10, 0xff,
    0xc0,

    /* U+776B "睫" */
    0x0, 0x41, 0xef, 0xfa, 0x41, 0x4, 0xbf, 0xcf,
    0x4, 0x93, 0xff, 0xa4, 0x12, 0x48, 0x24, 0xf7,
    0xf9, 0x20, 0x82, 0x41, 0xf7, 0xa2, 0x8, 0x74,
    0x1, 0x1f, 0x80,

    /* U+776C "睬" */
    0x0, 0x7, 0xc7, 0xe9, 0x0, 0x24, 0x11, 0xf2,
    0x4a, 0x41, 0x9, 0x4, 0x3d, 0xff, 0x90, 0x42,
    0x47, 0x89, 0x15, 0x3d, 0x92, 0x80, 0x44, 0x1,
    0x0,

    /* U+777D "睽" */
    0x0, 0x21, 0xee, 0x52, 0x44, 0x44, 0xb0, 0xaf,
    0x21, 0x92, 0x81, 0x26, 0xff, 0x78, 0x20, 0x97,
    0xfd, 0x20, 0x82, 0x42, 0x87, 0x84, 0x88, 0x10,
    0x80, 0x40, 0x83, 0x0, 0x0,

    /* U+7784 "瞄" */
    0x1, 0x11, 0xe2, 0x22, 0x7f, 0xfc, 0x88, 0x89,
    0x11, 0x1e, 0xff, 0x25, 0x12, 0x7a, 0x24, 0x94,
    0x49, 0x2f, 0xf2, 0x51, 0x27, 0x22, 0x48, 0x7f,
    0x80, 0x80, 0x0,

    /* U+7785 "瞅" */
    0x1, 0x83, 0xf8, 0x89, 0x22, 0x24, 0x99, 0xff,
    0xe6, 0x49, 0x69, 0x21, 0x3c, 0xc4, 0x96, 0x32,
    0x68, 0xc9, 0xa3, 0x3c, 0x92, 0x82, 0x48, 0xa,
    0x10,

    /* U+778C "瞌" */
    0x0, 0x83, 0xc2, 0x9, 0x7f, 0xa4, 0x20, 0x90,
    0x83, 0xff, 0xf9, 0x20, 0x25, 0x4, 0xf3, 0xea,
    0x40, 0x19, 0x7f, 0xa6, 0x52, 0xf9, 0x4a, 0x25,
    0x21, 0xff, 0xc0,

    /* U+778E "瞎" */
    0x0, 0x83, 0xc1, 0x9, 0x7f, 0xe5, 0x11, 0x94,
    0x43, 0xcf, 0xe9, 0x4, 0x24, 0x7c, 0xf7, 0xfe,
    0x41, 0x9, 0x3f, 0xa5, 0x2, 0xf4, 0xa, 0x10,
    0x20, 0x3f, 0x80,

    /* U+7791 "瞑" */
    0xf7, 0xfe, 0x50, 0x9, 0x1f, 0xbc, 0x82, 0x91,
    0xfa, 0x48, 0x2f, 0x1f, 0xa4, 0x0, 0x90, 0x42,
    0x5e, 0xff, 0x0, 0x20, 0x84, 0x4, 0x8, 0x20,
    0x10,

    /* U+7792 "瞒" */
    0x1, 0x3, 0xbf, 0xfa, 0x10, 0x28, 0x0, 0xe7,
    0xfa, 0x84, 0x8a, 0xff, 0xba, 0x4a, 0xa9, 0x2a,
    0xa6, 0xaa, 0xa5, 0xba, 0x96, 0x88, 0x8, 0x20,
    0xe0,

    /* U+779F "瞟" */
    0xf, 0xff, 0xc4, 0x89, 0x7f, 0xe5, 0x49, 0xf5,
    0x26, 0x5f, 0xf9, 0x0, 0x3c, 0xfe, 0x90, 0x2,
    0x7f, 0xf9, 0x4, 0x3d, 0x10, 0x88, 0x4c, 0x7,
    0x0,

    /* U+77A7 "瞧" */
    0x1, 0x1, 0xe4, 0x42, 0x48, 0x4, 0x9f, 0xf9,
    0x62, 0x1e, 0x7f, 0xa4, 0x88, 0x49, 0x10, 0xf3,
    0xf9, 0x24, 0x42, 0x4f, 0xfc, 0x90, 0xf, 0x0,
    0x10, 0x52, 0x81, 0x24, 0x80, 0x1,

    /* U+77AA "瞪" */
    0x0, 0x3, 0xd9, 0x49, 0x92, 0x25, 0x86, 0xf3,
    0xf2, 0x70, 0x39, 0x7f, 0xbd, 0x2, 0x94, 0xa,
    0x5f, 0xe9, 0x21, 0x3c, 0x88, 0x80, 0x20, 0x3f,
    0xf0,

    /* U+77AC "瞬" */
    0x0, 0x1b, 0xdf, 0x89, 0x9, 0x24, 0x94, 0xf7,
    0xfe, 0x68, 0x59, 0x21, 0x7d, 0x1e, 0x95, 0x52,
    0x65, 0x49, 0x27, 0xfc, 0x84, 0x84, 0x10, 0x20,
    0x40,

    /* U+77D7 "矗" */
    0x0, 0x0, 0xff, 0xc1, 0xff, 0x7, 0xfc, 0x1f,
    0xf0, 0x80, 0x43, 0xff, 0x1f, 0xff, 0x10, 0x1,
    0xf3, 0xe8, 0x48, 0xaf, 0x3e, 0x7c, 0xf9, 0xf3,
    0xef, 0xff, 0xc0,

    /* U+77DB "矛" */
    0x3f, 0xf0, 0x0, 0x80, 0xc4, 0x0, 0xe0, 0x0,
    0x83, 0xff, 0xf0, 0x30, 0x81, 0x44, 0x9, 0x10,
    0x44, 0x2, 0x10, 0x30, 0x40, 0x1, 0x0, 0x3c,
    0x0,

    /* U+77E2 "矢" */
    0x10, 0x0, 0x80, 0x3, 0xff, 0x90, 0x80, 0x82,
    0x0, 0x8, 0xf, 0xff, 0xc0, 0xc0, 0x3, 0x0,
    0x14, 0x0, 0x48, 0x2, 0x10, 0x10, 0x21, 0x80,
    0x70,

    /* U+77E5 "知" */
    0x20, 0x0, 0x80, 0x4, 0x7, 0xcf, 0xd1, 0x48,
    0x46, 0x21, 0x10, 0x84, 0x7f, 0xd1, 0x8, 0x44,
    0x21, 0x11, 0x84, 0x45, 0x11, 0x32, 0x44, 0x85,
    0xf4, 0x4, 0x40,

    /* U+77E9 "矩" */
    0x0, 0x1, 0xf, 0xf4, 0x20, 0x1f, 0x80, 0x92,
    0x2, 0x4f, 0xe1, 0x20, 0xbf, 0x82, 0x22, 0x8,
    0x4f, 0xe2, 0xa0, 0xa, 0x80, 0x46, 0x1, 0x8,
    0x8, 0x3f, 0xc0,

    /* U+77EB "矫" */
    0x0, 0x30, 0x81, 0x81, 0xf1, 0x2, 0x82, 0x9,
    0x3f, 0xe2, 0x12, 0x3f, 0x42, 0x9, 0x2, 0x10,
    0x8a, 0x51, 0x10, 0xa2, 0x22, 0x28, 0x44, 0x10,
    0x90, 0x41, 0x0,

    /* U+77ED "短" */
    0x0, 0x0, 0x83, 0xfd, 0x0, 0x3, 0xc0, 0x9,
    0x1f, 0xd2, 0x20, 0x84, 0x41, 0x3e, 0x82, 0x11,
    0xfc, 0x20, 0x0, 0x62, 0x21, 0x44, 0x42, 0x44,
    0x88, 0x2, 0x20, 0xff, 0x80,

    /* U+77EE "矮" */
    0x40, 0xc, 0x83, 0xe1, 0x60, 0x84, 0x8f, 0xf9,
    0x3, 0x2, 0x1d, 0x3f, 0xc9, 0x88, 0x0, 0x13,
    0xfe, 0x51, 0x10, 0xa2, 0x22, 0x26, 0x84, 0x7,
    0x10, 0x71, 0xc0,

    /* U+77F3 "石" */
    0xff, 0xfc, 0x20, 0x0, 0x80, 0x4, 0x0, 0x10,
    0x0, 0x7f, 0xe3, 0x0, 0x94, 0x2, 0x90, 0x8,
    0x40, 0x21, 0x0, 0x87, 0xfe, 0x10, 0x8,

    /* U+77FF "矿" */
    0x0, 0x20, 0xf0, 0x20, 0x87, 0xfa, 0x8, 0x4,
    0x10, 0xf, 0xa0, 0x11, 0x40, 0x62, 0x80, 0x45,
    0x0, 0x8a, 0x1, 0x1c, 0x3, 0xf0, 0x4, 0x20,
    0x0, 0x80, 0x0,

    /* U+7801 "码" */
    0xfb, 0xf1, 0x0, 0x44, 0x1, 0x10, 0x84, 0x42,
    0x11, 0xc8, 0x4d, 0x3f, 0xd4, 0x1, 0x50, 0x5,
    0x4f, 0xa7, 0x0, 0x90, 0x2, 0x0, 0x78,

    /* U+780D "砍" */
    0x0, 0x3, 0xe8, 0x4, 0x20, 0x10, 0xff, 0x42,
    0x5, 0x11, 0x27, 0xc4, 0x92, 0x12, 0xc8, 0x41,
    0x23, 0x4, 0x8a, 0x12, 0x48, 0x79, 0x11, 0x8,
    0x20, 0x40, 0x40,

    /* U+7814 "研" */
    0xff, 0xfc, 0x4, 0x44, 0x11, 0x10, 0x44, 0x41,
    0x11, 0xe4, 0x44, 0xff, 0xf2, 0x44, 0x49, 0x11,
    0x24, 0x44, 0xa1, 0x1e, 0x84, 0x42, 0x10, 0x10,
    0x40,

    /* U+7830 "砰" */
    0xff, 0xfd, 0x1, 0x4, 0x24, 0x90, 0x94, 0x78,
    0x41, 0x21, 0xc, 0xff, 0xd2, 0x10, 0x48, 0x41,
    0x21, 0x7, 0x84, 0x10, 0x10, 0x0, 0x40,

    /* U+7834 "破" */
    0x0, 0x43, 0xe1, 0x0, 0x4, 0x10, 0xff, 0x42,
    0x45, 0x9, 0x24, 0x24, 0x1e, 0xfe, 0xcb, 0x9,
    0x2c, 0x24, 0xa9, 0x13, 0x98, 0x7c, 0x21, 0x13,
    0x40, 0xb0, 0xc0,

    /* U+7838 "砸" */
    0xff, 0xfd, 0x10, 0x4, 0x42, 0x11, 0x8, 0x45,
    0xf9, 0xf4, 0xac, 0xd2, 0xb3, 0x4a, 0x4d, 0x29,
    0x34, 0xe4, 0xc2, 0x13, 0x8, 0x74, 0x1, 0x1f,
    0xf0,

    /* U+7840 "础" */
    0xf8, 0x40, 0x9, 0x24, 0x24, 0x90, 0x92, 0x42,
    0x49, 0xef, 0xec, 0x84, 0x33, 0x11, 0x4c, 0x45,
    0x31, 0x14, 0xc4, 0x5f, 0x11, 0x43, 0xfc, 0x0,
    0x10,

    /* U+784C "硌" */
    0x0, 0x1, 0xf9, 0x0, 0x83, 0xe1, 0xc, 0x84,
    0x29, 0x8, 0xc, 0x1e, 0x8, 0x24, 0x68, 0xc9,
    0xd, 0x97, 0xf1, 0x24, 0x22, 0x48, 0x47, 0x90,
    0x88, 0x21, 0x0, 0x7e, 0x0,

    /* U+7855 "硕" */
    0xfb, 0xfc, 0x1, 0x4, 0x4, 0x10, 0x7e, 0x42,
    0x9, 0xe8, 0x28, 0xa4, 0xa2, 0x92, 0x8a, 0x4a,
    0x29, 0x28, 0x84, 0x1e, 0x24, 0x0, 0x88, 0xc,
    0x10,

    /* U+786A "硪" */
    0xf9, 0x28, 0xe, 0x51, 0x4, 0x92, 0x9, 0x4,
    0xff, 0xce, 0x24, 0x24, 0x49, 0x48, 0x94, 0x93,
    0xa9, 0x22, 0x22, 0x44, 0x43, 0x89, 0x90, 0x14,
    0xa0, 0xf0, 0xc0,

    /* U+786B "硫" */
    0x0, 0x40, 0xe0, 0x41, 0xf, 0xfa, 0x8, 0x4,
    0x10, 0x8f, 0x7e, 0x92, 0x0, 0x64, 0xa4, 0x49,
    0x48, 0x92, 0x91, 0x25, 0x22, 0x52, 0x47, 0x24,
    0xa0, 0x81, 0xc0,

    /* U+786C "硬" */
    0xfb, 0xf9, 0x1, 0x4, 0x4, 0x11, 0xff, 0x44,
    0x45, 0xff, 0xf4, 0xc4, 0x73, 0x11, 0x4f, 0xfd,
    0x21, 0x4, 0xa8, 0x1e, 0x60, 0x41, 0xc0, 0x18,
    0xe0,

    /* U+786E "确" */
    0x1, 0x3, 0xe7, 0xc4, 0x22, 0x10, 0x90, 0x47,
    0xfe, 0x9, 0x17, 0x3f, 0xf4, 0x91, 0x52, 0x45,
    0x4f, 0xf5, 0x24, 0x5d, 0x11, 0x44, 0x44, 0x21,
    0x70,

    /* U+788C "碌" */
    0xfb, 0xf9, 0x0, 0x24, 0x0, 0x90, 0xfe, 0x40,
    0x9, 0xdf, 0xf5, 0x4, 0x34, 0x91, 0x51, 0x59,
    0x41, 0x85, 0x1e, 0x1c, 0x94, 0x44, 0x4c, 0x7,
    0x0,

    /* U+788D "碍" */
    0x3, 0xf9, 0xc8, 0x24, 0x3f, 0x90, 0x82, 0x43,
    0xf9, 0xe0, 0x4, 0x80, 0x33, 0xff, 0x48, 0x11,
    0x3f, 0xf4, 0x91, 0x1e, 0x24, 0x40, 0x10, 0x1,
    0xc0,

    /* U+788E "碎" */
    0x0, 0x1, 0xc1, 0x4, 0x7f, 0xd0, 0x44, 0x42,
    0x11, 0xec, 0xc4, 0xcc, 0xb2, 0x10, 0x48, 0x41,
    0x3f, 0xf4, 0x84, 0x1e, 0x10, 0x40, 0x40, 0x1,
    0x0,

    /* U+7897 "碗" */
    0x0, 0x1, 0xf0, 0x80, 0x9f, 0xfa, 0x20, 0x14,
    0x40, 0x28, 0x37, 0x9e, 0xa9, 0x26, 0x52, 0xcc,
    0xa4, 0x92, 0x49, 0x24, 0xb2, 0x49, 0x7, 0xa2,
    0x28, 0x84, 0x42, 0xf, 0x80,

    /* U+789C "碜" */
    0x0, 0x43, 0xe2, 0x2, 0x11, 0x10, 0xfa, 0x40,
    0x81, 0x1f, 0xf7, 0x11, 0x34, 0x82, 0xd4, 0x45,
    0x46, 0x5, 0x6, 0x14, 0x62, 0x70, 0x31, 0x1,
    0x0, 0x38, 0x0,

    /* U+789F "碟" */
    0xfa, 0x48, 0x4, 0x91, 0x3f, 0xfa, 0x12, 0x44,
    0x27, 0x8e, 0x40, 0x14, 0x80, 0x69, 0xfe, 0x50,
    0x40, 0xaf, 0xfd, 0x43, 0x3, 0x8a, 0x84, 0x24,
    0x80, 0x88, 0x80,

    /* U+78A7 "碧" */
    0x0, 0x43, 0xf7, 0xe1, 0x10, 0x9e, 0x7e, 0x11,
    0x8, 0x54, 0x2e, 0x9f, 0x80, 0x0, 0xff, 0xfc,
    0x40, 0x1, 0xff, 0xc, 0x4, 0xd0, 0x10, 0x7f,
    0xc0,

    /* U+78B0 "碰" */
    0x0, 0x11, 0xf2, 0x21, 0x4, 0x82, 0x1, 0x4,
    0x7f, 0xc8, 0x14, 0x1d, 0x28, 0x2a, 0x52, 0xd4,
    0xa9, 0xa5, 0x51, 0x4a, 0xa2, 0x85, 0x7, 0xa,
    0x8, 0x14, 0x3, 0xff, 0x80,

    /* U+78BE "碾" */
    0xfb, 0xfd, 0x8, 0x14, 0x20, 0x50, 0xff, 0x42,
    0x91, 0xcf, 0xf9, 0x29, 0x24, 0xa4, 0x93, 0xfe,
    0x4c, 0x99, 0x52, 0x9d, 0x44, 0x5, 0x10, 0x27,
    0x30,

    /* U+78D5 "磕" */
    0x0, 0x41, 0xf0, 0x81, 0xf, 0xe2, 0x2, 0x4,
    0x4, 0x8, 0xff, 0xa0, 0x40, 0x39, 0x8, 0xd3,
    0xf8, 0xa0, 0x1, 0x4f, 0xf2, 0xa5, 0x24, 0x4a,
    0x4e, 0x94, 0x91, 0xff, 0x80,

    /* U+78E8 "磨" */
    0x0, 0x80, 0x7f, 0xfc, 0x88, 0x21, 0xfd, 0xf2,
    0x21, 0x85, 0xe5, 0x8c, 0x92, 0x90, 0x0, 0x3f,
    0xfe, 0x42, 0x1, 0x8f, 0xf2, 0x70, 0x25, 0x20,
    0x50, 0x7f, 0x80,

    /* U+78FA "磺" */
    0x1, 0x11, 0xf2, 0x21, 0x1f, 0xf2, 0x8, 0x84,
    0x11, 0x9, 0xff, 0x90, 0x10, 0x3f, 0xfe, 0xcc,
    0x45, 0x9f, 0xf9, 0x31, 0x12, 0x62, 0x27, 0xbb,
    0x88, 0x41, 0x1, 0x1, 0x0,

    /* U+7901 "礁" */
    0x1, 0x1, 0xf4, 0x40, 0x88, 0x2, 0x1f, 0xf4,
    0x62, 0x8, 0x7f, 0x90, 0x88, 0x3d, 0x10, 0xcb,
    0xfc, 0x94, 0x41, 0x2f, 0xfa, 0x50, 0x7, 0xa0,
    0x48, 0x92, 0x81, 0x20, 0x80,

    /* U+793A "示" */
    0x3f, 0xf8, 0x0, 0x0, 0x0, 0x0, 0x0, 0xff,
    0xfc, 0x4, 0x0, 0x10, 0x4, 0x44, 0x21, 0x11,
    0x4, 0x28, 0x10, 0x40, 0x40, 0xf, 0x0,

    /* U+793C "礼" */
    0x10, 0x40, 0x8, 0x40, 0x0, 0x40, 0x7e, 0x40,
    0x6, 0x40, 0x4, 0x40, 0x8, 0x40, 0x18, 0x40,
    0x2c, 0x40, 0x4a, 0x40, 0x8, 0x40, 0x8, 0x41,
    0x8, 0x41, 0x8, 0x41, 0x8, 0x7e,

    /* U+793E "社" */
    0x20, 0x20, 0x0, 0x43, 0xf0, 0x80, 0x61, 0x0,
    0x82, 0x2, 0x7f, 0xc8, 0x8, 0x2c, 0x10, 0x94,
    0x20, 0x20, 0x40, 0x40, 0x80, 0x81, 0x1, 0x2,
    0x2, 0xff, 0xc0,

    /* U+7940 "祀" */
    0x10, 0x0, 0x8, 0x0, 0x0, 0xfe, 0x7e, 0x82,
    0x6, 0x82, 0x4, 0x82, 0x8, 0x82, 0x18, 0xfe,
    0x2c, 0x82, 0x4a, 0x80, 0x8, 0x80, 0x8, 0x80,
    0x8, 0x80, 0x8, 0x81, 0x8, 0xff,

    /* U+7948 "祈" */
    0x10, 0x38, 0x3, 0x83, 0xf4, 0x0, 0x68, 0x0,
    0x90, 0x2, 0x3f, 0xc8, 0x44, 0x1c, 0x88, 0xd5,
    0x10, 0x22, 0x20, 0x4c, 0x40, 0x90, 0x81, 0x21,
    0x2, 0x2, 0x0,

    /* U+7956 "祖" */
    0x20, 0x0, 0x23, 0xf8, 0x4, 0x17, 0xe8, 0x20,
    0xd0, 0x41, 0x3f, 0x84, 0x41, 0x1c, 0x82, 0x55,
    0x5, 0x23, 0xf8, 0x44, 0x10, 0x88, 0x21, 0x10,
    0x42, 0x20, 0x85, 0xff, 0x80,

    /* U+795D "祝" */
    0x20, 0x0, 0x23, 0xf8, 0x8, 0x17, 0xf0, 0x20,
    0xe0, 0x41, 0x40, 0x84, 0x81, 0x1c, 0xfe, 0x58,
    0x91, 0x29, 0x20, 0x42, 0x40, 0x88, 0x81, 0x11,
    0x22, 0x42, 0x45, 0x7, 0x80,

    /* U+795E "神" */
    0x10, 0x20, 0x0, 0x43, 0xf7, 0xf8, 0x69, 0x10,
    0x92, 0x22, 0x24, 0x48, 0x7f, 0xac, 0x91, 0x91,
    0x22, 0x23, 0xfc, 0x44, 0x88, 0x81, 0x1, 0x2,
    0x2, 0x4, 0x0,

    /* U+795F "祟" */
    0x21, 0x8, 0x84, 0x27, 0xff, 0x90, 0x42, 0x7f,
    0xf8, 0x0, 0x3, 0xff, 0x80, 0x0, 0x0, 0x3,
    0xff, 0xf0, 0x12, 0x4, 0x46, 0x21, 0x5, 0x1c,
    0x0,

    /* U+7965 "祥" */
    0x21, 0x4, 0x21, 0x11, 0xf0, 0x20, 0x5f, 0xf0,
    0x82, 0x2, 0x4, 0xc, 0xff, 0x2c, 0x10, 0x10,
    0x20, 0x27, 0xfc, 0x40, 0x80, 0x81, 0x1, 0x2,
    0x2, 0x4, 0x0,

    /* U+7968 "票" */
    0xff, 0xfe, 0x8, 0x81, 0xff, 0xf2, 0x22, 0x24,
    0x44, 0x4f, 0xff, 0x80, 0x0, 0x1f, 0xfc, 0x0,
    0x1, 0xff, 0xf8, 0x4, 0x80, 0x88, 0xc6, 0x10,
    0x50, 0xe0, 0x0,

    /* U+796D "祭" */
    0x11, 0x0, 0xfb, 0xe4, 0x49, 0x25, 0x28, 0x48,
    0x40, 0xc0, 0x86, 0xfd, 0x20, 0x3, 0x7f, 0xf8,
    0x8, 0x1, 0x22, 0x8, 0x84, 0x42, 0x8, 0x18,
    0x0,

    /* U+7977 "祷" */
    0x0, 0x20, 0x10, 0x40, 0x1, 0xfe, 0x3c, 0x40,
    0xd, 0xfe, 0x8, 0x40, 0x13, 0xff, 0x38, 0x84,
    0x54, 0xfe, 0x11, 0x4, 0x11, 0x24, 0x12, 0x4,
    0x14, 0x4, 0x10, 0x1c,

    /* U+7978 "祸" */
    0x0, 0x0, 0x43, 0xf8, 0x44, 0x10, 0x8, 0x23,
    0xd0, 0x41, 0x3f, 0x86, 0x8, 0x8, 0xff, 0x3a,
    0x22, 0xac, 0x44, 0x49, 0x48, 0x94, 0x51, 0x20,
    0x22, 0x40, 0x44, 0x3, 0x80,

    /* U+7981 "禁" */
    0x10, 0x0, 0x41, 0xf, 0xdf, 0xc4, 0x18, 0x38,
    0xd1, 0x55, 0x29, 0x20, 0x40, 0x0, 0x3f, 0xf0,
    0x0, 0xf, 0xff, 0xc0, 0x88, 0x22, 0x11, 0x8,
    0x28, 0xe0, 0x0,

    /* U+798F "福" */
    0x20, 0x0, 0x23, 0xf8, 0x40, 0x7, 0xef, 0xe0,
    0xd0, 0x41, 0x20, 0x84, 0x7f, 0x18, 0x0, 0x3b,
    0xff, 0x2c, 0x44, 0x48, 0x88, 0x9f, 0xf1, 0x22,
    0x22, 0x7f, 0xc4, 0x80, 0x80,

    /* U+79BB "离" */
    0x2, 0x0, 0x8, 0xf, 0xff, 0xc2, 0x20, 0x47,
    0x11, 0x12, 0x44, 0x85, 0xf, 0xfc, 0x2, 0x1,
    0xff, 0xe8, 0x40, 0xa2, 0x12, 0x8f, 0xca, 0x0,
    0x20, 0x3, 0x80,

    /* U+79C0 "秀" */
    0x1, 0xf0, 0x3e, 0x0, 0x4, 0x3, 0xff, 0xf0,
    0x34, 0x0, 0xa4, 0x6, 0x46, 0x30, 0x3, 0xf,
    0x80, 0x8, 0xf0, 0x20, 0x20, 0x40, 0x41, 0x0,
    0x84, 0xf, 0x0,

    /* U+79C1 "私" */
    0x6, 0x20, 0x70, 0x40, 0x20, 0x80, 0x41, 0x7,
    0xf4, 0x1, 0x8, 0x7, 0x12, 0x15, 0x24, 0x49,
    0x84, 0x91, 0xa, 0x22, 0x10, 0x48, 0x10, 0x9f,
    0xe1, 0x0, 0x0,

    /* U+79CB "秋" */
    0x0, 0x20, 0x70, 0x40, 0x40, 0x80, 0x81, 0x1,
    0x2, 0x5f, 0xe4, 0x84, 0x49, 0x1c, 0xb4, 0x58,
    0x68, 0xa0, 0xa2, 0x42, 0x44, 0x84, 0x81, 0x10,
    0x82, 0x20, 0x85, 0x80, 0x80,

    /* U+79CD "种" */
    0xc, 0x20, 0x60, 0x40, 0x40, 0x80, 0x8f, 0xff,
    0xd2, 0x23, 0x24, 0x4e, 0x48, 0xaa, 0x91, 0x51,
    0xff, 0x22, 0x44, 0x40, 0x80, 0x81, 0x1, 0x2,
    0x2, 0x4, 0x0,

    /* U+79D1 "科" */
    0xc, 0x8, 0xe1, 0x10, 0x41, 0xa0, 0x80, 0x4f,
    0xe0, 0x82, 0x21, 0xe, 0x22, 0x2a, 0x34, 0x50,
    0x9, 0x20, 0x1c, 0x47, 0xe0, 0x80, 0x41, 0x0,
    0x82, 0x1, 0x0,

    /* U+79D2 "秒" */
    0x4, 0x20, 0xf0, 0x40, 0x40, 0x80, 0x89, 0x2f,
    0xf2, 0x42, 0x24, 0x4e, 0x88, 0x2c, 0x10, 0x54,
    0x25, 0x20, 0x52, 0x40, 0x20, 0x80, 0x81, 0x6,
    0x2, 0x70, 0x0,

    /* U+79D8 "秘" */
    0x0, 0x80, 0x38, 0x40, 0x10, 0x24, 0x10, 0x4,
    0x10, 0x88, 0x7c, 0x88, 0x10, 0x94, 0x1a, 0x94,
    0x3a, 0xa2, 0x52, 0xa2, 0x50, 0xc1, 0x90, 0xc0,
    0x10, 0x84, 0x11, 0x84, 0x12, 0xfc,

    /* U+79DF "租" */
    0x4, 0x0, 0xf3, 0xf0, 0x44, 0x20, 0x88, 0x41,
    0x10, 0x8f, 0xbf, 0x4, 0x42, 0x1c, 0x84, 0x55,
    0x8, 0xa3, 0xf2, 0x44, 0x20, 0x88, 0x41, 0x10,
    0x82, 0x21, 0x5, 0xff, 0x80,

    /* U+79EF "积" */
    0x1c, 0x1, 0xe3, 0xf8, 0x44, 0x10, 0x88, 0x2f,
    0xf0, 0x42, 0x20, 0x86, 0x41, 0x1c, 0xfe, 0x54,
    0x1, 0x20, 0x2, 0x42, 0x20, 0x88, 0x41, 0x10,
    0x42, 0x40, 0x40,

    /* U+79F0 "称" */
    0x0, 0x80, 0x72, 0x0, 0x44, 0x0, 0x87, 0xe1,
    0x12, 0x5f, 0xc4, 0x84, 0x88, 0x18, 0x10, 0x5d,
    0x24, 0xa2, 0x4a, 0x48, 0x90, 0x91, 0x1, 0x2,
    0x2, 0x4, 0x4, 0x38, 0x0,

    /* U+79FB "移" */
    0x0, 0x20, 0x70, 0x81, 0x41, 0xf0, 0x8c, 0x41,
    0x0, 0x9f, 0x8e, 0x4, 0x10, 0x19, 0xd8, 0x38,
    0x3e, 0xa8, 0x85, 0x46, 0x14, 0x81, 0x41, 0x1,
    0x2, 0xc, 0x4, 0xe0, 0x0,

    /* U+7A00 "稀" */
    0x8, 0x8, 0x61, 0xa0, 0x41, 0xc0, 0x8e, 0x67,
    0xc8, 0x2, 0x7f, 0xc6, 0x48, 0x1a, 0xfe, 0x53,
    0x24, 0xa2, 0x48, 0x44, 0x90, 0x89, 0x21, 0x12,
    0xc2, 0x4, 0x0,

    /* U+7A0B "程" */
    0x19, 0xfd, 0xe2, 0x8, 0x44, 0x10, 0x88, 0x27,
    0x9f, 0xc2, 0x0, 0xc, 0x0, 0x2d, 0xff, 0x54,
    0x21, 0x20, 0x42, 0x47, 0xf8, 0x81, 0x1, 0x2,
    0x2, 0xff, 0xc0,

    /* U+7A0D "稍" */
    0x0, 0x20, 0x38, 0x22, 0x11, 0x24, 0x10, 0xa8,
    0x10, 0x20, 0xfd, 0xfe, 0x11, 0x2, 0x11, 0x2,
    0x39, 0xfe, 0x55, 0x2, 0x51, 0x2, 0x91, 0xfe,
    0x11, 0x2, 0x11, 0x2, 0x11, 0x1e,

    /* U+7A0E "税" */
    0x0, 0x0, 0x72, 0x11, 0x42, 0x20, 0x80, 0x81,
    0x3e, 0xdf, 0xc0, 0x84, 0x81, 0x1d, 0x2, 0x57,
    0xfc, 0xa1, 0x22, 0x42, 0x40, 0x88, 0x81, 0x11,
    0x22, 0x42, 0x45, 0x7, 0x80,

    /* U+7A1A "稚" */
    0x18, 0x90, 0x61, 0x0, 0x47, 0xf8, 0x88, 0x87,
    0x91, 0x2, 0x3f, 0xc6, 0x44, 0x1a, 0x88, 0x51,
    0x10, 0xa3, 0xfe, 0x44, 0x40, 0x88, 0x81, 0x1f,
    0xe2, 0x20, 0x0,

    /* U+7A33 "稳" */
    0x4, 0x80, 0x71, 0xf1, 0x44, 0x40, 0x9f, 0xe7,
    0xc0, 0x42, 0x3f, 0x86, 0x1, 0x1c, 0x2, 0x55,
    0xfc, 0xa0, 0x2, 0x42, 0x90, 0x94, 0x21, 0x48,
    0xa2, 0x1f, 0x0,

    /* U+7A3B "稻" */
    0x38, 0x38, 0x23, 0x80, 0x40, 0x10, 0x92, 0x4f,
    0xe2, 0x82, 0x0, 0x6, 0xe7, 0x1b, 0x2, 0x52,
    0x4, 0xa7, 0xba, 0x48, 0x10, 0x90, 0x21, 0x20,
    0x42, 0x7f, 0x80,

    /* U+7A3D "稽" */
    0x0, 0x40, 0x30, 0x99, 0xc1, 0x0, 0x9f, 0xf1,
    0xc, 0x3f, 0xa7, 0xc4, 0xc6, 0x18, 0xf0, 0x59,
    0x2, 0xa9, 0xfa, 0x47, 0xf4, 0x88, 0x21, 0x1f,
    0xc2, 0x20, 0x84, 0x7f, 0x0,

    /* U+7A46 "穆" */
    0xc, 0x20, 0xe7, 0xf8, 0x48, 0x10, 0x9f, 0xe7,
    0xe0, 0x42, 0x7f, 0x86, 0x8, 0x1c, 0x92, 0x54,
    0x32, 0xa1, 0x92, 0x44, 0xc0, 0x8e, 0x21, 0x1,
    0x82, 0x7c, 0x0,

    /* U+7A74 "穴" */
    0x2, 0x0, 0x2, 0x0, 0x0, 0x3, 0xff, 0xe4,
    0x0, 0x48, 0x0, 0x90, 0x1, 0x4, 0x10, 0x8,
    0x20, 0x10, 0x20, 0x40, 0x40, 0x80, 0x42, 0x0,
    0x88, 0x0, 0xa0, 0x0, 0x80,

    /* U+7A76 "究" */
    0x2, 0x0, 0x4, 0x3, 0xff, 0xf4, 0x0, 0x28,
    0x82, 0x46, 0x3, 0x1, 0x0, 0x2, 0x0, 0xff,
    0xe0, 0x8, 0x40, 0x10, 0x80, 0x41, 0x0, 0x82,
    0x26, 0x4, 0x70, 0xf, 0x0,

    /* U+7A77 "穷" */
    0x2, 0x0, 0x8, 0xf, 0xff, 0xe0, 0x1, 0x88,
    0x44, 0x40, 0xc6, 0x20, 0x80, 0x80, 0x7f, 0xf0,
    0x10, 0x40, 0x41, 0x2, 0x4, 0x8, 0x10, 0x40,
    0x86, 0xe, 0x0,

    /* U+7A7A "空" */
    0x0, 0x0, 0x8, 0xf, 0xff, 0xe0, 0x1, 0x88,
    0x46, 0x40, 0x86, 0x1, 0x80, 0x0, 0x7f, 0xf0,
    0x8, 0x0, 0x20, 0x0, 0x80, 0x2, 0x3, 0xff,
    0xe0,

    /* U+7A7F "穿" */
    0x0, 0x0, 0x8, 0xf, 0xff, 0xe0, 0x1, 0x90,
    0x25, 0x80, 0x6f, 0xff, 0x80, 0x10, 0x40, 0x41,
    0x1, 0x7, 0xff, 0xc0, 0x50, 0xe, 0x42, 0xc1,
    0x0, 0x3c, 0x0,

    /* U+7A81 "突" */
    0x2, 0x0, 0x8, 0xf, 0xff, 0xa0, 0x2, 0x88,
    0x0, 0x41, 0x82, 0x1, 0x10, 0x90, 0x2, 0x23,
    0xff, 0xf0, 0x50, 0x1, 0x40, 0x8, 0x80, 0x41,
    0x2, 0x3, 0x30, 0x3,

    /* U+7A84 "窄" */
    0x0, 0x0, 0x8, 0xf, 0xff, 0xe0, 0x1, 0x90,
    0x64, 0x80, 0x41, 0x0, 0x7, 0xff, 0x22, 0x1,
    0xf, 0xe8, 0x20, 0x0, 0x80, 0x3, 0xf8, 0x8,
    0x0, 0x20, 0x0,

    /* U+7A8D "窍" */
    0x0, 0x0, 0x1, 0x1, 0xff, 0xfa, 0x0, 0x14,
    0x42, 0x21, 0x3, 0xc, 0x0, 0x3e, 0x7e, 0x10,
    0x40, 0x21, 0x0, 0x41, 0xf0, 0x80, 0x21, 0xc0,
    0x4c, 0x0, 0x80, 0xe, 0x0,

    /* U+7A97 "窗" */
    0x2, 0x0, 0x8, 0xf, 0xff, 0xe0, 0x11, 0x90,
    0x35, 0x90, 0x23, 0xff, 0x9, 0x4, 0x27, 0xd0,
    0xa2, 0x42, 0x49, 0x8, 0xc4, 0x26, 0x90, 0x80,
    0x43, 0xff, 0x0,

    /* U+7A98 "窘" */
    0x1, 0x0, 0xff, 0xfd, 0x8, 0xa, 0xe1, 0xd3,
    0xff, 0x80, 0x41, 0x3f, 0xff, 0x82, 0x4, 0x3f,
    0xf8, 0x10, 0x0, 0x7f, 0xf7, 0x40, 0x20, 0x80,
    0x41, 0xff, 0x80,

    /* U+7A9D "窝" */
    0x0, 0x0, 0x8, 0xf, 0xff, 0xe0, 0x11, 0x90,
    0x3d, 0xff, 0x8a, 0x2, 0x8, 0x8, 0x3f, 0xe0,
    0x8, 0x7, 0xff, 0xa1, 0x42, 0x98, 0xca, 0x0,
    0x20, 0x3, 0x80,

    /* U+7A9F "窟" */
    0x0, 0x0, 0x2, 0x1, 0xff, 0xfa, 0x1, 0x15,
    0x81, 0xe7, 0xff, 0x88, 0x1, 0x10, 0x2, 0x1f,
    0xfc, 0x41, 0x8, 0xc2, 0x12, 0x7f, 0xe5, 0x8,
    0xa, 0x10, 0xa7, 0xff, 0x0,

    /* U+7AA5 "窥" */
    0x2, 0x0, 0x4, 0x3, 0xff, 0xf4, 0x2, 0x29,
    0x83, 0x44, 0x0, 0x8, 0xbe, 0x7f, 0x4, 0x22,
    0x49, 0xfc, 0x90, 0x89, 0x21, 0x82, 0x44, 0x8c,
    0x8, 0x18, 0x20, 0xcf, 0x0,

    /* U+7ABF "窿" */
    0x2, 0x1, 0xff, 0xfa, 0x0, 0x11, 0xc3, 0xc7,
    0x9f, 0x92, 0x62, 0x25, 0x38, 0x51, 0xde, 0x91,
    0xf1, 0x14, 0x82, 0x2f, 0xe4, 0x62, 0xb, 0xbf,
    0x90, 0xff, 0x80,

    /* U+7ACB "立" */
    0x2, 0x0, 0x8, 0x0, 0x0, 0x1f, 0xfe, 0x0,
    0x0, 0x40, 0x81, 0x2, 0x4, 0x10, 0x8, 0x40,
    0x21, 0x0, 0x88, 0x0, 0x20, 0x0, 0x83, 0xff,
    0xf0,

    /* U+7AD6 "竖" */
    0x8, 0x1, 0x2f, 0xe4, 0x91, 0x12, 0x48, 0x48,
    0xa1, 0x21, 0x4, 0x9a, 0x3, 0x87, 0x2, 0x1,
    0xff, 0xe1, 0x2, 0x4, 0x10, 0x8, 0x43, 0xff,
    0xf0,

    /* U+7AD9 "站" */
    0x0, 0x40, 0x81, 0x2, 0x4, 0x0, 0x10, 0x78,
    0x7c, 0x1, 0x8, 0x84, 0x12, 0x10, 0x49, 0xf9,
    0x48, 0x25, 0x20, 0x80, 0x82, 0x3a, 0xb, 0x8,
    0x20, 0x1f, 0x80,

    /* U+7ADE "竞" */
    0x2, 0x0, 0x8, 0x7, 0xff, 0x84, 0x8, 0x10,
    0x43, 0xff, 0xf0, 0x0, 0xf, 0xfc, 0x20, 0x10,
    0x80, 0x43, 0xff, 0x2, 0x20, 0x8, 0x84, 0x42,
    0x1e, 0xf, 0xc0,

    /* U+7ADF "竟" */
    0x2, 0x1, 0xff, 0xe0, 0x2, 0x2, 0x10, 0xff,
    0xfc, 0x0, 0x7, 0xff, 0xf, 0xfc, 0x40, 0x11,
    0x0, 0x43, 0xff, 0x2, 0x20, 0x10, 0x81, 0x81,
    0xf0,

    /* U+7AE0 "章" */
    0x2, 0x0, 0x8, 0x7, 0xff, 0x80, 0x0, 0x8,
    0x41, 0xfe, 0xe3, 0xff, 0x10, 0x4, 0x3f, 0xf1,
    0x0, 0x43, 0xff, 0x0, 0x80, 0xff, 0xfc, 0x8,
    0x0, 0x0, 0x0,

    /* U+7AE5 "童" */
    0x0, 0x0, 0x8, 0x7, 0xff, 0x80, 0x0, 0x8,
    0x41, 0xdf, 0xe3, 0xff, 0x10, 0x84, 0x3f, 0xf1,
    0x8, 0x43, 0xff, 0x0, 0x80, 0x7f, 0xf8, 0x8,
    0xf, 0xff, 0xc0,

    /* U+7AED "竭" */
    0x0, 0x0, 0x8f, 0xe2, 0x20, 0x80, 0x82, 0xfb,
    0xf8, 0x8, 0x21, 0x3f, 0xa4, 0x40, 0x51, 0xfd,
    0x58, 0x96, 0x24, 0x50, 0x9d, 0x1a, 0x87, 0x8f,
    0xf0, 0x1, 0x80,

    /* U+7AEF "端" */
    0x0, 0x40, 0x48, 0x88, 0x11, 0x17, 0xe2, 0x20,
    0x3f, 0xc0, 0x0, 0x25, 0xff, 0xc8, 0x20, 0x50,
    0x0, 0xaf, 0xf9, 0x52, 0x92, 0x25, 0x2f, 0x4a,
    0x40, 0x94, 0x81, 0x2b, 0x0,

    /* U+7AF9 "竹" */
    0x10, 0x0, 0x10, 0x40, 0x20, 0x40, 0x20, 0x40,
    0x3f, 0x7f, 0x48, 0x88, 0x49, 0x8, 0x89, 0x8,
    0x8, 0x8, 0x8, 0x8, 0x8, 0x8, 0x8, 0x8,
    0x8, 0x8, 0x8, 0x8, 0x8, 0x38,

    /* U+7B11 "笑" */
    0x20, 0x81, 0x4, 0x7, 0xff, 0xf4, 0x50, 0x82,
    0x20, 0x0, 0xc1, 0xfc, 0x8, 0x80, 0x2, 0x3,
    0xff, 0xf0, 0x50, 0x1, 0x20, 0x8, 0x40, 0xc0,
    0x8c, 0x1, 0x80,

    /* U+7B14 "笔" */
    0x20, 0x80, 0x82, 0x3, 0xef, 0xd2, 0x48, 0x8a,
    0x20, 0x1, 0x81, 0xf8, 0x8, 0x80, 0x7, 0xe0,
    0xe8, 0x0, 0x21, 0xcf, 0xf8, 0x42, 0x4, 0x8,
    0x10, 0x1f, 0xc0,

    /* U+7B1B "笛" */
    0x20, 0x80, 0x84, 0x7, 0xff, 0xd4, 0x90, 0x8a,
    0x20, 0x0, 0x0, 0x20, 0x1f, 0xfe, 0x42, 0x9,
    0x8, 0x27, 0xff, 0x90, 0x82, 0x42, 0x9, 0xff,
    0xe4, 0x0, 0x80,

    /* U+7B26 "符" */
    0x20, 0x80, 0x81, 0x0, 0xfb, 0xf2, 0x8a, 0x8,
    0xa2, 0x2, 0x2, 0x8, 0x4, 0x17, 0xff, 0x20,
    0x11, 0xc4, 0x20, 0x88, 0x41, 0x8, 0x82, 0x1,
    0x4, 0x2, 0x8, 0x3c, 0x0,

    /* U+7B28 "笨" */
    0x20, 0x81, 0x4, 0x7, 0xff, 0xe4, 0x88, 0x0,
    0x0, 0x8, 0xf, 0xff, 0xc1, 0xa0, 0x6, 0x80,
    0x29, 0x1, 0x22, 0x18, 0x84, 0x9f, 0xe8, 0x8,
    0x10, 0x0, 0x0,

    /* U+7B2C "第" */
    0x0, 0x80, 0x82, 0x3, 0xef, 0xf0, 0x48, 0x80,
    0x1, 0xff, 0xe0, 0x20, 0x80, 0x82, 0x3f, 0xf9,
    0x8, 0x7, 0xff, 0x81, 0x82, 0xa, 0x8, 0x48,
    0x26, 0x7, 0x0,

    /* U+7B3C "笼" */
    0x0, 0x80, 0x82, 0x3, 0xef, 0xd4, 0x48, 0x88,
    0x10, 0x11, 0x0, 0x42, 0x3f, 0xff, 0x9, 0x0,
    0x24, 0x40, 0x92, 0x4, 0x50, 0x21, 0x81, 0x3c,
    0x18, 0xf, 0xc0,

    /* U+7B49 "等" */
    0x20, 0x80, 0x82, 0x1, 0xff, 0xf4, 0x11, 0x0,
    0x0, 0xf, 0xff, 0x0, 0x80, 0x0, 0x0, 0xff,
    0xfe, 0x0, 0x43, 0xff, 0xf0, 0x81, 0x0, 0xc2,
    0x0, 0x4, 0x0, 0x78, 0x0,

    /* U+7B4B "筋" */
    0x10, 0x0, 0x40, 0x80, 0xfd, 0xfa, 0x4c, 0x88,
    0x10, 0x7, 0xc0, 0x8, 0x88, 0x11, 0x7c, 0x3e,
    0x24, 0x44, 0x48, 0xf8, 0x91, 0x12, 0x26, 0x24,
    0x48, 0x50, 0xa3, 0xc7, 0x0,

    /* U+7B4F "筏" */
    0x0, 0x0, 0x41, 0x0, 0xfb, 0xf2, 0x9, 0x8,
    0x80, 0x1, 0x4, 0x4, 0x46, 0x10, 0x8f, 0x66,
    0xe1, 0x41, 0x10, 0x82, 0x41, 0x3, 0x2, 0xc,
    0x24, 0x26, 0x41, 0x83, 0x80,

    /* U+7B51 "筑" */
    0x20, 0x80, 0x82, 0x3, 0xef, 0xd4, 0x48, 0x89,
    0x20, 0x0, 0xf, 0xef, 0x8, 0x84, 0x22, 0x10,
    0x8a, 0x42, 0x25, 0x3, 0x8c, 0xf2, 0x10, 0x10,
    0x50, 0x80, 0xc0,

    /* U+7B54 "答" */
    0x20, 0x0, 0x41, 0x0, 0xfb, 0xfa, 0x89, 0x8,
    0x81, 0x0, 0x60, 0x1, 0x20, 0x4, 0x30, 0x3f,
    0xd9, 0x80, 0xc, 0x7f, 0xc1, 0x0, 0x82, 0x1,
    0x4, 0x2, 0x7, 0xfc, 0x0,

    /* U+7B56 "策" */
    0x0, 0x0, 0x41, 0x0, 0xfb, 0xfe, 0x59, 0x0,
    0x10, 0x1f, 0xff, 0xc0, 0x40, 0x1f, 0xfe, 0x21,
    0x4, 0x42, 0x8, 0x84, 0x11, 0x3e, 0xe0, 0x92,
    0x6, 0x23, 0x0, 0x41, 0x80,

    /* U+7B5B "筛" */
    0x20, 0x80, 0xbd, 0xfd, 0x24, 0x84, 0x0, 0x0,
    0xff, 0xe9, 0x8, 0x12, 0x10, 0x25, 0xfe, 0x4a,
    0x44, 0x94, 0x88, 0x29, 0x10, 0x92, 0x22, 0x25,
    0xc8, 0x8, 0x0,

    /* U+7B5D "筝" */
    0x20, 0x81, 0x2, 0x7, 0xef, 0xe1, 0x40, 0x8f,
    0xc0, 0x42, 0x2, 0x10, 0x17, 0xfc, 0x2, 0x13,
    0xff, 0xf0, 0x21, 0xf, 0xfc, 0x2, 0x0, 0x8,
    0x0, 0xe0, 0x0,

    /* U+7B79 "筹" */
    0x0, 0x80, 0x82, 0x3, 0xef, 0xd0, 0x48, 0x84,
    0x1, 0xff, 0xe0, 0x40, 0xf, 0xfc, 0xff, 0xfc,
    0x21, 0x1, 0xff, 0x89, 0x10, 0x42, 0x42, 0x1,
    0x0, 0xc, 0x0,

    /* U+7B7E "签" */
    0x0, 0x1, 0x4, 0x7, 0xff, 0xe4, 0x88, 0x91,
    0x20, 0xc, 0x0, 0x48, 0x6, 0x18, 0x6f, 0xda,
    0x0, 0x12, 0x21, 0x8, 0x88, 0x11, 0x20, 0x1,
    0xf, 0xff, 0xc0,

    /* U+7B80 "简" */
    0x0, 0x0, 0x82, 0x3, 0xef, 0xd2, 0x48, 0x80,
    0x0, 0x9f, 0xe2, 0x0, 0x90, 0x2, 0x4f, 0xc9,
    0x21, 0x24, 0xfc, 0x92, 0x12, 0x4f, 0xc9, 0x0,
    0x24, 0x3, 0x80,

    /* U+7B97 "算" */
    0x20, 0x80, 0xff, 0xfe, 0x8, 0x41, 0xff, 0xc2,
    0x0, 0x87, 0xff, 0x8, 0x2, 0x1f, 0xfc, 0x3f,
    0xf8, 0x10, 0x40, 0x20, 0x87, 0xff, 0xf1, 0x2,
    0xc, 0x4, 0x0,

    /* U+7BA1 "管" */
    0x40, 0x81, 0xfb, 0xf8, 0x12, 0x0, 0x80, 0x7f,
    0xf9, 0x0, 0x25, 0xfe, 0x88, 0x8, 0x1f, 0xe0,
    0x80, 0x1, 0xff, 0x8, 0x4, 0x20, 0x10, 0x7f,
    0xc0,

    /* U+7BAD "箭" */
    0x20, 0x80, 0xfb, 0xf5, 0x12, 0x20, 0x0, 0x10,
    0x43, 0xff, 0xf0, 0x0, 0x1e, 0x2, 0x44, 0x89,
    0x72, 0x24, 0x48, 0x97, 0x2, 0x44, 0x9, 0x30,
    0xe0,

    /* U+7BB1 "箱" */
    0x20, 0x80, 0x82, 0x1, 0xff, 0xfc, 0x12, 0x8,
    0x22, 0x2, 0x3f, 0x84, 0x81, 0x3d, 0x2, 0x11,
    0xfc, 0x74, 0x9, 0x58, 0x12, 0x8f, 0xe9, 0x20,
    0x42, 0x40, 0x84, 0x7f, 0x0,

    /* U+7BC7 "篇" */
    0x0, 0x81, 0xfb, 0xf9, 0x30, 0x0, 0x40, 0x3f,
    0xf9, 0x0, 0x24, 0x0, 0x8f, 0xfe, 0x40, 0x1,
    0x7f, 0xe6, 0x22, 0x97, 0xfe, 0xa2, 0x2a, 0x88,
    0xe0,

    /* U+7BDD "篝" */
    0x40, 0x1, 0xff, 0xf9, 0x20, 0x2, 0x10, 0x3f,
    0xf8, 0xff, 0xe0, 0x84, 0x1d, 0xee, 0x3f, 0xf0,
    0x88, 0x43, 0xff, 0x3f, 0xff, 0x20, 0x10, 0x81,
    0xc0,

    /* U+7BE1 "篡" */
    0x20, 0x80, 0xfb, 0xfc, 0x92, 0xd, 0xb4, 0x3f,
    0xf0, 0x80, 0x43, 0xff, 0xf, 0xfc, 0x8, 0x3,
    0xff, 0xf2, 0x24, 0x11, 0xc, 0x88, 0x4c, 0x5e,
    0x80, 0x1, 0x0,

    /* U+7BF7 "篷" */
    0x41, 0x1, 0xf7, 0xe9, 0x24, 0x0, 0x48, 0x43,
    0xf0, 0x94, 0x80, 0x1e, 0x39, 0xa6, 0x27, 0xf8,
    0x82, 0x2, 0x1f, 0x18, 0xfe, 0x58, 0x82, 0x3f,
    0xf0,

    /* U+7C07 "簇" */
    0x40, 0x80, 0xfd, 0xfe, 0x2c, 0x41, 0x0, 0x0,
    0x1f, 0xff, 0xc0, 0x10, 0xa0, 0x1c, 0xbc, 0x49,
    0x20, 0x90, 0x41, 0x2f, 0xfa, 0x42, 0x88, 0x89,
    0x13, 0x21, 0x80,

    /* U+7C27 "簧" */
    0x20, 0x81, 0xff, 0xf8, 0xa0, 0x2, 0x10, 0x7f,
    0xfc, 0x21, 0x7, 0x7b, 0x8f, 0xfe, 0x22, 0x8,
    0xff, 0xe2, 0x20, 0x8f, 0xfe, 0x0, 0x0, 0x40,
    0xee, 0x0, 0x40,

    /* U+7C4D "籍" */
    0x0, 0x0, 0x82, 0x3, 0xef, 0xf2, 0x48, 0x80,
    0x83, 0xf7, 0xf2, 0x9, 0x1e, 0x20, 0x21, 0x79,
    0xe7, 0xe7, 0x10, 0x9a, 0x42, 0xa5, 0xfa, 0x84,
    0x20, 0x1f, 0x80,

    /* U+7C73 "米" */
    0x1, 0x0, 0x82, 0x10, 0x84, 0x20, 0x88, 0x80,
    0x10, 0x0, 0x20, 0x3f, 0xff, 0x82, 0xc0, 0x5,
    0x40, 0x12, 0x40, 0x44, 0x41, 0x8, 0x4c, 0x10,
    0x40, 0x20, 0x40,

    /* U+7C7B "类" */
    0x22, 0x10, 0x48, 0x80, 0x20, 0x3f, 0xff, 0x6,
    0x80, 0x29, 0x81, 0x21, 0xb8, 0x81, 0x2, 0x3,
    0xff, 0xf0, 0x50, 0x2, 0x20, 0x10, 0x43, 0x80,
    0xf0,

    /* U+7C89 "粉" */
    0x10, 0x40, 0x14, 0x98, 0x54, 0x88, 0x50, 0x84,
    0x11, 0x4, 0x79, 0x2, 0x11, 0xfc, 0x38, 0x44,
    0x58, 0x44, 0x54, 0x44, 0x90, 0x84, 0x10, 0x84,
    0x11, 0xc, 0x12, 0x38,

    /* U+7C92 "粒" */
    0x10, 0x0, 0x28, 0x41, 0x50, 0x2, 0xaf, 0xf1,
    0x0, 0x1f, 0x81, 0x4, 0x22, 0x8, 0x44, 0x38,
    0x88, 0xa9, 0x21, 0x42, 0x40, 0x82, 0x81, 0x1,
    0x2, 0x7f, 0xc0,

    /* U+7C97 "粗" */
    0x11, 0xf8, 0x2a, 0x11, 0x54, 0x22, 0x88, 0x41,
    0x1f, 0x9f, 0xe1, 0x4, 0x42, 0x8, 0x84, 0x39,
    0x8, 0xab, 0xf1, 0x44, 0x24, 0x88, 0x41, 0x10,
    0x82, 0xff, 0xc0,

    /* U+7C98 "粘" */
    0x10, 0x21, 0x24, 0x42, 0x50, 0x80, 0xa1, 0xf1,
    0x2, 0x1f, 0xc4, 0x4, 0x8, 0x1c, 0xfe, 0x59,
    0x4, 0xaa, 0xa, 0x44, 0x10, 0x88, 0x21, 0x10,
    0x42, 0x3f, 0x80,

    /* U+7CAE "粮" */
    0x10, 0x20, 0xab, 0xf9, 0x54, 0x10, 0xa8, 0x21,
    0x1f, 0xdf, 0xe0, 0x84, 0x41, 0xc, 0xfe, 0x35,
    0x20, 0xa2, 0x49, 0x44, 0x64, 0x88, 0x81, 0x12,
    0x82, 0x78, 0xc0,

    /* U+7CB9 "粹" */
    0x10, 0x0, 0x20, 0x20, 0x50, 0x42, 0xaf, 0xf5,
    0x40, 0x2, 0x11, 0x3f, 0x22, 0x8, 0xaa, 0x32,
    0x22, 0x70, 0x1, 0x5f, 0xfc, 0x81, 0x9, 0x2,
    0x2, 0x4, 0x4, 0x0, 0x0,

    /* U+7CBE "精" */
    0x10, 0x20, 0xaf, 0xfd, 0x50, 0x82, 0xcf, 0xe1,
    0x2, 0x1f, 0xfb, 0xc4, 0x0, 0xc, 0x7e, 0x38,
    0xfc, 0xa9, 0x9, 0x42, 0x14, 0x87, 0xe1, 0x8,
    0x42, 0x11, 0x80,

    /* U+7CCA "糊" */
    0x21, 0x3e, 0xa4, 0x9b, 0x12, 0x4b, 0xf9, 0x21,
    0x3f, 0xe4, 0x92, 0x12, 0x5d, 0xb9, 0xb4, 0x7e,
    0xb1, 0x1a, 0x44, 0x49, 0xf1, 0x24, 0x44, 0x80,
    0x70,

    /* U+7CD5 "糕" */
    0x10, 0x88, 0xa8, 0x11, 0x57, 0xf8, 0x81, 0x1,
    0x2, 0x7, 0x3f, 0x84, 0x8, 0x1c, 0x10, 0x34,
    0x20, 0xa7, 0xfd, 0x40, 0x4, 0x80, 0x81, 0x25,
    0x22, 0x88, 0x0,

    /* U+7CD6 "糖" */
    0x10, 0x10, 0xaf, 0xfd, 0x68, 0x40, 0x97, 0xe1,
    0x21, 0x47, 0x5f, 0xc4, 0x85, 0x1d, 0x7e, 0x56,
    0x10, 0xad, 0xfe, 0x4a, 0x8, 0xa4, 0x11, 0x48,
    0x22, 0x9f, 0xc0,

    /* U+7CD9 "糙" */
    0x0, 0x12, 0xb1, 0x47, 0x27, 0xd8, 0xa4, 0x20,
    0x13, 0xe3, 0xb2, 0x0, 0x19, 0x9f, 0x52, 0x46,
    0x89, 0x1a, 0x24, 0x49, 0x8e, 0x25, 0x0, 0x23,
    0xf0,

    /* U+7CDF "糟" */
    0x10, 0x50, 0xaf, 0xfd, 0x51, 0x40, 0xdf, 0xf1,
    0x25, 0x2f, 0xff, 0xc4, 0x94, 0x89, 0xff, 0x38,
    0x0, 0xab, 0xf9, 0x48, 0x14, 0x8f, 0xe1, 0x20,
    0x42, 0x3f, 0x80,

    /* U+7CFB "系" */
    0x0, 0x37, 0xfe, 0x2, 0x0, 0x20, 0x82, 0x18,
    0x3f, 0x0, 0x20, 0x6, 0x4, 0xff, 0xf0, 0x12,
    0x48, 0x88, 0x84, 0x28, 0x20, 0x87, 0x0,

    /* U+7D0A "紊" */
    0x2, 0x0, 0x4, 0xf, 0xff, 0xc4, 0x10, 0xc,
    0x80, 0x1c, 0xf, 0x8e, 0x3, 0x16, 0x3f, 0x80,
    0x30, 0x7, 0x2, 0x1f, 0xfe, 0x2, 0x20, 0xc8,
    0x64, 0x60, 0x0,

    /* U+7D20 "素" */
    0x1, 0x0, 0x2, 0x1, 0xff, 0xf0, 0x8, 0x3,
    0xff, 0x80, 0x20, 0x3f, 0xff, 0x81, 0x10, 0x1f,
    0xc0, 0x4, 0x21, 0xff, 0xe0, 0x9, 0x21, 0x11,
    0x4, 0x21, 0xb1, 0xc0, 0x0,

    /* U+7D22 "索" */
    0x2, 0x0, 0x8, 0xf, 0xff, 0xc0, 0x80, 0xff,
    0xfe, 0x10, 0x18, 0x84, 0x4f, 0xe0, 0x2, 0x0,
    0x70, 0xc7, 0xff, 0x80, 0x80, 0x12, 0x11, 0x88,
    0x38, 0xe0, 0x0,

    /* U+7D27 "紧" */
    0x13, 0xf4, 0x80, 0xa4, 0x49, 0x21, 0x89, 0x1c,
    0xb, 0x1c, 0x10, 0x3, 0x30, 0x3e, 0x0, 0x81,
    0x3f, 0xfc, 0x4, 0x53, 0x21, 0x27, 0x0,

    /* U+7D2B "紫" */
    0x8, 0x80, 0x91, 0x9, 0x3f, 0xe2, 0x44, 0x4,
    0x88, 0x29, 0x30, 0x5f, 0x9f, 0xc0, 0x80, 0x6,
    0x40, 0x37, 0x40, 0x18, 0x41, 0xff, 0xe0, 0x11,
    0x82, 0x20, 0x99, 0xc0, 0x0,

    /* U+7D2F "累" */
    0x7f, 0xf9, 0x8, 0x27, 0xff, 0x90, 0x82, 0x42,
    0x9, 0xff, 0xe0, 0x84, 0xf, 0xe8, 0x44, 0x11,
    0xff, 0xe0, 0x20, 0x4, 0x8c, 0x62, 0xe, 0x38,
    0x0,

    /* U+7E41 "繁" */
    0x0, 0x0, 0xfe, 0x82, 0x1, 0xff, 0xf6, 0x44,
    0x44, 0x9f, 0xe6, 0x11, 0xc, 0x3f, 0x24, 0x4,
    0xc4, 0x7f, 0x0, 0x10, 0x43, 0xff, 0xc0, 0x13,
    0x46, 0x21, 0xb1, 0xc0, 0x0,

    /* U+7EA0 "纠" */
    0x8, 0x4, 0x42, 0x11, 0x8, 0x48, 0x21, 0x44,
    0x85, 0xe2, 0x11, 0x8, 0x48, 0x21, 0x40, 0x87,
    0xe2, 0x70, 0x1e, 0x41, 0x1, 0xf8, 0x4, 0x0,
    0x10,

    /* U+7EA2 "红" */
    0x0, 0x0, 0x20, 0x0, 0x8f, 0xf9, 0x1, 0x4,
    0x42, 0x11, 0x4, 0x3c, 0x8, 0x8, 0x10, 0x20,
    0x20, 0xb8, 0x42, 0x80, 0x80, 0x1, 0x0, 0xc2,
    0x1e, 0x7f, 0xc0,

    /* U+7EA4 "纤" */
    0x10, 0x18, 0x41, 0xc0, 0x80, 0x82, 0x21, 0x4,
    0x82, 0x1e, 0x4, 0x8, 0xff, 0x90, 0x10, 0x40,
    0x21, 0xf0, 0x40, 0x0, 0x80, 0x21, 0xf, 0x82,
    0x0, 0x4, 0x0,

    /* U+7EA6 "约" */
    0x10, 0x80, 0x82, 0x2, 0x10, 0x10, 0x7f, 0x4a,
    0x6, 0x28, 0x1f, 0x10, 0x48, 0x21, 0x40, 0x46,
    0xe0, 0x94, 0x0, 0x40, 0x1, 0x38, 0x7, 0x0,
    0x30, 0x7, 0x80,

    /* U+7EA7 "级" */
    0x10, 0x0, 0x27, 0xf0, 0x82, 0x22, 0x24, 0x84,
    0x89, 0xe, 0x13, 0xc4, 0x61, 0x10, 0xa2, 0x59,
    0x49, 0xc2, 0x50, 0x8, 0x40, 0xd1, 0x8e, 0x24,
    0x80, 0xb0, 0xc0,

    /* U+7EAA "纪" */
    0x10, 0x0, 0x43, 0xf8, 0x80, 0x12, 0x0, 0x28,
    0x80, 0x5e, 0x0, 0x84, 0x7f, 0x10, 0x82, 0x41,
    0x1, 0xe2, 0x0, 0x4, 0x0, 0x68, 0x1f, 0x10,
    0x20, 0x3f, 0xc0,

    /* U+7EAF "纯" */
    0x10, 0x20, 0x40, 0x40, 0x8f, 0xfa, 0x1, 0x4,
    0x82, 0x1f, 0x24, 0x44, 0x48, 0x90, 0x91, 0x45,
    0x22, 0xf3, 0xfc, 0x0, 0x88, 0x1, 0x17, 0x82,
    0x0, 0x7, 0xc0,

    /* U+7EB1 "纱" */
    0x0, 0x20, 0x20, 0x40, 0x80, 0x81, 0x9, 0x24,
    0x92, 0x52, 0x24, 0x5c, 0x88, 0x91, 0x10, 0x40,
    0x24, 0xf0, 0x50, 0x0, 0x20, 0x0, 0x83, 0x84,
    0x8, 0x30, 0x0, 0x80, 0x0,

    /* U+7EB3 "纳" */
    0x10, 0x20, 0x80, 0x82, 0x2, 0x8, 0x8, 0x4b,
    0xfe, 0x48, 0x9f, 0x22, 0x48, 0x99, 0x42, 0x66,
    0x6a, 0x5e, 0x28, 0x40, 0x81, 0x3a, 0x5, 0x8,
    0x10, 0x21, 0xc0,

    /* U+7EB5 "纵" */
    0x11, 0x10, 0x42, 0x20, 0x84, 0x42, 0x48, 0x8d,
    0x11, 0x1e, 0x22, 0x8, 0x46, 0x20, 0x8c, 0x49,
    0x99, 0xe5, 0x50, 0x8, 0xa0, 0x51, 0x2f, 0x44,
    0x41, 0x10, 0x40,

    /* U+7EB7 "纷" */
    0x0, 0x0, 0x10, 0x50, 0x10, 0x88, 0x20, 0x88,
    0x45, 0x4, 0x49, 0x4, 0x72, 0x2, 0x11, 0xfc,
    0x20, 0x44, 0x40, 0x44, 0x78, 0x84, 0x0, 0x84,
    0xc, 0x84, 0x71, 0xc, 0x2, 0x38,

    /* U+7EB8 "纸" */
    0x10, 0x1c, 0x42, 0xe0, 0x84, 0x42, 0x28, 0x84,
    0x91, 0x1e, 0x22, 0x4, 0x7f, 0x90, 0x88, 0x41,
    0x10, 0xf2, 0x20, 0x4, 0x40, 0xc8, 0x56, 0x1c,
    0xa0, 0x60, 0xc0,

    /* U+7EB9 "纹" */
    0x20, 0x80, 0x81, 0x4, 0x0, 0x11, 0xff, 0x8a,
    0x12, 0x48, 0x46, 0x11, 0x8, 0x48, 0x40, 0xa2,
    0xc3, 0x4, 0x4, 0x0, 0x28, 0x31, 0x11, 0x38,
    0x30,

    /* U+7EBA "纺" */
    0x10, 0x20, 0x20, 0x40, 0x80, 0x1, 0xf, 0xf4,
    0x44, 0x11, 0x8, 0x3a, 0x10, 0x8, 0x3e, 0x20,
    0x84, 0x81, 0x9, 0xe2, 0x10, 0x8, 0x20, 0xd0,
    0x4e, 0x40, 0x80, 0x7, 0x0,

    /* U+7EBF "线" */
    0x10, 0x40, 0x40, 0x90, 0x81, 0x2, 0x2, 0xe4,
    0xbe, 0x12, 0x8, 0x3c, 0x13, 0x11, 0xf8, 0x40,
    0x44, 0xe0, 0x50, 0x0, 0xc0, 0x1, 0x3, 0x86,
    0x28, 0x72, 0x40, 0x3, 0x80,

    /* U+7EC3 "练" */
    0x10, 0x80, 0x84, 0x2, 0x7f, 0xd0, 0x40, 0x57,
    0xc3, 0xc9, 0x2, 0x24, 0x9, 0xfe, 0x40, 0x43,
    0xc1, 0x0, 0x24, 0x8d, 0x11, 0x40, 0x40, 0x7,
    0x0,

    /* U+7EC4 "组" */
    0x10, 0x0, 0x43, 0xf0, 0x84, 0x22, 0x8, 0x44,
    0x90, 0x93, 0x3f, 0x3c, 0x42, 0x10, 0x84, 0x41,
    0x9, 0x12, 0x11, 0xc7, 0xe0, 0x8, 0x40, 0x90,
    0x9e, 0x21, 0x1, 0xff, 0x80,

    /* U+7EC5 "绅" */
    0x10, 0x40, 0x81, 0x2, 0x4, 0x10, 0xff, 0x82,
    0x46, 0x49, 0x17, 0x24, 0x68, 0xff, 0x42, 0x46,
    0x9, 0x1f, 0x3f, 0xc0, 0x91, 0x0, 0x43, 0xc1,
    0x0, 0x4, 0x0,

    /* U+7EC6 "细" */
    0x10, 0x0, 0x23, 0xfc, 0x84, 0x8a, 0x9, 0x14,
    0x52, 0x31, 0x24, 0x7c, 0x48, 0x88, 0xff, 0x21,
    0x22, 0x8a, 0x44, 0xe4, 0x88, 0x9, 0x10, 0x52,
    0x2f, 0x3f, 0xc0, 0x40, 0x80,

    /* U+7EC7 "织" */
    0x20, 0x0, 0x8f, 0xe4, 0x20, 0x90, 0x82, 0x8a,
    0xb, 0xc8, 0x22, 0x20, 0x90, 0xfe, 0x40, 0x3,
    0xc0, 0x0, 0x11, 0x0, 0x84, 0x72, 0xa, 0x10,
    0x20, 0x0, 0x0,

    /* U+7EC8 "终" */
    0x0, 0x80, 0x86, 0x4, 0x1f, 0x90, 0x44, 0x8a,
    0x92, 0x52, 0x8f, 0x4, 0x8, 0x28, 0x43, 0x1a,
    0x2, 0x1f, 0x6, 0x0, 0x0, 0x3, 0x3, 0xc3,
    0x0, 0x3, 0x80,

    /* U+7ECD "绍" */
    0x0, 0x0, 0x27, 0xfc, 0x81, 0x9, 0x2, 0x14,
    0x48, 0x31, 0x10, 0x4c, 0xc7, 0x8, 0x0, 0x21,
    0xfe, 0xb2, 0x4, 0x84, 0x8, 0x8, 0x13, 0x90,
    0x28, 0x3f, 0xc0, 0x40, 0x80,

    /* U+7ECE "绎" */
    0x0, 0x0, 0x9f, 0xe4, 0x20, 0x90, 0x44, 0x88,
    0xe3, 0xc3, 0x2, 0x77, 0x10, 0x12, 0x43, 0xfa,
    0xc1, 0x0, 0x7f, 0xc6, 0x10, 0xe0, 0x40, 0x1,
    0x0,

    /* U+7ECF "经" */
    0x10, 0x0, 0x8f, 0xe2, 0x1, 0x10, 0x4, 0x48,
    0x62, 0x42, 0x8f, 0x31, 0x88, 0x1, 0x40, 0x2,
    0xf, 0xf3, 0x84, 0x10, 0x10, 0x8, 0x43, 0xc1,
    0x0, 0x7f, 0xc0,

    /* U+7ED1 "绑" */
    0x21, 0x0, 0x42, 0x79, 0x1f, 0x92, 0x49, 0x49,
    0x12, 0x9e, 0xf6, 0x8, 0x4a, 0x11, 0x12, 0x42,
    0x23, 0xef, 0xc4, 0x8, 0x88, 0x91, 0xee, 0x42,
    0x0, 0x84, 0x0,

    /* U+7ED3 "结" */
    0x10, 0x20, 0x40, 0x40, 0x8f, 0xfa, 0x1, 0x4,
    0x82, 0x16, 0x7f, 0xc4, 0x0, 0x10, 0x0, 0x4d,
    0xfd, 0xe2, 0x8, 0x4, 0x10, 0x28, 0x2f, 0x90,
    0x40, 0x3f, 0x80,

    /* U+7ED5 "绕" */
    0x1, 0x0, 0x84, 0x4, 0x1f, 0x10, 0xa2, 0x90,
    0x92, 0x41, 0x86, 0x1c, 0x50, 0x8f, 0x40, 0x2,
    0xdf, 0xfc, 0x12, 0x0, 0x48, 0x11, 0x21, 0x88,
    0x90, 0x43, 0xc0,

    /* U+7ED9 "给" */
    0x10, 0x40, 0x40, 0xc0, 0x82, 0x42, 0x4, 0x84,
    0x90, 0x96, 0x5e, 0xf8, 0x0, 0x10, 0x0, 0x41,
    0xf9, 0x62, 0x10, 0x4, 0x21, 0xc8, 0x44, 0x1f,
    0x80, 0x21, 0x0,

    /* U+7EDA "绚" */
    0x0, 0x80, 0x82, 0x2, 0x10, 0x10, 0x7f, 0x4a,
    0x6, 0x57, 0xdf, 0x11, 0x48, 0x45, 0x41, 0xf6,
    0x64, 0x5e, 0x11, 0x40, 0x7d, 0x9, 0x5, 0xc0,
    0x10, 0x3, 0x80,

    /* U+7EDC "络" */
    0x0, 0x0, 0x41, 0x0, 0x83, 0xfa, 0x8, 0x24,
    0xa8, 0x92, 0x8a, 0x3c, 0x8, 0x10, 0x2c, 0x41,
    0x86, 0xa3, 0xfa, 0x84, 0x10, 0x8, 0x23, 0x10,
    0x48, 0x3f, 0x80, 0x41, 0x0,

    /* U+7EDD "绝" */
    0x0, 0x0, 0x21, 0x0, 0x85, 0xc1, 0x8, 0x84,
    0x60, 0x11, 0x7f, 0x8c, 0x49, 0x30, 0x92, 0x21,
    0x24, 0x9b, 0xfb, 0xc4, 0x0, 0x8, 0x0, 0xd0,
    0x3e, 0x20, 0x40, 0x7f, 0x80,

    /* U+7EDE "绞" */
    0x0, 0x0, 0x81, 0x2, 0x0, 0x11, 0xff, 0x40,
    0x2, 0x24, 0x43, 0x21, 0x39, 0x6, 0x22, 0x11,
    0x4, 0x8f, 0xa, 0x0, 0x10, 0x0, 0xc1, 0xc4,
    0xc0, 0x60, 0x80,

    /* U+7EDF "统" */
    0x10, 0x40, 0x81, 0x2, 0x0, 0x10, 0xff, 0x40,
    0x82, 0x24, 0x47, 0x20, 0xa8, 0x7e, 0x22, 0x5,
    0x24, 0x8b, 0x12, 0x0, 0x48, 0x19, 0x23, 0x88,
    0x90, 0x41, 0xc0,

    /* U+7EE3 "绣" */
    0x20, 0x18, 0x8f, 0x84, 0x4, 0x11, 0xff, 0x88,
    0xe2, 0x45, 0x46, 0x24, 0x89, 0x1, 0x79, 0xc2,
    0x4, 0x60, 0x10, 0x8c, 0x42, 0x42, 0x8, 0x10,
    0xe0,

    /* U+7EE7 "继" */
    0x23, 0x24, 0x46, 0x51, 0xc, 0xa2, 0x55, 0x49,
    0x22, 0x1e, 0x7f, 0x88, 0x88, 0x21, 0x38, 0x82,
    0xa8, 0xe6, 0x48, 0x8, 0x80, 0x11, 0xf, 0x3f,
    0xe0,

    /* U+7EE9 "绩" */
    0x0, 0x40, 0x81, 0x2, 0x3f, 0xd0, 0x10, 0x4b,
    0xfe, 0x41, 0x3, 0x7f, 0xf8, 0x0, 0x43, 0xfd,
    0x8, 0x19, 0xa4, 0x58, 0x91, 0x2, 0x44, 0xc2,
    0x4, 0x11, 0x83, 0x81,

    /* U+7EEA "绪" */
    0x20, 0x40, 0x81, 0x24, 0x3f, 0x90, 0x14, 0x88,
    0x62, 0x5f, 0xfe, 0x8, 0x8, 0x7e, 0x47, 0xa,
    0xc4, 0x20, 0x1f, 0x80, 0x42, 0xf1, 0x8, 0x7,
    0xe0,

    /* U+7EED "续" */
    0x0, 0x40, 0x81, 0x2, 0x3f, 0x90, 0x10, 0x57,
    0xfe, 0x40, 0x2e, 0x10, 0x90, 0x30, 0x42, 0x42,
    0xc5, 0xc, 0x7f, 0xc0, 0x10, 0x10, 0xa3, 0x84,
    0x40, 0x60, 0xc0,

    /* U+7EF3 "绳" */
    0x10, 0x0, 0x87, 0xe2, 0x20, 0x90, 0x82, 0x49,
    0xfa, 0x41, 0xe, 0x3f, 0x88, 0x92, 0x42, 0x4a,
    0xf, 0xef, 0x24, 0x80, 0xfe, 0xa, 0x41, 0xc1,
    0x10, 0x7, 0xc0,

    /* U+7EF4 "维" */
    0x20, 0x80, 0x41, 0x20, 0x84, 0x2, 0xf, 0xf4,
    0x31, 0x13, 0xa2, 0x1c, 0x7f, 0x90, 0x88, 0x41,
    0x10, 0x92, 0x23, 0xc7, 0xf8, 0x8, 0x80, 0x91,
    0xe, 0x3f, 0xc0, 0x40, 0x0,

    /* U+7EF5 "绵" */
    0x0, 0x0, 0x41, 0x2, 0x1f, 0xc8, 0x81, 0x49,
    0xfe, 0x48, 0x1f, 0x20, 0x48, 0x7f, 0x40, 0x22,
    0xf, 0xf7, 0x22, 0x40, 0x89, 0x12, 0x27, 0x88,
    0xb0, 0x2, 0x0,

    /* U+7EF7 "绷" */
    0x0, 0x0, 0x9e, 0xf4, 0x4a, 0x51, 0x29, 0x94,
    0xa6, 0x5e, 0xf2, 0x4a, 0x51, 0x29, 0x44, 0xa6,
    0x1e, 0xf6, 0x4a, 0x43, 0x29, 0x38, 0xa5, 0x23,
    0x11, 0x1c, 0xc0,

    /* U+7EF8 "绸" */
    0x0, 0x0, 0x8f, 0xf4, 0x24, 0x50, 0x91, 0x8b,
    0xf6, 0x49, 0x1e, 0x24, 0x48, 0xfd, 0x42, 0x6,
    0xb, 0xde, 0x71, 0x41, 0x45, 0x4, 0xf7, 0xe0,
    0x10, 0x81, 0xc0,

    /* U+7EFC "综" */
    0x10, 0x0, 0x40, 0x40, 0x8f, 0xfa, 0x10, 0x14,
    0xaf, 0xad, 0x0, 0x4, 0x0, 0x11, 0xff, 0x28,
    0x20, 0xa0, 0x50, 0x8, 0x91, 0x91, 0x14, 0x2,
    0x0, 0x1c, 0x0,

    /* U+7EFF "绿" */
    0x10, 0x0, 0x43, 0xf8, 0x80, 0x11, 0x0, 0x24,
    0x1f, 0xd1, 0x0, 0x9c, 0xff, 0x88, 0x10, 0x21,
    0x22, 0x91, 0x5a, 0xc0, 0x80, 0x7, 0xc3, 0x12,
    0x48, 0x44, 0x0, 0x38, 0x0,

    /* U+7F07 "缇" */
    0x10, 0x0, 0x21, 0xfc, 0x21, 0x4, 0x41, 0x4,
    0x41, 0xfc, 0x89, 0x4, 0x71, 0xfc, 0x10, 0x0,
    0x27, 0xfe, 0x40, 0x20, 0x71, 0x20, 0x1, 0x3e,
    0x1, 0x20, 0xf2, 0xa0, 0x4, 0x7e,

    /* U+7F13 "缓" */
    0x10, 0x4, 0x27, 0xf0, 0x89, 0x11, 0x0, 0x44,
    0x80, 0x91, 0x7f, 0xdc, 0x40, 0x13, 0xff, 0x41,
    0x0, 0x93, 0xf9, 0xcc, 0x20, 0x14, 0xc0, 0x25,
    0xe, 0x8c, 0x2, 0x67, 0x80,

    /* U+7F16 "编" */
    0x0, 0x0, 0x81, 0x2, 0x3f, 0xd0, 0x81, 0x92,
    0x6, 0x4f, 0xfe, 0x20, 0x8, 0xff, 0x42, 0x56,
    0x49, 0x5e, 0x65, 0x41, 0x7f, 0x6, 0x55, 0xa9,
    0x50, 0x5, 0xc0,

    /* U+7F18 "缘" */
    0x11, 0x0, 0x87, 0xc2, 0x21, 0x10, 0xfc, 0x50,
    0x12, 0xdf, 0xfe, 0x8, 0x8, 0xc2, 0x48, 0xf2,
    0xc5, 0x40, 0x27, 0xc, 0x6a, 0x46, 0x20, 0x3,
    0x0,

    /* U+7F1D "缝" */
    0x20, 0x40, 0x91, 0xe4, 0x59, 0x10, 0x14, 0x90,
    0x73, 0xbe, 0xa2, 0x3f, 0x90, 0x88, 0xb2, 0xf9,
    0x8, 0x80, 0x2f, 0x8d, 0x88, 0xc5, 0x20, 0x23,
    0xf0,

    /* U+7F20 "缠" */
    0x0, 0x0, 0x40, 0x80, 0x8f, 0xfa, 0x10, 0x4,
    0x2f, 0xd1, 0x54, 0xbc, 0xbf, 0x11, 0x52, 0x22,
    0xfc, 0x64, 0x43, 0x8, 0x80, 0x1f, 0xe1, 0x62,
    0x1c, 0x84, 0x1, 0xff, 0x80, 0x0,

    /* U+7F29 "缩" */
    0x0, 0x0, 0x81, 0x2, 0x7f, 0xd1, 0x1, 0x45,
    0x2, 0x4b, 0xff, 0x22, 0x8, 0xbf, 0x4f, 0x5,
    0xcc, 0x18, 0x2f, 0xc0, 0xc1, 0x13, 0x7, 0x8c,
    0x10, 0x2f, 0xc0,

    /* U+7F34 "缴" */
    0x11, 0x0, 0x4f, 0xa0, 0x91, 0x41, 0x7e, 0xf5,
    0x45, 0x56, 0xfa, 0x88, 0x4d, 0x10, 0x8a, 0x7a,
    0xcc, 0x7, 0x90, 0x9, 0x21, 0x92, 0x64, 0x45,
    0x40, 0xb4, 0x40,

    /* U+7F3A "缺" */
    0x0, 0x20, 0x80, 0x41, 0x0, 0x85, 0xef, 0xe9,
    0x2, 0x52, 0x4, 0x84, 0x9, 0x7f, 0x12, 0x10,
    0x24, 0xa5, 0xf1, 0x49, 0x42, 0x92, 0x85, 0x24,
    0x8b, 0xd1, 0x8, 0x41, 0x80,

    /* U+7F51 "网" */
    0xff, 0xfc, 0x0, 0x60, 0x3, 0x44, 0x5a, 0x62,
    0xca, 0xa6, 0x23, 0x31, 0x9, 0x8c, 0x4c, 0x86,
    0x68, 0x43, 0x44, 0x18, 0x0, 0xc0, 0x1c,

    /* U+7F55 "罕" */
    0x7f, 0xfc, 0x80, 0x9, 0x11, 0x10, 0x41, 0x83,
    0x0, 0x80, 0x0, 0xf, 0xfe, 0x0, 0x80, 0x1,
    0x1, 0xff, 0xfc, 0x4, 0x0, 0x8, 0x0, 0x10,
    0x0, 0x20, 0x0,

    /* U+7F57 "罗" */
    0xff, 0xf9, 0x11, 0x91, 0x19, 0x11, 0xff, 0xf0,
    0x80, 0x1f, 0xe2, 0x2, 0x50, 0x48, 0x88, 0x5,
    0x0, 0x20, 0x1c, 0xe, 0x0,

    /* U+7F5A "罚" */
    0x7f, 0xfd, 0x12, 0x14, 0x48, 0x5f, 0xff, 0x0,
    0x0, 0x40, 0x10, 0x88, 0x40, 0x21, 0xf0, 0x84,
    0x42, 0x11, 0x8, 0x44, 0x1, 0x1e, 0x4, 0x40,
    0xf0,

    /* U+7F62 "罢" */
    0x7f, 0xfc, 0x88, 0x89, 0x11, 0x12, 0x22, 0x27,
    0xff, 0xc0, 0x20, 0x1f, 0xff, 0x0, 0x80, 0x1,
    0x1, 0xff, 0xfc, 0x10, 0x0, 0x40, 0x81, 0x1,
    0x4, 0x7f, 0x7, 0x1, 0x0,

    /* U+7F69 "罩" */
    0x7f, 0xf9, 0x11, 0x24, 0x44, 0x8e, 0xec, 0x1,
    0xfc, 0x4, 0x3, 0xff, 0x88, 0x2, 0x3f, 0xf8,
    0x80, 0x21, 0xff, 0x3f, 0xff, 0x1, 0x0, 0x4,
    0x0,

    /* U+7F6A "罪" */
    0xff, 0xfa, 0x22, 0x28, 0x88, 0xbf, 0xfe, 0x4,
    0x83, 0xf3, 0xf0, 0x48, 0x1, 0x20, 0xfc, 0xfc,
    0x12, 0x0, 0x48, 0x3f, 0x3f, 0x4, 0x80, 0x12,
    0x0,

    /* U+7F6E "置" */
    0x7f, 0xfa, 0x22, 0x28, 0x88, 0x9d, 0xdc, 0xff,
    0xfc, 0x8, 0x3, 0xff, 0x8, 0x4, 0x3f, 0xf0,
    0x80, 0x42, 0xfd, 0xf, 0xfc, 0x20, 0x13, 0xff,
    0xf0,

    /* U+7F72 "署" */
    0x7f, 0xfd, 0x11, 0x14, 0x44, 0x5f, 0xff, 0x2,
    0x9, 0xff, 0xc0, 0x24, 0x3f, 0xff, 0x4, 0x0,
    0xff, 0xe4, 0x80, 0x83, 0xfe, 0x8, 0x8, 0x3f,
    0xe0,

    /* U+7F8A "羊" */
    0x10, 0x10, 0x10, 0x40, 0x0, 0x83, 0xff, 0xe0,
    0x10, 0x0, 0x20, 0x0, 0x40, 0x1f, 0xfc, 0x1,
    0x0, 0x2, 0x3, 0xff, 0xf8, 0x8, 0x0, 0x10,
    0x0, 0x20, 0x0, 0x40, 0x0,

    /* U+7F8E "美" */
    0x0, 0x0, 0x40, 0x80, 0x84, 0x1f, 0xfe, 0x2,
    0x1, 0xff, 0xe0, 0x20, 0x3f, 0xff, 0x2, 0x0,
    0x8, 0xf, 0xff, 0xc1, 0x40, 0x8, 0x81, 0xc1,
    0x0, 0x3, 0x0, 0x3,

    /* U+7F9E "羞" */
    0x10, 0x20, 0x21, 0x7, 0xff, 0x81, 0x0, 0x3f,
    0xf0, 0x10, 0xf, 0xff, 0xc2, 0x0, 0x1f, 0xf0,
    0x88, 0x45, 0xff, 0x20, 0x84, 0x2, 0x21, 0xff,
    0xf0,

    /* U+7FA1 "羡" */
    0x0, 0x0, 0x10, 0x41, 0xff, 0xf0, 0x8, 0x3,
    0xff, 0x80, 0x20, 0x3f, 0xff, 0x80, 0x40, 0x61,
    0xfc, 0x24, 0x8, 0x9, 0x20, 0x42, 0x3, 0xa,
    0x18, 0x22, 0x1, 0x83, 0x80,

    /* U+7FA4 "群" */
    0x0, 0x80, 0xfd, 0x8, 0x29, 0x10, 0x90, 0xf,
    0xf7, 0xc2, 0x42, 0x4, 0x84, 0x3e, 0x7f, 0x20,
    0x10, 0x7c, 0x20, 0x8b, 0xfb, 0x10, 0x82, 0x21,
    0x7, 0xc2, 0x8, 0x4, 0x0,

    /* U+7FBD "羽" */
    0xff, 0xfc, 0x8, 0x10, 0x20, 0x50, 0xa1, 0x22,
    0x44, 0x48, 0x90, 0x20, 0x40, 0x81, 0xe, 0x1c,
    0x49, 0x96, 0x28, 0x40, 0x81, 0x2, 0x4, 0x78,
    0xf0,

    /* U+7FC5 "翅" */
    0x10, 0x0, 0x27, 0xf8, 0x41, 0x17, 0xf2, 0x21,
    0x26, 0x42, 0x2a, 0xbf, 0x11, 0x22, 0x22, 0x44,
    0xdc, 0x96, 0xc8, 0xa1, 0x10, 0x82, 0x22, 0x9d,
    0xc8, 0xc0, 0x0, 0x7f, 0x80,

    /* U+7FCE "翎" */
    0x0, 0x0, 0x8f, 0xf3, 0x4, 0x52, 0x11, 0x84,
    0x46, 0x85, 0x51, 0x14, 0x40, 0x11, 0x7c, 0x44,
    0x23, 0x30, 0xb5, 0x44, 0x11, 0x60, 0x44, 0x81,
    0x11, 0x1d, 0xc0,

    /* U+7FD4 "翔" */
    0x44, 0x1, 0x2f, 0xf4, 0x84, 0x42, 0x11, 0x7c,
    0x44, 0x41, 0x91, 0x26, 0x5f, 0x55, 0x10, 0x44,
    0x41, 0x3f, 0xdd, 0x48, 0x99, 0x20, 0x44, 0x81,
    0x14, 0x1d, 0xc0,

    /* U+7FD8 "翘" */
    0x10, 0xfc, 0x38, 0x49, 0xca, 0x90, 0xa5, 0xa0,
    0x82, 0x47, 0x24, 0x91, 0xcb, 0x0, 0x7a, 0x7f,
    0xb4, 0x28, 0x48, 0x50, 0x91, 0x27, 0xf2, 0x40,
    0x28, 0xff, 0xc0,

    /* U+7FE0 "翠" */
    0xfd, 0xf8, 0x10, 0x23, 0x46, 0x83, 0x6, 0xf4,
    0xe8, 0x8, 0xf, 0xff, 0x82, 0x0, 0x18, 0x40,
    0x92, 0xc4, 0x0, 0x3f, 0xff, 0x2, 0x0, 0x8,
    0x0,

    /* U+7FE1 "翡" */
    0x4, 0x81, 0xf9, 0xf8, 0x12, 0x3, 0xe7, 0xe0,
    0x48, 0x1f, 0x9f, 0xc1, 0x20, 0x3e, 0x7e, 0x44,
    0x4, 0x48, 0x88, 0x10, 0x91, 0xa3, 0x24, 0x48,
    0x41, 0x83, 0x80,

    /* U+7FE9 "翩" */
    0x10, 0x0, 0x41, 0xb7, 0xe2, 0x50, 0x89, 0x42,
    0xb5, 0xfa, 0xd4, 0x6, 0xdf, 0x89, 0x56, 0x25,
    0x59, 0xbf, 0xeb, 0x75, 0x89, 0xd6, 0x27, 0x58,
    0x95, 0x6f, 0xc0,

    /* U+7FF1 "翱" */
    0x0, 0x0, 0x8f, 0xf7, 0xc4, 0x61, 0x11, 0x7d,
    0x46, 0x15, 0x57, 0xc4, 0x48, 0x11, 0xfe, 0x45,
    0x23, 0x35, 0x55, 0x64, 0x11, 0x7c, 0x44, 0x41,
    0x11, 0x1d, 0xc0,

    /* U+7FFB "翻" */
    0x2, 0x1, 0xf3, 0xf0, 0xa2, 0x4b, 0x9, 0x7f,
    0xb4, 0x22, 0xd1, 0xc2, 0x4a, 0xc9, 0xc0, 0x25,
    0xf9, 0x94, 0xab, 0xdf, 0xc9, 0x4a, 0x25, 0xf8,
    0x94, 0x2e, 0xc0,

    /* U+7FFC "翼" */
    0xfd, 0xfc, 0x88, 0x8, 0xd0, 0x93, 0x43, 0xe0,
    0x0, 0x7, 0xff, 0xf, 0xfe, 0x10, 0x84, 0x3f,
    0xf8, 0x10, 0x41, 0xff, 0xf7, 0xff, 0xf0, 0x0,
    0x2, 0x3, 0x38, 0x1, 0x80,

    /* U+8000 "耀" */
    0x3, 0xde, 0x20, 0x42, 0xa5, 0x4a, 0x64, 0x42,
    0x48, 0xce, 0xff, 0x52, 0x29, 0x10, 0x29, 0xfe,
    0x29, 0x10, 0x2b, 0xfe, 0x49, 0x10, 0x4d, 0xfe,
    0x59, 0x10, 0x81, 0xff,

    /* U+8001 "老" */
    0x0, 0x0, 0x10, 0x47, 0xff, 0x1, 0x8, 0x4,
    0x43, 0xff, 0xf0, 0x20, 0x3, 0x0, 0x18, 0x33,
    0xa7, 0x0, 0xe0, 0x2, 0x1, 0x8, 0x4, 0x3f,
    0xf0,

    /* U+8003 "考" */
    0x2, 0x0, 0x8, 0x63, 0xff, 0x0, 0x88, 0xff,
    0xfc, 0x4, 0x0, 0x60, 0x3, 0xfe, 0x38, 0x3,
    0x3f, 0xc0, 0x1, 0x0, 0x4, 0x0, 0x20, 0x7,
    0x80,

    /* U+8005 "者" */
    0x2, 0x0, 0x4, 0x10, 0xff, 0xe0, 0x11, 0x0,
    0x24, 0x1f, 0xff, 0xc0, 0x80, 0x7, 0xfc, 0x18,
    0x8, 0xd0, 0x10, 0x3f, 0xe0, 0x40, 0x40, 0x80,
    0x81, 0xff, 0x0,

    /* U+800C "而" */
    0xff, 0xfc, 0x8, 0x0, 0x20, 0x1f, 0xfe, 0x88,
    0x8a, 0x22, 0x28, 0x88, 0xa2, 0x22, 0x88, 0x8a,
    0x22, 0x28, 0x88, 0xa2, 0x22, 0x0, 0x38,

    /* U+800D "耍" */
    0xff, 0xfc, 0x8, 0x7, 0xff, 0x92, 0x22, 0x48,
    0x89, 0x22, 0x24, 0x0, 0x90, 0xe, 0x4, 0x3,
    0xff, 0xf0, 0x84, 0x4, 0x10, 0x2f, 0x80, 0x1b,
    0x8f, 0x81, 0xc0,

    /* U+8010 "耐" */
    0xff, 0x8, 0x20, 0x10, 0x40, 0x20, 0x87, 0xf7,
    0xe0, 0x95, 0x41, 0x2a, 0xa2, 0x55, 0x24, 0xaa,
    0x49, 0x54, 0x12, 0xa8, 0x25, 0x50, 0x48, 0x20,
    0x80, 0x47, 0x0,

    /* U+8014 "耔" */
    0x10, 0x0, 0x47, 0xef, 0xe0, 0x84, 0x4, 0x10,
    0x23, 0xf8, 0x1, 0x4, 0x3f, 0xff, 0x10, 0x40,
    0xe1, 0x5, 0x44, 0x24, 0x10, 0x90, 0x40, 0x41,
    0x1, 0xc, 0x0,

    /* U+8017 "耗" */
    0x10, 0x0, 0x20, 0x23, 0xf1, 0x80, 0x8e, 0x1,
    0x4, 0xf, 0x89, 0x84, 0x7c, 0x8, 0x20, 0xfe,
    0x40, 0x60, 0x85, 0x63, 0xf6, 0xaa, 0x9, 0x4,
    0x22, 0x8, 0x44, 0x1f, 0x80,

    /* U+8033 "耳" */
    0xff, 0xfe, 0x20, 0x20, 0x40, 0x40, 0xff, 0x81,
    0x1, 0x2, 0x2, 0x4, 0x4, 0xf, 0xf8, 0x10,
    0x10, 0x20, 0x23, 0xff, 0xf8, 0x0, 0x80, 0x1,
    0x0,

    /* U+8036 "耶" */
    0xff, 0xfe, 0x44, 0x88, 0x89, 0x21, 0xf2, 0x42,
    0x25, 0x4, 0x49, 0xf, 0x91, 0x11, 0x21, 0x22,
    0x42, 0x46, 0x87, 0xf9, 0x70, 0x12, 0x0, 0x24,
    0x0,

    /* U+803B "耻" */
    0x7e, 0x10, 0x24, 0x10, 0x24, 0x10, 0x24, 0x90,
    0x3c, 0x90, 0x24, 0x90, 0x24, 0x9c, 0x3c, 0x90,
    0x24, 0x90, 0x24, 0x90, 0x24, 0x90, 0xfc, 0x90,
    0x4, 0x90, 0x7, 0xff,

    /* U+803D "耽" */
    0xfc, 0x40, 0x90, 0x81, 0x21, 0x2, 0x5f, 0xe7,
    0xa4, 0x49, 0x48, 0x92, 0x18, 0x3c, 0x30, 0x48,
    0x60, 0x91, 0x41, 0x22, 0x87, 0xc5, 0x10, 0x92,
    0x21, 0x47, 0xc0,

    /* U+804A "聊" */
    0xfc, 0xc1, 0x2c, 0x74, 0xc6, 0x53, 0x19, 0x7c,
    0x65, 0x31, 0x94, 0xc6, 0x5f, 0x19, 0x4c, 0x65,
    0x37, 0x95, 0xea, 0xfa, 0x28, 0x9, 0x20, 0x28,
    0x0,

    /* U+804B "聋" */
    0x2, 0x20, 0x8, 0x21, 0xff, 0xf8, 0x44, 0x40,
    0x89, 0x6, 0x1c, 0x73, 0xdf, 0x0, 0x0, 0xff,
    0xfe, 0x20, 0x20, 0x7f, 0xc0, 0x80, 0x81, 0xff,
    0x1f, 0xff, 0xc0, 0x4, 0x0,

    /* U+804C "职" */
    0x7e, 0x0, 0x24, 0xfe, 0x24, 0x82, 0x24, 0x82,
    0x3c, 0x82, 0x24, 0x82, 0x24, 0x82, 0x3c, 0xfe,
    0x24, 0x0, 0x24, 0x0, 0x24, 0x44, 0xfe, 0x44,
    0x4, 0x82, 0x5, 0x1,

    /* U+8054 "联" */
    0x0, 0xb, 0xf4, 0x24, 0x91, 0x12, 0x28, 0x4b,
    0xfd, 0xe1, 0x4, 0x84, 0x12, 0x10, 0x7b, 0xfd,
    0x21, 0x4, 0x8c, 0x12, 0x28, 0xf8, 0x90, 0x24,
    0x20, 0xa0, 0x40,

    /* U+805A "聚" */
    0xff, 0x0, 0x45, 0xf8, 0xf8, 0x11, 0x12, 0x43,
    0xe3, 0x4, 0x45, 0xb, 0x91, 0x3f, 0xfc, 0x1,
    0x4, 0x39, 0x31, 0x85, 0x80, 0x69, 0x87, 0x10,
    0xe0, 0x0, 0x0,

    /* U+806A "聪" */
    0x1, 0x9, 0xfa, 0x21, 0x22, 0x42, 0x41, 0x4,
    0xbf, 0xcf, 0x40, 0x92, 0x81, 0x25, 0x2, 0x79,
    0xf8, 0x90, 0x1, 0x21, 0x2, 0x69, 0x4f, 0xb0,
    0x41, 0x20, 0x42, 0x3c, 0x0,

    /* U+8083 "肃" */
    0x1, 0x0, 0x7f, 0xf0, 0x4, 0x27, 0xff, 0xf0,
    0x10, 0x80, 0x21, 0xf, 0xfe, 0x0, 0x80, 0x21,
    0x8, 0x42, 0x10, 0xa5, 0x21, 0x49, 0x44, 0x10,
    0x90, 0x21, 0x0,

    /* U+8086 "肆" */
    0x0, 0x20, 0x7c, 0x40, 0x87, 0xf1, 0x1, 0x23,
    0xff, 0xe4, 0x4, 0x8f, 0x89, 0x10, 0xfe, 0x20,
    0x20, 0xbb, 0xf8, 0x40, 0x81, 0x21, 0x2, 0x3f,
    0xef, 0xc4, 0x0, 0x8, 0x0,

    /* U+8089 "肉" */
    0x2, 0x0, 0x10, 0x3f, 0xff, 0x8, 0x18, 0x70,
    0xc4, 0x46, 0x49, 0xb0, 0x81, 0x86, 0xc, 0x4c,
    0x64, 0x13, 0x0, 0x18, 0x0, 0xc0, 0x3c,

    /* U+808C "肌" */
    0x3c, 0xf8, 0x24, 0x88, 0x24, 0x88, 0x24, 0x88,
    0x3c, 0x88, 0x24, 0x88, 0x24, 0x88, 0x24, 0x88,
    0x3c, 0x88, 0x24, 0x88, 0x64, 0x88, 0x45, 0x89,
    0x45, 0x9, 0x8d, 0xf,

    /* U+8096 "肖" */
    0x2, 0x0, 0x22, 0x42, 0x22, 0x24, 0x2, 0x7,
    0xfe, 0x40, 0x24, 0x2, 0x7f, 0xe4, 0x2, 0x40,
    0x27, 0xfe, 0x40, 0x24, 0x2, 0x40, 0xe0,

    /* U+809A "肚" */
    0x3c, 0x10, 0x24, 0x10, 0x24, 0x10, 0x24, 0x10,
    0x3c, 0x10, 0x25, 0xff, 0x24, 0x10, 0x24, 0x10,
    0x3c, 0x10, 0x24, 0x10, 0x64, 0x10, 0x44, 0x10,
    0x44, 0x10, 0x8d, 0xff,

    /* U+809D "肝" */
    0x3e, 0xff, 0x22, 0x10, 0x22, 0x10, 0x22, 0x10,
    0x3e, 0x10, 0x22, 0x10, 0x23, 0xff, 0x22, 0x10,
    0x3e, 0x10, 0x22, 0x10, 0x62, 0x10, 0x42, 0x10,
    0x42, 0x10, 0x8e, 0x10,

    /* U+80A0 "肠" */
    0x7b, 0xf9, 0x20, 0x84, 0x84, 0x12, 0x20, 0x7b,
    0x1, 0x27, 0xf4, 0x82, 0x52, 0x29, 0x79, 0x25,
    0x29, 0x14, 0x88, 0x62, 0x21, 0x89, 0xa, 0x68,
    0xe0,

    /* U+80A1 "股" */
    0x3c, 0xf8, 0x24, 0x88, 0x24, 0x88, 0x24, 0x88,
    0x3c, 0x88, 0x25, 0xe, 0x24, 0x0, 0x25, 0xf8,
    0x3d, 0x4, 0x24, 0x88, 0x64, 0x50, 0x44, 0x20,
    0x44, 0x58, 0x8d, 0x87,

    /* U+80A2 "肢" */
    0x0, 0x10, 0x3c, 0x10, 0x24, 0x10, 0x25, 0xff,
    0x24, 0x10, 0x3c, 0x10, 0x25, 0xff, 0x24, 0x2,
    0x24, 0x82, 0x3c, 0x84, 0x24, 0x48, 0x64, 0x50,
    0x44, 0x20, 0x44, 0x58, 0x8c, 0x86,

    /* U+80A4 "肤" */
    0x3e, 0x20, 0x22, 0x20, 0x22, 0x20, 0x22, 0xfc,
    0x3e, 0x20, 0x22, 0x20, 0x22, 0x20, 0x22, 0xfe,
    0x3e, 0x20, 0x22, 0x50, 0x62, 0x50, 0x42, 0x88,
    0x42, 0x84, 0x8f, 0x2,

    /* U+80A5 "肥" */
    0x79, 0xfc, 0x92, 0x49, 0x24, 0x92, 0x49, 0x27,
    0x92, 0x49, 0x24, 0x92, 0x7f, 0x24, 0x82, 0x79,
    0x0, 0x92, 0x3, 0x24, 0xc, 0x48, 0x18, 0x90,
    0x33, 0x3f, 0x80,

    /* U+80A9 "肩" */
    0x0, 0x0, 0x4, 0x3, 0xff, 0x88, 0x2, 0x20,
    0x8, 0xff, 0xe2, 0x0, 0xb, 0xff, 0x28, 0x4,
    0xbf, 0xf4, 0x80, 0x52, 0x1, 0xcf, 0xfe, 0x20,
    0x10, 0x83, 0xc0,

    /* U+80AE "肮" */
    0x0, 0x40, 0x3c, 0x40, 0x24, 0x20, 0x25, 0xff,
    0x24, 0x0, 0x3c, 0x0, 0x24, 0xf8, 0x24, 0x88,
    0x24, 0x88, 0x3c, 0x88, 0x24, 0x88, 0x65, 0x88,
    0x45, 0x9, 0x47, 0x9, 0x8c, 0xf,

    /* U+80AF "肯" */
    0x1, 0x0, 0x4, 0x1, 0x1f, 0x84, 0x40, 0x11,
    0x3, 0xff, 0xf0, 0x0, 0xf, 0xfc, 0x20, 0x10,
    0xff, 0xc2, 0x1, 0xf, 0xfc, 0x20, 0x10, 0x80,
    0x42, 0x7, 0x0,

    /* U+80B2 "育" */
    0x2, 0x0, 0x8, 0xf, 0xff, 0xc2, 0x10, 0x10,
    0x20, 0xff, 0xc0, 0x0, 0x8f, 0xfc, 0x20, 0x10,
    0xff, 0xc2, 0x1, 0xf, 0xfc, 0x20, 0x10, 0x80,
    0x42, 0xf, 0x0,

    /* U+80BA "肺" */
    0x3c, 0x20, 0x48, 0x40, 0x9f, 0xf9, 0x21, 0x3,
    0xc2, 0x4, 0xbf, 0xc9, 0x48, 0x92, 0x91, 0x3d,
    0x22, 0x4a, 0x45, 0x94, 0x8a, 0x29, 0x74, 0x42,
    0x1, 0x84, 0x0,

    /* U+80BF "肿" */
    0x3c, 0x20, 0x48, 0x40, 0x90, 0x81, 0x2f, 0xf3,
    0xd2, 0x24, 0xa4, 0x49, 0x48, 0x92, 0x91, 0x3d,
    0xfe, 0x4a, 0x45, 0x90, 0x82, 0x21, 0x4, 0x42,
    0x11, 0x84, 0x0,

    /* U+80C0 "胀" */
    0x3c, 0x80, 0x24, 0x84, 0x24, 0x88, 0x24, 0x88,
    0x3c, 0xb0, 0x24, 0x80, 0x27, 0xff, 0x24, 0xa0,
    0x3c, 0xa0, 0x24, 0x90, 0x64, 0x90, 0x44, 0x88,
    0x44, 0xb4, 0x8d, 0xc2,

    /* U+80C1 "胁" */
    0x0, 0x20, 0x78, 0x40, 0x90, 0x81, 0x2f, 0xc2,
    0x42, 0x87, 0x85, 0x9, 0xa, 0x12, 0x16, 0x25,
    0x2a, 0x7a, 0x94, 0x99, 0x29, 0x22, 0x44, 0x48,
    0x88, 0xa1, 0x23, 0x4e, 0x0,

    /* U+80C6 "胆" */
    0x3e, 0xfe, 0x22, 0x82, 0x22, 0x82, 0x22, 0x82,
    0x3e, 0x82, 0x22, 0xfe, 0x22, 0x82, 0x22, 0x82,
    0x3e, 0x82, 0x22, 0xfe, 0x62, 0x0, 0x42, 0x0,
    0x42, 0x0, 0x8f, 0xff,

    /* U+80CC "背" */
    0x4, 0x80, 0x9, 0x9, 0xf2, 0x60, 0x27, 0x0,
    0x48, 0x7, 0x90, 0x51, 0x1f, 0xf, 0xf8, 0x10,
    0x10, 0x3f, 0xe0, 0x40, 0x40, 0x80, 0x81, 0xff,
    0x2, 0x2, 0x4, 0x1c, 0x0,

    /* U+80CE "胎" */
    0x0, 0x0, 0x78, 0x40, 0x48, 0x40, 0x48, 0x80,
    0x49, 0x8, 0x79, 0x4, 0x4b, 0xfe, 0x48, 0x0,
    0x48, 0x0, 0x79, 0xfc, 0x49, 0x4, 0x49, 0x4,
    0x89, 0x4, 0x89, 0x4, 0x99, 0xfc,

    /* U+80D6 "胖" */
    0x3c, 0x22, 0x4a, 0x48, 0x94, 0x91, 0x29, 0x3,
    0xc2, 0x4, 0xff, 0xc9, 0x8, 0x12, 0x10, 0x24,
    0x20, 0x7f, 0xfd, 0x90, 0x82, 0x21, 0x4, 0x42,
    0x11, 0x84, 0x0,

    /* U+80DC "胜" */
    0x3c, 0x10, 0x24, 0x90, 0x24, 0x90, 0x24, 0xff,
    0x3d, 0x10, 0x25, 0x10, 0x24, 0x10, 0x24, 0x10,
    0x3c, 0xff, 0x24, 0x10, 0x64, 0x10, 0x44, 0x10,
    0x44, 0x10, 0x8d, 0xff,

    /* U+80E1 "胡" */
    0x10, 0xfc, 0x42, 0x11, 0x8, 0x5f, 0x21, 0x10,
    0xfc, 0x42, 0x11, 0x8, 0x5b, 0xa1, 0x42, 0xfd,
    0xa, 0x14, 0x28, 0x5f, 0xc1, 0x41, 0x4, 0x8,
    0x70,

    /* U+80F3 "胳" */
    0x0, 0x0, 0x3c, 0x40, 0x24, 0x7c, 0x24, 0xcc,
    0x25, 0x48, 0x3d, 0x30, 0x24, 0x30, 0x24, 0x48,
    0x24, 0x86, 0x3d, 0xfc, 0x24, 0x84, 0x64, 0x84,
    0x44, 0x84, 0x44, 0x84, 0x8c, 0xfc,

    /* U+80F6 "胶" */
    0x0, 0x20, 0x3c, 0x10, 0x24, 0x0, 0x25, 0xfe,
    0x24, 0x40, 0x3c, 0x84, 0x24, 0x82, 0x25, 0x2,
    0x24, 0x88, 0x3c, 0x90, 0x24, 0x50, 0x64, 0x20,
    0x44, 0x60, 0x44, 0x98, 0x8f, 0x4,

    /* U+80F8 "胸" */
    0x1, 0x1, 0xe8, 0x4, 0xa0, 0x12, 0xff, 0x4c,
    0x5, 0xf0, 0xb4, 0x94, 0xd3, 0x33, 0x4c, 0x4d,
    0xf3, 0x34, 0xd2, 0xf3, 0x3, 0x8b, 0xfe, 0x20,
    0x1b, 0x81, 0xc0,

    /* U+80FD "能" */
    0x20, 0x0, 0x49, 0x11, 0xa, 0xc7, 0xf4, 0x0,
    0x8, 0x2f, 0xd0, 0x50, 0x8f, 0x3f, 0x0, 0x42,
    0x84, 0x85, 0x71, 0xfa, 0x2, 0x14, 0x14, 0x28,
    0x29, 0xcf, 0xc0,

    /* U+8106 "脆" */
    0x3c, 0x80, 0x24, 0xf8, 0x25, 0x8, 0x25, 0x0,
    0x3d, 0xfe, 0x27, 0x0, 0x25, 0x7e, 0x25, 0x42,
    0x3d, 0x42, 0x25, 0x42, 0x65, 0x4e, 0x45, 0x40,
    0x46, 0x41, 0x8e, 0x7e,

    /* U+8109 "脉" */
    0x0, 0x0, 0xf1, 0xc1, 0x20, 0x42, 0x40, 0x4,
    0x8e, 0xf, 0x4, 0x12, 0x9, 0x25, 0xd2, 0x48,
    0xa8, 0xf2, 0x61, 0x24, 0xc6, 0x51, 0x48, 0xc2,
    0x51, 0x4, 0x26, 0x38, 0x0,

    /* U+810F "脏" */
    0x0, 0x0, 0xf0, 0x41, 0x20, 0x2, 0x5f, 0xf4,
    0xa1, 0xf, 0x42, 0x12, 0x84, 0x25, 0x8, 0x4a,
    0xfe, 0xf4, 0x21, 0x28, 0x42, 0x50, 0x88, 0xa1,
    0x11, 0x82, 0x27, 0x7f, 0x80,

    /* U+8111 "脑" */
    0x0, 0x0, 0xf0, 0x81, 0x20, 0x82, 0x5f, 0xf4,
    0x80, 0xf, 0x52, 0x12, 0xa5, 0x25, 0x32, 0x4a,
    0x24, 0xf4, 0xc9, 0x29, 0x52, 0x54, 0x68, 0xa0,
    0x51, 0x7f, 0xa6, 0x0, 0x0,

    /* U+8116 "脖" */
    0x0, 0x0, 0x78, 0x40, 0x97, 0xf9, 0x21, 0x2,
    0x40, 0x7, 0xbf, 0xc9, 0x80, 0x92, 0x7e, 0x24,
    0x8, 0x78, 0x20, 0x9f, 0xfb, 0x21, 0x4, 0x42,
    0x8, 0x84, 0x23, 0x18, 0x0,

    /* U+811A "脚" */
    0x79, 0x1d, 0x24, 0x54, 0x91, 0x52, 0xe5, 0x79,
    0x15, 0x24, 0x54, 0xfd, 0x52, 0x45, 0x7a, 0x15,
    0x29, 0x54, 0xc5, 0x63, 0x37, 0x8f, 0x12, 0x60,
    0x40,

    /* U+812F "脯" */
    0x3c, 0x14, 0x24, 0x12, 0x25, 0xff, 0x24, 0x10,
    0x3d, 0xfe, 0x25, 0x12, 0x25, 0x12, 0x25, 0xfe,
    0x3d, 0x12, 0x25, 0xfe, 0x65, 0x12, 0x45, 0x12,
    0x45, 0x12, 0x8d, 0x16,

    /* U+8131 "脱" */
    0x0, 0x0, 0x3c, 0x84, 0x24, 0x48, 0x24, 0x8,
    0x25, 0xf6, 0x3d, 0x2, 0x25, 0x2, 0x25, 0x2,
    0x25, 0xfe, 0x3c, 0x48, 0x64, 0x48, 0x64, 0x48,
    0x44, 0x89, 0x44, 0x89, 0x8d, 0xf,

    /* U+8138 "脸" */
    0x0, 0x0, 0x3c, 0x20, 0x24, 0x60, 0x24, 0x90,
    0x24, 0x88, 0x3d, 0xfc, 0x26, 0x3, 0x24, 0x2,
    0x25, 0x22, 0x3d, 0x24, 0x25, 0x4, 0x64, 0x88,
    0x44, 0x10, 0x47, 0xff, 0x8c, 0x0,

    /* U+813E "脾" */
    0x0, 0x20, 0x78, 0x80, 0x97, 0xf9, 0x29, 0x12,
    0x52, 0x27, 0xbf, 0xc9, 0x48, 0x92, 0x91, 0x24,
    0xdc, 0x78, 0x80, 0x96, 0x43, 0x3f, 0xf4, 0x41,
    0x8, 0x82, 0x23, 0x0, 0x0,

    /* U+8150 "腐" */
    0x0, 0x80, 0x7f, 0xfc, 0x88, 0x21, 0x2f, 0xf3,
    0xc0, 0x84, 0x91, 0x9, 0xe, 0x12, 0x0, 0x2f,
    0xfc, 0x51, 0xc9, 0xac, 0x72, 0x49, 0x24, 0x81,
    0x51, 0x3, 0x80,

    /* U+8154 "腔" */
    0x0, 0x0, 0x3c, 0x10, 0x27, 0xff, 0x26, 0x1,
    0x26, 0x21, 0x3c, 0x44, 0x24, 0x82, 0x25, 0x0,
    0x24, 0x0, 0x3c, 0xfe, 0x24, 0x10, 0x64, 0x10,
    0x44, 0x10, 0x44, 0x10, 0x8f, 0xff,

    /* U+8155 "腕" */
    0x0, 0x0, 0x3c, 0x20, 0x25, 0xff, 0x25, 0x1,
    0x25, 0x1, 0x3c, 0xfe, 0x24, 0x92, 0x25, 0x32,
    0x26, 0xb2, 0x3c, 0x52, 0x24, 0x56, 0x64, 0x50,
    0x44, 0x91, 0x45, 0x11, 0x9c, 0x1f,

    /* U+8165 "腥" */
    0x7b, 0xfd, 0x28, 0x14, 0xa0, 0x52, 0xff, 0x7a,
    0x5, 0x2f, 0xf4, 0x94, 0x12, 0x90, 0x7d, 0xf9,
    0x21, 0xc, 0xbf, 0xa2, 0x10, 0x88, 0x42, 0x7f,
    0xf0,

    /* U+816E "腮" */
    0x3d, 0xfe, 0x25, 0x22, 0x25, 0x22, 0x25, 0xfe,
    0x3d, 0x22, 0x25, 0x22, 0x25, 0xfe, 0x24, 0x0,
    0x3c, 0x0, 0x25, 0x50, 0x65, 0x42, 0x46, 0x42,
    0x46, 0x44, 0x8c, 0x7c,

    /* U+8170 "腰" */
    0x3c, 0x0, 0x25, 0xfe, 0x25, 0xfe, 0x25, 0x4a,
    0x3d, 0x4a, 0x25, 0x4a, 0x25, 0xfe, 0x24, 0x0,
    0x3f, 0xff, 0x24, 0x88, 0x64, 0x88, 0x44, 0x70,
    0x44, 0x6c, 0x9f, 0x83,

    /* U+8179 "腹" */
    0x0, 0x40, 0x3c, 0x40, 0x24, 0xff, 0x24, 0x80,
    0x25, 0xfe, 0x3c, 0x82, 0x24, 0xfe, 0x24, 0x82,
    0x24, 0xfe, 0x3c, 0x40, 0x24, 0x7e, 0x64, 0xc4,
    0x45, 0x38, 0x44, 0x6c, 0x8c, 0x82,

    /* U+817B "腻" */
    0x78, 0x10, 0x90, 0x21, 0x2f, 0xf2, 0x5e, 0x87,
    0x81, 0x9, 0xfa, 0x12, 0x4, 0x27, 0xe8, 0x7c,
    0xd0, 0x99, 0xa1, 0x33, 0x24, 0x64, 0x58, 0x94,
    0xb7, 0xc4, 0xc0,

    /* U+817E "腾" */
    0x0, 0x0, 0xf2, 0x91, 0x25, 0x2, 0x5f, 0xe4,
    0x88, 0xf, 0x7f, 0xd2, 0x44, 0x25, 0xfe, 0x4d,
    0x10, 0xf2, 0x21, 0x27, 0xf6, 0x40, 0x28, 0xbf,
    0x51, 0x1, 0x26, 0xe, 0x0,

    /* U+817F "腿" */
    0x78, 0xfc, 0x99, 0x9, 0x2a, 0x12, 0x57, 0xe7,
    0x88, 0x49, 0xdf, 0x92, 0xa0, 0x25, 0x42, 0x7a,
    0x98, 0x95, 0x9, 0x2b, 0x84, 0x58, 0x8, 0xd8,
    0x13, 0xf, 0xc0,

    /* U+8180 "膀" */
    0x0, 0x20, 0x3c, 0x20, 0x27, 0xfe, 0x24, 0x84,
    0x24, 0x8, 0x3f, 0xff, 0x26, 0x1, 0x26, 0x21,
    0x27, 0xfe, 0x3c, 0x80, 0x24, 0x7c, 0x64, 0x84,
    0x44, 0x84, 0x45, 0x4, 0x8e, 0x1c,

    /* U+818A "膊" */
    0x0, 0x20, 0x3c, 0x24, 0x27, 0xfe, 0x24, 0x20,
    0x25, 0xfc, 0x3d, 0x24, 0x25, 0xfc, 0x25, 0x24,
    0x25, 0xfc, 0x3d, 0x28, 0x27, 0xff, 0x24, 0x8,
    0x44, 0x8, 0x44, 0x8, 0x8c, 0x38,

    /* U+819B "膛" */
    0x0, 0x20, 0xf4, 0x49, 0x24, 0xa2, 0x45, 0x4,
    0xbf, 0xef, 0x80, 0x52, 0x7e, 0xa4, 0x84, 0x49,
    0x8, 0xf3, 0xf1, 0x20, 0x86, 0x5f, 0xe8, 0x82,
    0x11, 0x4, 0x27, 0xff, 0x80,

    /* U+819C "膜" */
    0x0, 0x8, 0x3c, 0x88, 0x25, 0xff, 0x24, 0x8,
    0x24, 0x0, 0x3d, 0xfc, 0x25, 0xfc, 0x25, 0x4,
    0x25, 0x4, 0x3d, 0xfc, 0x24, 0x20, 0x65, 0xff,
    0x44, 0x50, 0x44, 0x48, 0x8d, 0x86,

    /* U+819D "膝" */
    0x0, 0x20, 0x3c, 0x20, 0x27, 0xfe, 0x24, 0x70,
    0x24, 0xa8, 0x3d, 0x26, 0x24, 0x20, 0x24, 0x50,
    0x24, 0x88, 0x3d, 0x26, 0x26, 0x24, 0x64, 0xb0,
    0x44, 0xac, 0x45, 0x22, 0x8c, 0xe0,

    /* U+81A8 "膨" */
    0x0, 0x80, 0xf1, 0x5, 0x3f, 0xd2, 0x44, 0x44,
    0xbe, 0x8f, 0x0, 0x52, 0xf8, 0xa6, 0x12, 0x4c,
    0x28, 0xf7, 0xe1, 0x28, 0x2, 0x42, 0x18, 0x85,
    0x51, 0xf5, 0x2e, 0x4, 0x0,

    /* U+81C0 "臀" */
    0x7e, 0xf0, 0x81, 0x21, 0xfa, 0x3a, 0x20, 0x7,
    0xcf, 0x9f, 0xea, 0x20, 0xc, 0x1, 0x66, 0x3f,
    0xf0, 0x40, 0x20, 0xbf, 0xc1, 0xff, 0x82, 0x1,
    0x4, 0xe, 0x0,

    /* U+81C2 "臂" */
    0x0, 0x21, 0xff, 0xf7, 0xe8, 0x10, 0xff, 0x7e,
    0x23, 0xf, 0xfc, 0x22, 0xf, 0xfc, 0x20, 0x10,
    0xff, 0xc2, 0x1, 0xf, 0xfc, 0x20, 0x10, 0x81,
    0xc0,

    /* U+81EA "自" */
    0x0, 0x1, 0x3, 0xff, 0xc0, 0x18, 0x3, 0xff,
    0xe0, 0xc, 0x1, 0x80, 0x3f, 0xfe, 0x0, 0xc0,
    0x1f, 0xff, 0x0, 0x40,

    /* U+81ED "臭" */
    0x2, 0x0, 0xff, 0xc4, 0x1, 0xf, 0xfc, 0x40,
    0x10, 0xff, 0xc4, 0x1, 0xf, 0xfc, 0x0, 0x40,
    0x8, 0xcf, 0xff, 0xc1, 0x40, 0x8, 0x80, 0xc1,
    0x84, 0x1, 0xc0,

    /* U+81F3 "至" */
    0xff, 0xf8, 0x20, 0x0, 0x84, 0x4, 0x8, 0x20,
    0x10, 0xff, 0xe0, 0x20, 0x0, 0x80, 0x7f, 0xf8,
    0x8, 0x0, 0x20, 0x0, 0x80, 0x2, 0x3, 0xff,
    0xf0,

    /* U+81F4 "致" */
    0x0, 0x3, 0xfa, 0x2, 0x8, 0x10, 0x3f, 0x85,
    0xa, 0x36, 0x27, 0x29, 0x4, 0xa4, 0x10, 0xd3,
    0xf9, 0x41, 0x6, 0x4, 0x8, 0x10, 0x50, 0xf2,
    0x2c, 0x30, 0x40,

    /* U+820C "舌" */
    0x0, 0x10, 0x7, 0xc0, 0xf4, 0x0, 0x8, 0x0,
    0x10, 0x1f, 0xff, 0xc0, 0x40, 0x0, 0x80, 0x1,
    0x0, 0x7f, 0xe0, 0x80, 0x41, 0x0, 0x82, 0x1,
    0x4, 0x2, 0xf, 0xfc, 0x0,

    /* U+820D "舍" */
    0x1, 0x0, 0x5, 0x0, 0x11, 0x0, 0xc1, 0x3,
    0xff, 0x98, 0x20, 0xdf, 0xff, 0x0, 0x80, 0x1,
    0x0, 0x3f, 0xf0, 0x40, 0x20, 0x80, 0x41, 0xff,
    0x82, 0x1, 0x0,

    /* U+8212 "舒" */
    0x8, 0x0, 0x10, 0xf8, 0x50, 0x11, 0x10, 0x44,
    0x3, 0x7, 0xc2, 0x2, 0x2, 0x3f, 0xbf, 0x8,
    0x14, 0x7c, 0x20, 0x88, 0x41, 0x10, 0x82, 0x21,
    0x7, 0xc2, 0x8, 0x8c, 0x0,

    /* U+821E "舞" */
    0x10, 0x0, 0x80, 0x3, 0xff, 0xb9, 0x24, 0x24,
    0x93, 0xff, 0xf2, 0x49, 0x3f, 0xff, 0x20, 0x20,
    0xff, 0xfc, 0x42, 0xa, 0x88, 0x13, 0xfc, 0x80,
    0x8c, 0x2, 0x0,

    /* U+821F "舟" */
    0x1, 0x0, 0x4, 0x0, 0x7f, 0xc0, 0x80, 0x81,
    0x21, 0x2, 0x22, 0x4, 0x24, 0x8, 0x8, 0xff,
    0xfe, 0x20, 0x20, 0x48, 0x41, 0x8, 0x82, 0x1,
    0x8, 0x2, 0x20, 0x3c, 0x0,

    /* U+822A "航" */
    0x10, 0x40, 0x0, 0x81, 0xf0, 0x2, 0x2f, 0xe4,
    0x40, 0xa, 0x80, 0x15, 0x3c, 0x22, 0x48, 0xfc,
    0x90, 0x89, 0x21, 0x52, 0x42, 0x24, 0x8c, 0x49,
    0x30, 0xa2, 0x67, 0x47, 0x80,

    /* U+822C "般" */
    0x8, 0x0, 0x10, 0xf0, 0xf9, 0x21, 0x12, 0x42,
    0x28, 0x85, 0x50, 0xc8, 0x80, 0x7f, 0x7e, 0x22,
    0x4, 0x55, 0x8, 0x89, 0x23, 0x11, 0xc4, 0x21,
    0x8, 0x45, 0x23, 0xb1, 0x80,

    /* U+8230 "舰" */
    0x0, 0x0, 0x21, 0xf8, 0xf2, 0x11, 0x24, 0x23,
    0x4a, 0x46, 0x94, 0x89, 0x29, 0x12, 0x52, 0xfc,
    0xa4, 0x69, 0x48, 0xd0, 0xc1, 0x62, 0x86, 0x45,
    0x28, 0x92, 0x53, 0x47, 0x80,

    /* U+8231 "舱" */
    0x10, 0x20, 0x40, 0xc1, 0xf1, 0x42, 0x24, 0x84,
    0x48, 0x8a, 0xa0, 0x91, 0xbe, 0xa2, 0x44, 0xfc,
    0x88, 0x89, 0x11, 0x52, 0xe2, 0x24, 0xc, 0x48,
    0x30, 0x90, 0x67, 0x3f, 0x0,

    /* U+8235 "舵" */
    0x10, 0x20, 0x0, 0x7, 0xdf, 0xd1, 0x81, 0x54,
    0x5, 0x52, 0x4, 0x48, 0xbf, 0x24, 0x44, 0xe1,
    0x52, 0x4, 0x48, 0x31, 0x21, 0x84, 0x86, 0x73,
    0xf0,

    /* U+8239 "船" */
    0x10, 0x0, 0x41, 0xf1, 0xf2, 0x22, 0x24, 0x45,
    0x48, 0x88, 0x91, 0x11, 0x43, 0xfe, 0x0, 0x44,
    0xf8, 0xa9, 0x11, 0x52, 0x22, 0x24, 0x4c, 0x48,
    0x90, 0x91, 0x23, 0x3e, 0x0,

    /* U+8247 "艇" */
    0x0, 0xc, 0xf0, 0x61, 0x24, 0x42, 0x48, 0x84,
    0xa1, 0x9, 0x77, 0x3e, 0x24, 0x25, 0x48, 0x4a,
    0x90, 0xd3, 0x21, 0x25, 0xfa, 0x48, 0x8, 0xac,
    0x13, 0x87, 0xc0,

    /* U+8258 "艘" */
    0x0, 0x0, 0x41, 0x80, 0xd, 0x73, 0xd2, 0x24,
    0xb5, 0xcd, 0x48, 0x92, 0x91, 0x25, 0xfe, 0x78,
    0x40, 0x9f, 0xf9, 0xa0, 0x32, 0xc8, 0xc4, 0x8f,
    0x11, 0x1e, 0x27, 0xc2, 0x80,

    /* U+826F "良" */
    0x4, 0x0, 0x20, 0x1f, 0xf8, 0x80, 0x44, 0x2,
    0x3f, 0xf1, 0x0, 0x88, 0x4, 0x7f, 0xe2, 0x20,
    0x11, 0x8, 0x85, 0x84, 0x10, 0x22, 0x61, 0xe0,
    0xe0,

    /* U+8270 "艰" */
    0x3, 0xfc, 0x4, 0x9, 0xf8, 0x10, 0x3f, 0xe4,
    0xa0, 0x45, 0x40, 0x8c, 0xff, 0x9, 0x0, 0x32,
    0x42, 0x54, 0x99, 0x28, 0xc6, 0x30, 0x88, 0x24,
    0x80, 0x70, 0x80,

    /* U+8272 "色" */
    0x0, 0x0, 0x10, 0x0, 0x3f, 0x0, 0x84, 0x2,
    0x8, 0xf, 0xff, 0x28, 0x42, 0x10, 0x84, 0x21,
    0x8, 0x7f, 0xf0, 0x80, 0x21, 0x0, 0x2, 0x0,
    0x24, 0x0, 0x4f, 0xff, 0x0,

    /* U+8273 "艳" */
    0x10, 0x0, 0x21, 0x0, 0x43, 0xe7, 0xe8, 0x81,
    0x21, 0x2, 0x3d, 0x9f, 0x49, 0x8, 0x92, 0x11,
    0x24, 0x23, 0xfb, 0xfc, 0x0, 0x88, 0x1, 0x10,
    0x2, 0x20, 0x44, 0x7f, 0x80,

    /* U+827A "艺" */
    0x8, 0x0, 0x21, 0xf, 0xff, 0xc2, 0x10, 0x8,
    0x0, 0x0, 0x3, 0xfe, 0x0, 0x10, 0x1, 0x80,
    0x8, 0x0, 0xc0, 0x4, 0x0, 0x20, 0x4, 0x80,
    0x11, 0xff, 0xc0,

    /* U+827E "艾" */
    0x8, 0x40, 0x21, 0xf, 0xff, 0xc2, 0x10, 0x8,
    0x40, 0x0, 0x0, 0x2, 0x4, 0x8, 0x10, 0x40,
    0x21, 0x0, 0x48, 0x0, 0xc0, 0x3, 0x0, 0x33,
    0x5, 0x3, 0x80,

    /* U+8282 "节" */
    0x8, 0x40, 0x21, 0xf, 0xff, 0xc2, 0x10, 0x8,
    0x40, 0x0, 0x7, 0xff, 0x81, 0x2, 0x4, 0x8,
    0x10, 0x20, 0x40, 0x81, 0x2, 0x4, 0xf8, 0x10,
    0x0, 0x0, 0x0,

    /* U+8292 "芒" */
    0x8, 0x40, 0x21, 0xf, 0xff, 0xc2, 0x10, 0x8,
    0x40, 0x8, 0x0, 0x10, 0x3f, 0xff, 0x20, 0x0,
    0x80, 0x2, 0x0, 0x8, 0x0, 0x20, 0x0, 0xff,
    0xe0,

    /* U+8293 "芓" */
    0x0, 0x0, 0x42, 0xf, 0xff, 0xc4, 0x20, 0x0,
    0x0, 0xff, 0x80, 0x4, 0x0, 0x60, 0x2, 0x3,
    0xff, 0xf0, 0x20, 0x0, 0x80, 0x2, 0x0, 0x8,
    0x0, 0xe0, 0x0,

    /* U+82A6 "芦" */
    0x8, 0x40, 0x21, 0xf, 0xff, 0xc2, 0x10, 0xa,
    0x40, 0xff, 0xe2, 0x0, 0x88, 0x2, 0x3f, 0xf8,
    0x80, 0x22, 0x0, 0x18, 0x0, 0x40, 0x1, 0x0,
    0x8, 0x0, 0x0,

    /* U+82AC "芬" */
    0x8, 0x40, 0x21, 0xf, 0xff, 0xc2, 0x10, 0x0,
    0x0, 0x22, 0x0, 0x84, 0x4, 0xc, 0x60, 0x8,
    0xff, 0x90, 0x42, 0x1, 0x8, 0x8, 0x20, 0x40,
    0x86, 0x1c, 0x0,

    /* U+82AD "芭" */
    0x8, 0x20, 0x10, 0x43, 0xff, 0xf8, 0x41, 0x0,
    0x82, 0x7, 0xff, 0x88, 0x41, 0x10, 0x82, 0x21,
    0x4, 0x7f, 0xf8, 0x80, 0x11, 0x0, 0x2, 0x0,
    0x24, 0x0, 0x4f, 0xff, 0x80,

    /* U+82B1 "花" */
    0x8, 0x40, 0x21, 0xf, 0xff, 0xc2, 0x10, 0x8,
    0x40, 0x24, 0x1, 0x10, 0x8, 0x44, 0x61, 0x62,
    0x86, 0x2, 0x70, 0x8, 0x40, 0x21, 0x4, 0x84,
    0x12, 0x1f, 0xc0,

    /* U+82CD "苍" */
    0x8, 0x40, 0x21, 0xf, 0xff, 0xc2, 0x10, 0xa,
    0x40, 0x14, 0x0, 0x8c, 0xc, 0xc, 0xdf, 0xcc,
    0x41, 0x1, 0x4, 0x4, 0x70, 0x10, 0x10, 0x40,
    0x41, 0xff, 0x0,

    /* U+82CF "苏" */
    0x8, 0x20, 0x10, 0x43, 0xff, 0xf8, 0x41, 0x0,
    0xa2, 0x0, 0x40, 0x1f, 0xf8, 0x1, 0x10, 0x6,
    0x20, 0x48, 0x51, 0x10, 0x92, 0x41, 0x10, 0x82,
    0x2, 0x4, 0x18, 0x30, 0x0,

    /* U+82D4 "苔" */
    0x8, 0x40, 0x21, 0xf, 0xff, 0xc2, 0x10, 0x8,
    0x40, 0x31, 0x1, 0x2, 0x1f, 0xfc, 0x40, 0x8,
    0x0, 0x3, 0xff, 0x8, 0x4, 0x20, 0x10, 0xff,
    0xc2, 0x1, 0x0,

    /* U+82D7 "苗" */
    0x8, 0x20, 0x10, 0x43, 0xff, 0xf8, 0x41, 0x0,
    0x82, 0x7, 0xff, 0x8, 0x42, 0x10, 0x84, 0x21,
    0x8, 0x7f, 0xf0, 0x84, 0x21, 0x8, 0x42, 0x10,
    0x87, 0xff, 0x0,

    /* U+82DF "苟" */
    0x8, 0x0, 0x21, 0xf, 0xff, 0xc2, 0x10, 0x8,
    0x0, 0xff, 0xe2, 0x0, 0x90, 0x2, 0xbf, 0x88,
    0x82, 0x22, 0x8, 0x88, 0x22, 0x3f, 0x88, 0x80,
    0x60, 0xf, 0x0,

    /* U+82E5 "若" */
    0x0, 0x0, 0x41, 0xf, 0xff, 0xc4, 0x10, 0x0,
    0x0, 0x10, 0xf, 0xff, 0xc2, 0x0, 0x8, 0x0,
    0x7f, 0xe3, 0x0, 0x94, 0x2, 0x90, 0x8, 0x40,
    0x21, 0xff, 0x80,

    /* U+82E6 "苦" */
    0x8, 0x40, 0x21, 0xf, 0xff, 0xc2, 0x10, 0x9,
    0x40, 0x4, 0xf, 0xff, 0xc0, 0x40, 0x1, 0x0,
    0xff, 0xc2, 0x1, 0x8, 0x4, 0x20, 0x10, 0xff,
    0xc2, 0x1, 0x0,

    /* U+82F1 "英" */
    0x8, 0x20, 0x10, 0x43, 0xff, 0xf8, 0x41, 0x0,
    0x92, 0x0, 0x20, 0xf, 0xfe, 0x10, 0x84, 0x21,
    0x9, 0xff, 0xf8, 0xa, 0x0, 0x14, 0x0, 0x44,
    0x1, 0x4, 0x1c, 0x7, 0x0,

    /* U+82F9 "苹" */
    0x8, 0x20, 0x10, 0x43, 0xff, 0xf8, 0x41, 0x0,
    0x82, 0xf, 0xff, 0x80, 0x40, 0x10, 0x8c, 0x11,
    0x10, 0x2, 0x43, 0xff, 0xf8, 0x8, 0x0, 0x10,
    0x0, 0x20, 0x0, 0x40, 0x0,

    /* U+8303 "范" */
    0x8, 0x20, 0x10, 0x43, 0xff, 0xf8, 0x41, 0x0,
    0x82, 0x4, 0x7f, 0x5, 0x2, 0x2, 0x4, 0x84,
    0x8, 0x88, 0x10, 0x10, 0xe0, 0x20, 0x1, 0x40,
    0x4, 0x80, 0x70, 0xff, 0x80,

    /* U+8309 "茉" */
    0x8, 0x20, 0x10, 0x43, 0xff, 0xf8, 0x49, 0x0,
    0x92, 0x1f, 0xff, 0xc0, 0x40, 0x0, 0x80, 0x7f,
    0xfc, 0x7, 0x0, 0x15, 0x0, 0x49, 0x3, 0x11,
    0x88, 0x20, 0xc0, 0x40, 0x0,

    /* U+8328 "茨" */
    0x8, 0x20, 0x10, 0x43, 0xff, 0xf8, 0x41, 0x0,
    0x82, 0x0, 0x40, 0x10, 0xff, 0x92, 0x2, 0x4,
    0x48, 0x11, 0x10, 0x3, 0x1, 0x6, 0x4, 0x12,
    0x8, 0x42, 0x21, 0x2, 0x4, 0x2,

    /* U+832B "茫" */
    0x8, 0x20, 0x10, 0x43, 0xff, 0xf8, 0x41, 0x0,
    0x82, 0x4, 0xc, 0x0, 0x0, 0x7, 0xff, 0x2,
    0x0, 0xc4, 0x0, 0x8, 0x0, 0x10, 0x3, 0x20,
    0x4, 0x40, 0x10, 0xff, 0x0, 0x0,

    /* U+832C "茬" */
    0x0, 0x40, 0x41, 0xf, 0xff, 0xc4, 0x10, 0x8,
    0x43, 0xff, 0xf1, 0x0, 0x4, 0x20, 0x20, 0x81,
    0x9f, 0xea, 0x8, 0x8, 0x20, 0x20, 0x80, 0x82,
    0x2, 0xff, 0xc0,

    /* U+8336 "茶" */
    0x8, 0x20, 0x10, 0x43, 0xff, 0xf8, 0x41, 0x0,
    0x92, 0x0, 0x50, 0x1, 0x18, 0xc, 0x8c, 0x41,
    0x6, 0x7f, 0xf0, 0x4, 0x80, 0x88, 0x82, 0x10,
    0x88, 0x20, 0x81, 0xc0, 0x0,

    /* U+8349 "草" */
    0x8, 0x41, 0xff, 0xf8, 0x21, 0x1, 0xff, 0x82,
    0x1, 0x7, 0xfe, 0x8, 0x4, 0x10, 0x8, 0x3f,
    0xf0, 0x2, 0x3, 0xff, 0xf8, 0x8, 0x0, 0x10,
    0x0, 0x20, 0x0,

    /* U+8350 "荐" */
    0x0, 0x0, 0x41, 0xf, 0xff, 0xc5, 0x10, 0x8,
    0x3, 0xff, 0xf1, 0x0, 0x9, 0xfe, 0x20, 0x21,
    0x82, 0xa, 0xff, 0xc8, 0x20, 0x20, 0x80, 0x82,
    0x2, 0x18, 0x0,

    /* U+8352 "荒" */
    0x0, 0x20, 0x10, 0x41, 0xff, 0xf8, 0x41, 0x0,
    0x12, 0xf, 0xff, 0xc4, 0x0, 0x8, 0x0, 0x1f,
    0xfc, 0x0, 0x0, 0x44, 0x40, 0x88, 0x81, 0x11,
    0x4, 0x22, 0x50, 0x47, 0x80,

    /* U+8354 "荔" */
    0x10, 0x43, 0xff, 0xf1, 0x24, 0x1f, 0xfc, 0x4,
    0x10, 0x10, 0x41, 0x87, 0x8, 0x0, 0x20, 0x43,
    0xf7, 0xe2, 0x44, 0x89, 0x12, 0x44, 0x8a, 0x74,
    0xe0,

    /* U+8361 "荡" */
    0x8, 0x43, 0xff, 0xf0, 0x84, 0x11, 0xfc, 0x30,
    0x40, 0x6, 0x4, 0xff, 0xc8, 0x41, 0x2, 0x24,
    0x11, 0x12, 0x44, 0x52, 0x21, 0x41, 0xe, 0x8,
    0xe0,

    /* U+8363 "荣" */
    0x4, 0x20, 0x7f, 0xfe, 0x4, 0x20, 0x4, 0x20,
    0x7f, 0xfc, 0x41, 0x4, 0x41, 0x4, 0xff, 0xfe,
    0x3, 0x80, 0x5, 0x40, 0x9, 0x20, 0x11, 0x18,
    0x61, 0x4, 0x81, 0x2,

    /* U+836B "荫" */
    0x8, 0x21, 0xff, 0xfc, 0x20, 0x83, 0xe7, 0xe4,
    0x88, 0x49, 0x10, 0x94, 0x3f, 0x28, 0x42, 0x48,
    0x84, 0x89, 0xf9, 0x16, 0x12, 0xc8, 0x24, 0x10,
    0x48, 0x43, 0x80,

    /* U+836F "药" */
    0x8, 0x40, 0x21, 0xf, 0xff, 0xc2, 0x10, 0x10,
    0x80, 0x84, 0x2, 0xf, 0xd1, 0x41, 0xfa, 0x4,
    0x42, 0x12, 0x4, 0x76, 0x1, 0x0, 0x7, 0xe0,
    0x30, 0x7, 0x80,

    /* U+8377 "荷" */
    0x4, 0x20, 0x4, 0x20, 0x7f, 0xfe, 0x4, 0x20,
    0x4, 0x20, 0xb, 0xff, 0x10, 0x4, 0x13, 0xe4,
    0x72, 0x24, 0x12, 0x24, 0x12, 0x24, 0x13, 0xe4,
    0x12, 0x4, 0x10, 0x4, 0x10, 0x3c,

    /* U+8389 "莉" */
    0x8, 0x43, 0xff, 0xf0, 0x84, 0x2, 0x50, 0x7e,
    0x44, 0x21, 0x10, 0x84, 0x5f, 0x91, 0x1c, 0x44,
    0xa9, 0x14, 0x94, 0x62, 0x1, 0x8, 0x4, 0x20,
    0xf0,

    /* U+838E "莎" */
    0x8, 0x20, 0x20, 0x8f, 0xff, 0xc2, 0x8, 0x0,
    0x1, 0x1, 0x3, 0x4, 0x0, 0x92, 0x44, 0x48,
    0x91, 0x30, 0x5, 0x8, 0x8, 0x20, 0x41, 0x2,
    0x8, 0xf0, 0x0,

    /* U+83AB "莫" */
    0x0, 0x43, 0xff, 0xf1, 0x4, 0xf, 0xfc, 0x40,
    0x10, 0xff, 0xc4, 0x1, 0x10, 0x4, 0x3f, 0xf0,
    0x8, 0xf, 0xff, 0xc1, 0x40, 0x8, 0x83, 0xc1,
    0xc0, 0x0, 0x80,

    /* U+83B1 "莱" */
    0x8, 0x21, 0xff, 0xfc, 0x24, 0x80, 0x49, 0x7,
    0xff, 0xc0, 0x20, 0x4, 0x44, 0x4, 0x90, 0xff,
    0xfe, 0x7, 0x0, 0x15, 0x0, 0x49, 0x3, 0x11,
    0x98, 0x20, 0xc0,

    /* U+83B2 "莲" */
    0x8, 0x43, 0xff, 0xf0, 0x84, 0x0, 0x40, 0x4f,
    0xfc, 0x9, 0x0, 0x44, 0x39, 0xff, 0x20, 0x40,
    0x81, 0x2, 0x7f, 0x98, 0x10, 0x98, 0x42, 0x1f,
    0xf0,

    /* U+83B7 "获" */
    0x8, 0x43, 0xff, 0xf0, 0x84, 0x2, 0x10, 0x48,
    0xa0, 0xc2, 0x46, 0x8, 0x25, 0xff, 0x10, 0xc0,
    0xc5, 0x5, 0x12, 0x24, 0x88, 0x12, 0x10, 0xb0,
    0x30,

    /* U+83B9 "莹" */
    0x8, 0x40, 0x21, 0xf, 0xff, 0xc2, 0x10, 0x0,
    0x3, 0xff, 0xf8, 0x0, 0x7f, 0xfd, 0x2, 0x0,
    0x8, 0x7, 0xff, 0x0, 0x80, 0x2, 0x20, 0x8,
    0x4f, 0xff, 0xc0,

    /* U+83BD "莽" */
    0x0, 0x43, 0xff, 0xf1, 0x4, 0x0, 0x90, 0xff,
    0xfc, 0x12, 0x0, 0x86, 0x4, 0x17, 0x70, 0x43,
    0xff, 0xf1, 0x4, 0x4, 0x10, 0x20, 0x41, 0x1,
    0x0,

    /* U+83C7 "菇" */
    0x0, 0x40, 0x21, 0xf, 0xff, 0xc2, 0x10, 0x0,
    0x40, 0x0, 0x82, 0x2, 0x3f, 0xff, 0x44, 0x21,
    0x10, 0x84, 0x9f, 0xce, 0x41, 0x19, 0x4, 0x97,
    0xfc, 0x10, 0x40,

    /* U+83DC "菜" */
    0x8, 0x41, 0xff, 0xf8, 0x21, 0x0, 0x40, 0x87,
    0xfe, 0x0, 0x41, 0x8, 0x44, 0x0, 0x10, 0x1,
    0x1, 0xff, 0xfc, 0x16, 0x0, 0x4b, 0x1, 0x11,
    0x9c, 0x20, 0xc0,

    /* U+83F2 "菲" */
    0x8, 0x21, 0xff, 0xf8, 0x20, 0x80, 0x22, 0xf,
    0xc7, 0xe0, 0x88, 0x1, 0x10, 0x3e, 0x3f, 0x4,
    0x40, 0x8, 0x83, 0xf1, 0xf8, 0x22, 0x0, 0x44,
    0x0, 0x88, 0x0,

    /* U+8404 "萄" */
    0x8, 0x40, 0x21, 0xf, 0xff, 0xc2, 0x10, 0x20,
    0x0, 0xff, 0xe5, 0x0, 0xa7, 0xfa, 0x22, 0x8,
    0x8, 0x27, 0xfe, 0x88, 0x92, 0x22, 0x48, 0xff,
    0x20, 0x3, 0x80,

    /* U+840C "萌" */
    0x8, 0x20, 0x20, 0x8f, 0xff, 0xc2, 0x8, 0x8,
    0x21, 0xe3, 0x74, 0x88, 0x52, 0x21, 0x78, 0xfd,
    0x22, 0x14, 0x88, 0x5e, 0x7f, 0x41, 0x4, 0x8,
    0x10, 0x41, 0xc0,

    /* U+840E "萎" */
    0x0, 0x43, 0xff, 0xf0, 0x4, 0x1f, 0xf8, 0x2,
    0x3, 0xff, 0xf0, 0x68, 0x6, 0x98, 0xe4, 0x1f,
    0xff, 0xf1, 0x2, 0x3, 0xb0, 0x3, 0x63, 0xf0,
    0x70,

    /* U+841D "萝" */
    0x8, 0x20, 0x20, 0x8f, 0xff, 0xc2, 0x8, 0x7f,
    0xfd, 0x11, 0x14, 0x44, 0x5f, 0xff, 0x0, 0x0,
    0x1f, 0xe1, 0x81, 0x9, 0x8, 0x2, 0x40, 0x6,
    0x3, 0xe0, 0x0,

    /* U+8425 "营" */
    0x8, 0x20, 0x10, 0x43, 0xff, 0xf8, 0x41, 0x0,
    0x82, 0xe, 0xfb, 0x97, 0xfd, 0x28, 0xa, 0x10,
    0x10, 0x3f, 0xe0, 0x0, 0x1, 0xff, 0xc2, 0x0,
    0x84, 0x1, 0xf, 0xfe, 0x0,

    /* U+8428 "萨" */
    0x0, 0x21, 0xff, 0xfc, 0x0, 0x80, 0x2, 0x7,
    0xbf, 0xca, 0x0, 0x18, 0x24, 0x2b, 0xfe, 0x4c,
    0x0, 0x98, 0x1, 0x30, 0x2, 0xe0, 0x4, 0x80,
    0x9, 0x0, 0x0,

    /* U+843D "落" */
    0x8, 0x43, 0xff, 0xf0, 0x84, 0x2, 0x50, 0x21,
    0xf8, 0x58, 0x48, 0x1a, 0x18, 0x38, 0x3, 0x18,
    0x9f, 0xf2, 0x20, 0x90, 0x82, 0x42, 0xa, 0xf,
    0xe0,

    /* U+8457 "著" */
    0x0, 0x43, 0xff, 0xf0, 0x4, 0x1, 0x4, 0x7f,
    0xe0, 0x11, 0xf, 0xff, 0xc0, 0x80, 0x1f, 0xf3,
    0xc0, 0x41, 0xff, 0x4, 0x4, 0x10, 0x10, 0x7f,
    0xc0,

    /* U+8461 "葡" */
    0x8, 0x43, 0xff, 0xf0, 0x84, 0x6, 0x10, 0x3f,
    0xfd, 0x8, 0x1b, 0xfe, 0x40, 0x81, 0x3f, 0xc4,
    0xff, 0x12, 0x24, 0x4f, 0xf1, 0x22, 0x44, 0x8b,
    0xe0,

    /* U+8469 "葩" */
    0x8, 0x21, 0xff, 0xfc, 0x20, 0x80, 0x41, 0x2,
    0x1d, 0xcf, 0x24, 0x92, 0x49, 0x24, 0x92, 0x79,
    0xfc, 0x92, 0x9, 0x24, 0x2, 0x48, 0x17, 0x90,
    0x28, 0x3f, 0xc0,

    /* U+846B "葫" */
    0x8, 0x3, 0xff, 0xf0, 0x80, 0x4, 0x3f, 0x10,
    0x87, 0xfa, 0x11, 0xf, 0xc4, 0x21, 0x7e, 0x85,
    0xb, 0xf4, 0x28, 0x50, 0xc1, 0x7f, 0x5, 0x8,
    0x70,

    /* U+846C "葬" */
    0x8, 0x3, 0xff, 0xf0, 0x80, 0x3f, 0xff, 0x10,
    0x81, 0xfa, 0x40, 0x4e, 0x6, 0x21, 0x70, 0xfc,
    0x20, 0xf, 0xff, 0xc4, 0x10, 0x20, 0x41, 0x0,
    0x0,

    /* U+8482 "蒂" */
    0x8, 0x43, 0xff, 0xf0, 0x84, 0x0, 0x80, 0xff,
    0xfc, 0x0, 0x0, 0x84, 0x3f, 0xff, 0x82, 0x4,
    0xff, 0xc4, 0x21, 0x10, 0x84, 0x42, 0x70, 0x8,
    0x0,

    /* U+8499 "蒙" */
    0x10, 0x3, 0xff, 0xf1, 0x0, 0x3f, 0xfe, 0x80,
    0xa, 0xff, 0xa7, 0xff, 0x2, 0x0, 0x34, 0x41,
    0x2e, 0x3, 0x68, 0x12, 0x50, 0x71, 0x30, 0x18,
    0x0,

    /* U+84B2 "蒲" */
    0x8, 0x23, 0xff, 0xf0, 0x87, 0x0, 0x13, 0x6f,
    0xfc, 0x1, 0x8, 0x7f, 0xda, 0x11, 0x7, 0xfc,
    0xa1, 0x14, 0x7f, 0xd2, 0x11, 0x88, 0x46, 0x21,
    0x30,

    /* U+84B8 "蒸" */
    0x10, 0x43, 0xff, 0xf1, 0x4, 0xf, 0xf8, 0x0,
    0x83, 0xe8, 0x40, 0xb2, 0x4, 0xb0, 0x22, 0x63,
    0x10, 0x73, 0xfe, 0x0, 0x0, 0x48, 0x92, 0x2,
    0x20, 0x0, 0x40,

    /* U+84C4 "蓄" */
    0x0, 0x43, 0xff, 0xf0, 0x4, 0x3f, 0xff, 0x8,
    0x0, 0xff, 0x0, 0x42, 0x1f, 0xfc, 0x0, 0x9,
    0xff, 0xe4, 0x20, 0x9f, 0xfe, 0x42, 0x9, 0xff,
    0xe0,

    /* U+84DD "蓝" */
    0x8, 0x43, 0xff, 0xf0, 0x84, 0x0, 0x20, 0x48,
    0xf9, 0x25, 0x4, 0x94, 0x12, 0x8, 0x0, 0x0,
    0xff, 0xc4, 0x49, 0x11, 0x24, 0x44, 0x93, 0xff,
    0xf0,

    /* U+8511 "蔑" */
    0x8, 0x43, 0xff, 0xf0, 0x84, 0x1f, 0xfe, 0x44,
    0x89, 0x12, 0x27, 0xff, 0x80, 0x88, 0x7f, 0xfd,
    0x4, 0x47, 0xa, 0x13, 0x10, 0x81, 0xa6, 0x18,
    0x70,

    /* U+8513 "蔓" */
    0x8, 0x1, 0xff, 0xe1, 0xff, 0x8, 0x4, 0x3f,
    0xf0, 0x7f, 0xc0, 0x0, 0x1f, 0xfe, 0x44, 0x48,
    0xee, 0xc7, 0xff, 0x4, 0x8, 0xc, 0xc0, 0x1e,
    0x7, 0x87, 0xc0,

    /* U+8549 "蕉" */
    0x0, 0x43, 0xff, 0xf0, 0x4, 0x4, 0x40, 0x3f,
    0xf8, 0x84, 0xf, 0xff, 0x88, 0x40, 0x3f, 0xf8,
    0x84, 0x3, 0xff, 0x88, 0x0, 0x0, 0x2, 0x22,
    0x28, 0x0, 0x40,

    /* U+8574 "蕴" */
    0x8, 0x43, 0xff, 0xf0, 0x84, 0x2, 0x7e, 0x22,
    0x9, 0x27, 0xe9, 0x20, 0xb8, 0x82, 0x41, 0xf2,
    0xf, 0xf7, 0x29, 0x40, 0xa5, 0x12, 0x97, 0x9f,
    0xf0,

    /* U+857E "蕾" */
    0x8, 0x43, 0xff, 0xf0, 0x84, 0xd, 0xec, 0xff,
    0xfe, 0x8, 0x1b, 0xef, 0x4f, 0xbc, 0x2, 0x0,
    0xff, 0xe4, 0x20, 0x8f, 0xfe, 0x42, 0x8, 0xff,
    0xe0,

    /* U+8584 "薄" */
    0x8, 0x23, 0xff, 0xf0, 0x87, 0x8, 0x13, 0x7,
    0xf8, 0x1f, 0xf8, 0x84, 0x5a, 0xff, 0x7, 0xfc,
    0x21, 0x52, 0xff, 0xd0, 0x84, 0x80, 0x12, 0x1,
    0xc0,

    /* U+85AA "薪" */
    0x0, 0x3, 0xff, 0xf0, 0x0, 0x0, 0x3, 0xfe,
    0xf1, 0x12, 0x0, 0x88, 0x3f, 0xbf, 0x10, 0x93,
    0xfa, 0x45, 0x9, 0x25, 0x44, 0x91, 0x10, 0xc8,
    0x40,

    /* U+85C9 "藉" */
    0x0, 0x21, 0xff, 0xf8, 0x0, 0x80, 0x80, 0x47,
    0xff, 0xe2, 0x9, 0x1f, 0x2, 0x9, 0xff, 0x7c,
    0xf8, 0x71, 0x11, 0x62, 0x24, 0xa7, 0xc9, 0x8,
    0x82, 0x1f, 0x0,

    /* U+85CF "藏" */
    0x8, 0x41, 0xff, 0xf8, 0x21, 0xc0, 0x1, 0x9,
    0xff, 0x93, 0xf4, 0x1e, 0x4a, 0x4f, 0xd8, 0x18,
    0xb1, 0xf0, 0x21, 0x6e, 0x82, 0xff, 0x8a, 0x85,
    0x34, 0x11, 0xc0,

    /* U+85D3 "藓" */
    0x0, 0x21, 0xff, 0xfc, 0x0, 0x80, 0xe4, 0x2,
    0x44, 0x88, 0xbf, 0xbf, 0x84, 0x25, 0x8, 0x7e,
    0xf8, 0x94, 0x21, 0xff, 0xf0, 0x0, 0x83, 0xc1,
    0x8, 0x2, 0x0,

    /* U+8611 "蘑" */
    0x8, 0x43, 0xff, 0xf0, 0xa4, 0x1f, 0xff, 0x40,
    0x21, 0x7b, 0xf4, 0x43, 0x16, 0xbc, 0x61, 0x2d,
    0x7f, 0xf4, 0x40, 0x23, 0xfe, 0xb8, 0xa, 0x3f,
    0xe0,

    /* U+864E "虎" */
    0x0, 0x0, 0x2, 0x0, 0x3, 0xf0, 0x0, 0x3,
    0xff, 0xe4, 0x20, 0x8, 0x7c, 0x13, 0x81, 0x20,
    0xfe, 0x40, 0x0, 0x8f, 0x81, 0x11, 0x4, 0x22,
    0x28, 0x84, 0x66, 0xf, 0x80,

    /* U+864F "虏" */
    0x1, 0x0, 0x3, 0xf8, 0x4, 0x1, 0xff, 0xf2,
    0x10, 0x44, 0x7e, 0x9, 0x40, 0x90, 0xff, 0x20,
    0x80, 0x5f, 0xf9, 0x84, 0x12, 0x8, 0x44, 0x20,
    0x91, 0x87, 0x0,

    /* U+8650 "虐" */
    0x1, 0x0, 0x1, 0xfc, 0x1, 0x0, 0x3f, 0xfe,
    0x21, 0x2, 0x23, 0xf8, 0x25, 0x2, 0x21, 0xfe,
    0x20, 0x0, 0x27, 0xfc, 0x24, 0x0, 0x7f, 0xff,
    0x44, 0x0, 0x47, 0xfe,

    /* U+8651 "虑" */
    0x1, 0x0, 0x2, 0x0, 0x7, 0xf0, 0x8, 0x3,
    0xff, 0xe4, 0x20, 0x8, 0x7c, 0x13, 0x81, 0x20,
    0xfe, 0x40, 0x0, 0x82, 0x3, 0x53, 0x25, 0x20,
    0x2a, 0x41, 0x20, 0xfe, 0x0,

    /* U+8654 "虔" */
    0x1, 0x0, 0x3, 0xf8, 0x4, 0x1, 0xff, 0xf2,
    0x10, 0x5, 0xfe, 0x8, 0x7f, 0x10, 0x40, 0x3f,
    0xfe, 0x4c, 0x21, 0x88, 0x82, 0xe, 0x4, 0x32,
    0x13, 0x83, 0xc0,

    /* U+865A "虚" */
    0x0, 0x80, 0x1, 0xf8, 0x2, 0x1, 0xff, 0xf2,
    0x8, 0x24, 0x7e, 0x9, 0x20, 0x90, 0x7f, 0x20,
    0x0, 0x52, 0x48, 0xa4, 0xa2, 0x29, 0x4, 0x12,
    0x1b, 0xff, 0xc0,

    /* U+866B "虫" */
    0x2, 0x0, 0x8, 0x0, 0x20, 0x1f, 0xfe, 0x42,
    0x9, 0x8, 0x24, 0x20, 0x90, 0x82, 0x7f, 0xf8,
    0x8, 0x0, 0x20, 0x0, 0x88, 0x2, 0x13, 0xff,
    0xe0, 0x0, 0x40, 0x0,

    /* U+8679 "虹" */
    0x10, 0x0, 0x20, 0x0, 0x47, 0xfb, 0xf1, 0x5,
    0x22, 0xa, 0x44, 0x14, 0x88, 0x29, 0x10, 0x7e,
    0x20, 0xa0, 0x40, 0x40, 0x80, 0xa1, 0x1, 0xe2,
    0xc, 0x7f, 0xc0,

    /* U+867D "虽" */
    0x1f, 0xf8, 0x20, 0x10, 0x40, 0x20, 0xff, 0xc0,
    0x10, 0x0, 0x20, 0xf, 0xfe, 0x10, 0x84, 0x21,
    0x8, 0x7f, 0xf0, 0x84, 0x0, 0x8, 0x8f, 0xff,
    0x80, 0x0, 0x80,

    /* U+8681 "蚁" */
    0x10, 0x0, 0x20, 0x40, 0x40, 0x93, 0xf4, 0xa5,
    0x28, 0x4a, 0x50, 0x94, 0xa1, 0x29, 0x24, 0x7e,
    0x48, 0xa0, 0xa0, 0x50, 0xc0, 0x90, 0x81, 0x67,
    0x1d, 0x31, 0x0, 0x41, 0x80,

    /* U+8682 "蚂" */
    0x10, 0x0, 0x21, 0xf0, 0x40, 0x23, 0xe0, 0x45,
    0x50, 0x8a, 0xa1, 0x15, 0x42, 0x2a, 0x84, 0x7c,
    0xf6, 0xa0, 0x4, 0x60, 0x8, 0xdf, 0xd1, 0x40,
    0x5c, 0x0, 0x80, 0xf, 0x0,

    /* U+86C7 "蛇" */
    0x10, 0x20, 0x20, 0x40, 0x47, 0xfb, 0xf8, 0x15,
    0x30, 0x2a, 0x60, 0x54, 0xa0, 0x29, 0x44, 0x7e,
    0x90, 0xa1, 0xc0, 0x52, 0x0, 0xa4, 0x1, 0x28,
    0x3d, 0x90, 0x40, 0x3f, 0x80,

    /* U+86CB "蛋" */
    0x7f, 0xfc, 0x2, 0x8, 0x44, 0x20, 0x8f, 0x42,
    0xd0, 0x8, 0x7f, 0xc0, 0x40, 0x1f, 0xfc, 0x21,
    0x8, 0x42, 0x10, 0xff, 0xe0, 0x9, 0x7, 0xff,
    0x80, 0x0, 0x80,

    /* U+86DB "蛛" */
    0x10, 0xa0, 0x22, 0x40, 0x44, 0x83, 0xef, 0xe5,
    0x52, 0xa, 0xc4, 0x15, 0xff, 0xbe, 0x18, 0x50,
    0x70, 0x21, 0x50, 0x52, 0xa0, 0xc9, 0x2e, 0x22,
    0x20, 0x4, 0x0,

    /* U+86EE "蛮" */
    0x0, 0x0, 0x2, 0x3, 0xff, 0xf8, 0x22, 0x1,
    0x44, 0x84, 0x88, 0x91, 0x10, 0x82, 0xa0, 0x3f,
    0xf8, 0x42, 0x10, 0x84, 0x21, 0xff, 0xc0, 0x10,
    0x1f, 0xff, 0x80, 0x0, 0x80,

    /* U+86FE "蛾" */
    0x10, 0x50, 0x23, 0x28, 0x42, 0x53, 0xe4, 0x95,
    0x49, 0xa, 0xff, 0xd5, 0x24, 0x2a, 0x4a, 0x7c,
    0x98, 0xa1, 0xf0, 0x4e, 0x60, 0xc4, 0x41, 0x4b,
    0xad, 0x15, 0x40, 0xe1, 0x80,

    /* U+8702 "蜂" */
    0x10, 0x40, 0x20, 0xf8, 0x42, 0x23, 0xea, 0x85,
    0x63, 0xa, 0x86, 0x15, 0x32, 0x2b, 0x92, 0x55,
    0xfc, 0xf0, 0x40, 0x43, 0xf0, 0xc1, 0x1, 0x5f,
    0xff, 0x84, 0x0, 0x8, 0x0,

    /* U+8715 "蜕" */
    0x10, 0x88, 0x21, 0x10, 0x40, 0x43, 0xef, 0xe5,
    0x50, 0x4a, 0xa0, 0x95, 0x41, 0x3e, 0x7c, 0x50,
    0x90, 0x21, 0x20, 0x52, 0x40, 0xa8, 0x9e, 0x91,
    0x20, 0x43, 0xc0,

    /* U+8718 "蜘" */
    0x10, 0x0, 0x24, 0x0, 0x48, 0x7b, 0xf6, 0x95,
    0x69, 0x2a, 0x92, 0x55, 0x24, 0xaa, 0xe9, 0x7c,
    0x92, 0xa1, 0x24, 0x42, 0x48, 0xca, 0x91, 0x53,
    0x3d, 0x23, 0xc0, 0x84, 0x80,

    /* U+871C "蜜" */
    0x2, 0x3, 0xff, 0xf8, 0x42, 0x6a, 0x95, 0x49,
    0x89, 0x38, 0x93, 0xfe, 0x10, 0x80, 0x3f, 0xf1,
    0x8, 0x43, 0xff, 0x0, 0x80, 0x2, 0x3, 0xff,
    0xe0, 0x0, 0x40,

    /* U+8721 "蜡" */
    0x10, 0x0, 0x20, 0x90, 0x43, 0xf3, 0xe2, 0x45,
    0x44, 0x8a, 0x89, 0x15, 0x7f, 0xaa, 0x0, 0x7c,
    0xfc, 0xa1, 0x8, 0x42, 0x10, 0xa7, 0xe1, 0x48,
    0x47, 0x50, 0x90, 0xbf, 0x0,

    /* U+8725 "蜥" */
    0x0, 0x80, 0x10, 0x86, 0x10, 0x98, 0x10, 0x90,
    0x7f, 0xf0, 0x54, 0x90, 0x54, 0x9f, 0x54, 0x94,
    0x55, 0xd4, 0x7e, 0xb4, 0x52, 0x94, 0x14, 0x94,
    0x14, 0xa4, 0x1c, 0xa4, 0x60, 0xa4,

    /* U+8734 "蜴" */
    0x11, 0xfc, 0x22, 0x8, 0x44, 0x13, 0xef, 0xe5,
    0x50, 0x4a, 0xbf, 0x95, 0x20, 0x2a, 0x40, 0x7c,
    0xfe, 0xa2, 0xa4, 0x4a, 0x48, 0xa9, 0x11, 0xc2,
    0x4c, 0xb, 0x80,

    /* U+8747 "蝇" */
    0x10, 0xfc, 0x22, 0x8, 0x44, 0x13, 0xe7, 0xe5,
    0x42, 0xa, 0xbf, 0x95, 0x49, 0x2a, 0x92, 0x7d,
    0xfc, 0x32, 0x48, 0x57, 0xf0, 0xa9, 0xe, 0x82,
    0x20, 0x7, 0xc0,

    /* U+8759 "蝙" */
    0x10, 0x40, 0x20, 0x0, 0x47, 0xfb, 0xe8, 0x15,
    0x50, 0x2a, 0xbf, 0xd5, 0x40, 0x2a, 0xff, 0x7d,
    0x52, 0xa2, 0xa4, 0x6d, 0x48, 0xd7, 0xf1, 0x55,
    0x2f, 0xaa, 0x40, 0x15, 0x80,

    /* U+8760 "蝠" */
    0x10, 0x0, 0x23, 0xf8, 0x40, 0x3, 0xe7, 0xe5,
    0x50, 0x4a, 0xa0, 0x95, 0x3f, 0x2a, 0x0, 0x7d,
    0xfe, 0xa2, 0x44, 0x64, 0x88, 0xcf, 0xf1, 0x52,
    0x3d, 0xa4, 0x40, 0x7f, 0x80,

    /* U+8774 "蝴" */
    0x10, 0x0, 0x21, 0x3c, 0x42, 0x4b, 0xe4, 0x95,
    0x7f, 0x2a, 0x93, 0xd5, 0x24, 0xaa, 0x49, 0x54,
    0x52, 0xf4, 0xbc, 0x49, 0x48, 0xd2, 0x91, 0x5f,
    0x3d, 0x4, 0x40, 0x9, 0x80,

    /* U+8776 "蝶" */
    0x10, 0x0, 0x22, 0x90, 0x4f, 0xfb, 0xea, 0x45,
    0x54, 0x8a, 0xaf, 0x15, 0x40, 0x2a, 0x80, 0x55,
    0xfe, 0xf8, 0x80, 0x4f, 0xf8, 0xc6, 0x81, 0xcc,
    0x9c, 0x28, 0x81, 0x80, 0x0,

    /* U+877C "蝼" */
    0x11, 0x24, 0x22, 0x50, 0x42, 0xa3, 0xff, 0xf5,
    0x47, 0xa, 0x95, 0x15, 0x49, 0x2a, 0x0, 0x7b,
    0xfe, 0x31, 0x10, 0x64, 0x20, 0xa2, 0x8e, 0x83,
    0x80, 0x38, 0xc0,

    /* U+8783 "螃" */
    0x10, 0x0, 0x23, 0xf8, 0x42, 0x3, 0xe2, 0x45,
    0x44, 0x8a, 0xbf, 0xd5, 0x80, 0xaa, 0x1, 0x55,
    0xfc, 0xf0, 0x80, 0x41, 0xe0, 0xa2, 0x41, 0x48,
    0x9d, 0x11, 0x0, 0x46, 0x0,

    /* U+878D "融" */
    0x0, 0x21, 0xfc, 0x40, 0x0, 0x83, 0xe1, 0x8,
    0x4f, 0xd0, 0x94, 0x9e, 0x29, 0x7f, 0x52, 0x86,
    0xa5, 0x55, 0xfa, 0x28, 0x87, 0xf1, 0x49, 0x22,
    0x52, 0x44, 0xa5, 0xbe, 0x80,

    /* U+87BA "螺" */
    0x10, 0x0, 0x23, 0xf8, 0x48, 0x93, 0xef, 0xe5,
    0x62, 0x4a, 0xbf, 0x95, 0x10, 0x2a, 0x78, 0x7c,
    0x48, 0xa1, 0x10, 0x4d, 0xf0, 0xad, 0x11, 0x52,
    0x8d, 0x44, 0x80, 0x18, 0x0,

    /* U+87D2 "蟒" */
    0x10, 0x88, 0x10, 0x88, 0x13, 0xff, 0x10, 0xa8,
    0x7c, 0x4c, 0x57, 0xff, 0x54, 0x50, 0x54, 0x88,
    0x7d, 0x8f, 0x50, 0x88, 0x1b, 0xff, 0x14, 0x88,
    0x1c, 0x88, 0xe1, 0x8, 0x2, 0x8,

    /* U+87F9 "蟹" */
    0x0, 0x1, 0xe3, 0xf8, 0x88, 0x9f, 0xc0, 0x7e,
    0x29, 0x4b, 0xf5, 0x22, 0x2f, 0xbf, 0x81, 0x20,
    0xff, 0xc4, 0x11, 0x10, 0x44, 0x3f, 0xf0, 0x4,
    0xf, 0xff, 0x0, 0x2,

    /* U+8815 "蠕" */
    0x10, 0x0, 0x10, 0x0, 0x10, 0xfc, 0x7f, 0xfe,
    0x56, 0x22, 0x56, 0xa8, 0x55, 0xfc, 0x54, 0x0,
    0x57, 0xff, 0x78, 0x0, 0x11, 0xfe, 0x16, 0x52,
    0x16, 0x52, 0xea, 0x52, 0x0, 0x56,

    /* U+8822 "蠢" */
    0x2, 0x1, 0xf7, 0xc7, 0xff, 0x3f, 0xff, 0x1f,
    0xe1, 0xc1, 0x69, 0xfc, 0x47, 0xf0, 0x0, 0x23,
    0xf7, 0xea, 0x52, 0xbf, 0x7e, 0x24, 0x23, 0xf7,
    0xf0,

    /* U+8840 "血" */
    0x1, 0x0, 0x1, 0x0, 0x2, 0x0, 0x3f, 0xfc,
    0x22, 0x44, 0x22, 0x44, 0x22, 0x44, 0x22, 0x44,
    0x22, 0x44, 0x22, 0x44, 0x22, 0x44, 0x22, 0x44,
    0xff, 0xff,

    /* U+8845 "衅" */
    0x8, 0x10, 0x10, 0x92, 0x7e, 0x94, 0x5a, 0x54,
    0x5a, 0x10, 0x5a, 0xfe, 0x5a, 0x10, 0x5a, 0x10,
    0x5a, 0x10, 0x5b, 0xff, 0x5a, 0x10, 0x56, 0x10,
    0x28, 0x10, 0x0, 0x10,

    /* U+884C "行" */
    0x8, 0x0, 0x23, 0xfc, 0x80, 0x2, 0x0, 0x0,
    0x80, 0x1, 0x0, 0x4, 0xff, 0x98, 0x4, 0x50,
    0x8, 0x20, 0x10, 0x40, 0x20, 0x80, 0x41, 0x0,
    0x82, 0x1, 0x4, 0x1e, 0x0,

    /* U+8854 "衔" */
    0x12, 0x0, 0x88, 0x64, 0x7c, 0x22, 0x0, 0x10,
    0x0, 0x8e, 0xf2, 0x10, 0xb8, 0x42, 0x2f, 0xc8,
    0x84, 0x22, 0x10, 0x88, 0x42, 0x23, 0x88, 0x80,
    0xe0,

    /* U+8857 "街" */
    0x11, 0x0, 0x42, 0x19, 0x1f, 0x4, 0x8, 0x1,
    0x10, 0x5, 0xff, 0xf8, 0x42, 0x10, 0x84, 0x2f,
    0xe8, 0x42, 0x10, 0x84, 0x21, 0xf, 0x42, 0x60,
    0x84, 0x3, 0x0,

    /* U+8861 "衡" */
    0x22, 0x0, 0x87, 0x3a, 0x52, 0x1, 0x7e, 0x2,
    0x94, 0x5, 0x2b, 0x99, 0xf2, 0x54, 0xa4, 0x27,
    0xc8, 0x42, 0x10, 0xbf, 0xa1, 0x14, 0x42, 0x44,
    0x85, 0x7, 0x0,

    /* U+8863 "衣" */
    0x2, 0x0, 0x8, 0x0, 0x10, 0x3f, 0xff, 0x3,
    0x0, 0x14, 0x0, 0x90, 0x84, 0x44, 0x70, 0xa0,
    0x41, 0x1, 0x4, 0x4, 0x8, 0x10, 0x10, 0x4c,
    0x21, 0xc0, 0x40,

    /* U+8865 "补" */
    0x10, 0x20, 0x0, 0x20, 0x7e, 0x20, 0x6, 0x20,
    0x4, 0x20, 0x8, 0x38, 0x1a, 0x24, 0x2c, 0x23,
    0x4a, 0x20, 0x89, 0x20, 0x8, 0x20, 0x8, 0x20,
    0x8, 0x20, 0x8, 0x20,

    /* U+8868 "表" */
    0x1, 0x0, 0x2, 0x1, 0xff, 0xf0, 0x8, 0x3,
    0xff, 0x80, 0x20, 0x0, 0x40, 0x7f, 0xff, 0x3,
    0x0, 0x19, 0x8, 0x62, 0x63, 0x43, 0x0, 0x82,
    0x1, 0x13, 0x3, 0xc1, 0x0, 0x0,

    /* U+8869 "衩" */
    0x20, 0x0, 0x27, 0xfc, 0x0, 0x17, 0xe8, 0x20,
    0xd2, 0x41, 0x25, 0x4, 0x22, 0x1a, 0x44, 0x58,
    0x91, 0x28, 0xc0, 0x40, 0x80, 0x83, 0x1, 0x9,
    0x2, 0x61, 0x4, 0x1, 0x80,

    /* U+886B "衫" */
    0x20, 0x4, 0x20, 0x10, 0x0, 0x47, 0xe3, 0x0,
    0xc8, 0x1, 0x0, 0x84, 0x2, 0x1a, 0x8, 0x38,
    0x21, 0xa9, 0x80, 0x40, 0x10, 0x80, 0x41, 0x1,
    0x2, 0x4, 0x4, 0x70, 0x0,

    /* U+886C "衬" */
    0x20, 0x8, 0x20, 0x10, 0x0, 0x27, 0xe0, 0x40,
    0xdf, 0xe1, 0x1, 0x4, 0x2, 0x1a, 0x4, 0x38,
    0x88, 0xa8, 0x90, 0x41, 0x20, 0x80, 0x41, 0x0,
    0x82, 0x1, 0x4, 0x1e, 0x0,

    /* U+8870 "衰" */
    0x2, 0x0, 0x8, 0xf, 0xff, 0xc0, 0x0, 0x3f,
    0xf0, 0x80, 0x4f, 0xff, 0xc8, 0x4, 0x3f, 0xf0,
    0x14, 0x0, 0x91, 0xc, 0x28, 0xd0, 0x40, 0x44,
    0xc1, 0xe0, 0xc0,

    /* U+8877 "衷" */
    0x2, 0x0, 0x8, 0xf, 0xff, 0xc0, 0x80, 0x3f,
    0xf9, 0x8, 0x24, 0x20, 0x8f, 0xfe, 0x0, 0x0,
    0x8, 0x0, 0xd1, 0xc, 0x38, 0x50, 0x40, 0x40,
    0xc1, 0xe0, 0xc0,

    /* U+8881 "袁" */
    0x1, 0x0, 0x2, 0x0, 0xff, 0xe0, 0x8, 0x7,
    0xff, 0xc0, 0x0, 0xf, 0xfc, 0x10, 0x8, 0x20,
    0x10, 0x7f, 0xe0, 0x14, 0x0, 0x44, 0xc7, 0x6,
    0x2, 0x4, 0x4, 0xc6, 0xe, 0x3,

    /* U+888B "袋" */
    0x1, 0x0, 0x44, 0x42, 0x10, 0x1b, 0xfe, 0xa0,
    0x80, 0x81, 0x12, 0x23, 0x40, 0x2, 0xff, 0xfc,
    0x14, 0x0, 0x89, 0xc, 0x18, 0xd0, 0x20, 0x58,
    0x61, 0x80, 0x40,

    /* U+888D "袍" */
    0x41, 0x0, 0x88, 0x2, 0x1f, 0xbe, 0x82, 0x14,
    0x8, 0x57, 0xa2, 0x12, 0x8a, 0x4a, 0xf1, 0x28,
    0xa7, 0x22, 0x13, 0x88, 0x40, 0x21, 0x0, 0x84,
    0x12, 0x1f, 0xc0,

    /* U+8896 "袖" */
    0x20, 0x20, 0x20, 0x40, 0x0, 0x83, 0xef, 0xf0,
    0x92, 0x22, 0x24, 0x46, 0x48, 0x9c, 0xff, 0x55,
    0x22, 0x22, 0x44, 0x44, 0x88, 0x89, 0x11, 0x1f,
    0xe2, 0x20, 0x40,

    /* U+889C "袜" */
    0x40, 0x40, 0x40, 0x80, 0x1, 0x7, 0xbf, 0xe1,
    0x4, 0x4, 0x8, 0xa, 0x10, 0x1b, 0xfe, 0x70,
    0xe1, 0x62, 0xc0, 0x85, 0x41, 0x12, 0x42, 0x44,
    0x85, 0x8, 0x88, 0x10, 0x0,

    /* U+88AB "被" */
    0x20, 0x20, 0x20, 0x43, 0xf7, 0xf8, 0x29, 0x10,
    0x92, 0x1, 0x24, 0x5, 0x7f, 0x1c, 0xc2, 0x59,
    0x89, 0x2a, 0x90, 0x4c, 0xc0, 0x91, 0x81, 0x24,
    0x82, 0x30, 0xc0,

    /* U+88AD "袭" */
    0x4, 0x40, 0x10, 0xcf, 0xff, 0xc2, 0x44, 0x9,
    0x60, 0x4e, 0x16, 0x6f, 0xc0, 0x80, 0xff, 0xfc,
    0x14, 0x0, 0x91, 0x1c, 0x38, 0x10, 0x20, 0x4c,
    0x71, 0xc0, 0x0,

    /* U+88C1 "裁" */
    0x8, 0x80, 0x22, 0x7, 0xf9, 0x2, 0x22, 0x8,
    0x83, 0xff, 0xf0, 0x8, 0x2, 0x22, 0xff, 0xc8,
    0x41, 0x42, 0xe6, 0x18, 0x98, 0xa1, 0x64, 0xe2,
    0x90, 0x11, 0xc0,

    /* U+88C2 "裂" */
    0x0, 0x1, 0xfc, 0x22, 0x4, 0x97, 0x92, 0x84,
    0x48, 0x60, 0x21, 0x0, 0x38, 0x44, 0xff, 0xfc,
    0x14, 0x0, 0x91, 0xc, 0x28, 0x50, 0x60, 0x46,
    0x41, 0xe0, 0xc0,

    /* U+88C5 "装" */
    0x0, 0x40, 0x41, 0x5, 0x4, 0xd, 0xff, 0x10,
    0x40, 0x41, 0x7, 0x4, 0x24, 0xff, 0x2, 0x3,
    0xff, 0xf0, 0x50, 0x2, 0x24, 0x70, 0x60, 0x40,
    0x81, 0xe1, 0xc0,

    /* U+88D5 "裕" */
    0x20, 0x10, 0x10, 0x88, 0x1, 0x4, 0xfd, 0x24,
    0x6, 0x22, 0x8, 0x50, 0x10, 0x90, 0x14, 0x88,
    0x39, 0x4, 0x57, 0xfe, 0x91, 0x4, 0x11, 0x4,
    0x11, 0x4, 0x11, 0x4, 0x11, 0xfc,

    /* U+88D9 "裙" */
    0x20, 0x0, 0x27, 0xf8, 0x0, 0x13, 0xe2, 0x20,
    0x7f, 0xe1, 0x8, 0x85, 0x11, 0xd, 0xfe, 0x38,
    0x80, 0xa9, 0xf8, 0x46, 0x10, 0x94, 0x21, 0x8,
    0x42, 0x10, 0x84, 0x3f, 0x0,

    /* U+88E4 "裤" */
    0x40, 0x0, 0x80, 0x80, 0x8f, 0xf8, 0x10, 0x6,
    0x24, 0x2, 0x7f, 0xca, 0xa4, 0x11, 0x48, 0x72,
    0xfd, 0x54, 0x20, 0x88, 0x41, 0x1f, 0xf2, 0x61,
    0x4, 0x82, 0x9, 0x4, 0x0,

    /* U+88F8 "裸" */
    0x20, 0x0, 0x23, 0xf8, 0x4, 0x90, 0x9, 0x27,
    0xdf, 0xc1, 0x24, 0x82, 0x49, 0xa, 0xfe, 0x30,
    0x20, 0xb7, 0xfe, 0x51, 0xc0, 0x85, 0x41, 0x12,
    0x82, 0x44, 0xc4, 0x8, 0x0,

    /* U+88F9 "裹" */
    0x2, 0x0, 0x4, 0x7, 0xef, 0x8f, 0xfc, 0x42,
    0x10, 0xff, 0xc3, 0xff, 0x3f, 0xff, 0x4, 0xc0,
    0xe0, 0xc4, 0x51, 0x86, 0x28, 0xf0, 0x40, 0x48,
    0xc1, 0xc0, 0xc0,

    /* U+8910 "褐" */
    0x20, 0x0, 0x43, 0xf8, 0x44, 0x17, 0xef, 0xe0,
    0x50, 0x41, 0x20, 0x86, 0x7f, 0x8, 0x40, 0x38,
    0xfe, 0xaa, 0x26, 0x44, 0x88, 0x89, 0xd1, 0x14,
    0x22, 0x3f, 0xc4, 0x3, 0x0,

    /* U+891A "褚" */
    0x20, 0x0, 0x23, 0xfb, 0xf1, 0x20, 0x22, 0x40,
    0x85, 0x2, 0x7f, 0xc5, 0x10, 0x1c, 0xfe, 0x54,
    0x85, 0x21, 0x8, 0x43, 0xf0, 0x84, 0x21, 0x8,
    0x42, 0x1f, 0x80,

    /* U+897F "西" */
    0xff, 0xfc, 0x12, 0x0, 0x48, 0x1f, 0xfe, 0x44,
    0x89, 0x12, 0x24, 0x88, 0x94, 0x3e, 0x40, 0x9,
    0x0, 0x24, 0x0, 0x9f, 0xfe, 0x40, 0x8,

    /* U+8981 "要" */
    0xff, 0xfc, 0x22, 0x0, 0x88, 0x1f, 0xfe, 0x48,
    0x89, 0x22, 0x27, 0xff, 0x81, 0x0, 0xff, 0xfc,
    0x40, 0x81, 0x4, 0xe, 0x20, 0x7, 0xc1, 0xf0,
    0xe0,

    /* U+8986 "覆" */
    0xff, 0xfe, 0x8, 0x81, 0xff, 0xf2, 0x22, 0x23,
    0xbb, 0x84, 0x7f, 0x91, 0x0, 0x55, 0xfc, 0x43,
    0xf9, 0x47, 0xf0, 0x87, 0xe1, 0x38, 0x82, 0xe,
    0x4, 0xd7, 0x80,

    /* U+89C1 "见" */
    0x3f, 0xf0, 0x80, 0x42, 0x1, 0x8, 0x84, 0x22,
    0x10, 0x88, 0x42, 0x21, 0x8, 0x84, 0x23, 0x10,
    0x94, 0x40, 0x50, 0x2, 0x41, 0x11, 0x7, 0x83,
    0xf0,

    /* U+89C2 "观" */
    0xfd, 0xfc, 0xa, 0xa, 0x14, 0x92, 0x49, 0x24,
    0x92, 0x45, 0x24, 0x8c, 0x49, 0x8, 0x92, 0x30,
    0x30, 0x50, 0xa1, 0x1, 0x4c, 0x4, 0x90, 0x31,
    0xe0,

    /* U+89C4 "规" */
    0x10, 0x0, 0x23, 0xf8, 0x44, 0x13, 0xf9, 0x21,
    0x12, 0x42, 0x24, 0x84, 0x49, 0x7f, 0x92, 0x11,
    0x24, 0x22, 0x48, 0x60, 0xc1, 0x22, 0x82, 0x5,
    0x28, 0x12, 0x60, 0xc7, 0x80,

    /* U+89C6 "视" */
    0x20, 0x0, 0x23, 0xf8, 0x4, 0x17, 0xe9, 0x20,
    0xd2, 0x41, 0x24, 0x84, 0x49, 0x18, 0x92, 0x59,
    0x25, 0x2a, 0x48, 0x41, 0x0, 0x83, 0x1, 0xa,
    0x22, 0x24, 0x44, 0x87, 0x80,

    /* U+89C9 "觉" */
    0x4, 0x10, 0x88, 0x81, 0x4, 0x3f, 0xff, 0x80,
    0x6, 0x0, 0x1b, 0xfe, 0x48, 0x8, 0x22, 0x20,
    0x88, 0x82, 0x22, 0x9, 0x48, 0x5, 0x0, 0x24,
    0x13, 0xf, 0xd0, 0x0,

    /* U+89D1 "觑" */
    0x8, 0x7c, 0x14, 0x89, 0xff, 0x12, 0xa, 0xa4,
    0x95, 0x4b, 0xaa, 0x93, 0xd5, 0x20, 0x2a, 0x4c,
    0x54, 0xda, 0x21, 0x38, 0xc6, 0x61, 0x98, 0xf5,
    0x32, 0x11, 0xc0,

    /* U+89D2 "角" */
    0x8, 0x0, 0x7e, 0xc, 0x20, 0x7f, 0xfe, 0x10,
    0x90, 0x84, 0xff, 0xe4, 0x21, 0x21, 0x9, 0xff,
    0xd8, 0x42, 0x82, 0x14, 0x10, 0xc0, 0x9c,

    /* U+89E3 "解" */
    0x20, 0x0, 0x79, 0xf9, 0x21, 0x14, 0x42, 0x2f,
    0x69, 0xca, 0x6a, 0x1f, 0xa4, 0x29, 0x7f, 0x53,
    0x10, 0xa6, 0x21, 0xfb, 0xfe, 0x90, 0x89, 0x21,
    0x11, 0xc2, 0x0,

    /* U+89E6 "触" */
    0x20, 0x20, 0x78, 0x41, 0x20, 0x84, 0x4f, 0xef,
    0xf2, 0x4a, 0x64, 0x9f, 0xc9, 0x29, 0x92, 0x52,
    0xf8, 0xfc, 0x41, 0x48, 0xa6, 0x91, 0x29, 0x23,
    0xd2, 0xd8, 0x40,

    /* U+8A00 "言" */
    0x0, 0x0, 0x8, 0x0, 0x10, 0x3f, 0xff, 0x0,
    0x0, 0xff, 0xc0, 0x0, 0x0, 0x0, 0x3f, 0xf0,
    0x0, 0x3, 0xff, 0x8, 0x4, 0x20, 0x10, 0x80,
    0x43, 0xff, 0x0,

    /* U+8A79 "詹" */
    0x8, 0x0, 0x5e, 0x2, 0x8, 0xf, 0xff, 0x62,
    0x20, 0x90, 0x62, 0x88, 0xb, 0xde, 0x2f, 0xf8,
    0x80, 0x2, 0x7f, 0x13, 0xfe, 0x48, 0xa, 0x20,
    0x28, 0xff, 0x80,

    /* U+8A89 "誉" */
    0x0, 0x10, 0x88, 0x81, 0x2, 0x3f, 0xff, 0x10,
    0x40, 0x48, 0x82, 0x21, 0x1f, 0xfe, 0x80, 0x4,
    0x3f, 0x81, 0xff, 0x0, 0x0, 0x1f, 0xf0, 0x80,
    0x41, 0xff, 0x0,

    /* U+8A93 "誓" */
    0x0, 0x3, 0xff, 0xc1, 0x10, 0x7, 0xff, 0xf1,
    0x10, 0x48, 0x47, 0x61, 0x0, 0x80, 0x7d, 0xf8,
    0xff, 0xc0, 0x0, 0x7, 0xf8, 0x3f, 0xf0, 0x80,
    0x43, 0xff, 0x0,

    /* U+8B66 "警" */
    0xfe, 0x0, 0x83, 0xe7, 0xf1, 0x3e, 0x98, 0x8a,
    0x21, 0xf3, 0x40, 0xd0, 0xbf, 0xfe, 0x3f, 0xe0,
    0x0, 0x1, 0xfc, 0xf, 0xf8, 0x20, 0x20, 0xff,
    0x80,

    /* U+8BA1 "计" */
    0x0, 0x20, 0x0, 0x40, 0x40, 0x80, 0x41, 0x0,
    0x2, 0x0, 0x4, 0x1c, 0xff, 0x88, 0x10, 0x10,
    0x20, 0x20, 0x40, 0x40, 0x80, 0x81, 0x1, 0x42,
    0x3, 0x4, 0x0, 0x8, 0x0,

    /* U+8BA2 "订" */
    0x0, 0x0, 0x4f, 0xfc, 0x40, 0x40, 0x0, 0x80,
    0x1, 0x1e, 0x2, 0x4, 0x4, 0x8, 0x8, 0x10,
    0x10, 0x20, 0x20, 0x40, 0x40, 0xc0, 0x81, 0x1,
    0x0, 0x1e, 0x0,

    /* U+8BA4 "认" */
    0x0, 0x20, 0x30, 0x20, 0x8, 0x20, 0x0, 0x20,
    0x0, 0x20, 0xf0, 0x20, 0x10, 0x20, 0x10, 0x20,
    0x10, 0x50, 0x10, 0x50, 0x10, 0x50, 0x14, 0xc8,
    0x18, 0x88, 0x21, 0x4, 0x2, 0x3,

    /* U+8BA5 "讥" */
    0x0, 0x0, 0x43, 0xe0, 0x44, 0x40, 0x48, 0x80,
    0x11, 0x0, 0x22, 0x3c, 0x44, 0x8, 0x88, 0x11,
    0x10, 0x22, 0x20, 0x44, 0x40, 0x90, 0x91, 0xa1,
    0x24, 0x42, 0x41, 0x7, 0x80,

    /* U+8BA8 "讨" */
    0x0, 0x8, 0x40, 0x10, 0x40, 0x20, 0x40, 0x40,
    0x3f, 0xe0, 0x1, 0x3c, 0x2, 0x8, 0x4, 0x10,
    0x88, 0x21, 0x10, 0x41, 0x20, 0x80, 0x41, 0x40,
    0x83, 0x1, 0x8, 0x1e, 0x0,

    /* U+8BA9 "让" */
    0x20, 0x40, 0x20, 0x80, 0x21, 0x0, 0x2, 0x0,
    0x4, 0xe, 0xf, 0x84, 0x10, 0x8, 0x20, 0x10,
    0x40, 0x20, 0x80, 0x41, 0x0, 0xc2, 0x1, 0x4,
    0x4, 0xff, 0xc0,

    /* U+8BAA "讪" */
    0x0, 0x20, 0x20, 0x40, 0x20, 0x80, 0x1, 0x0,
    0x22, 0x20, 0x44, 0x7c, 0x88, 0x89, 0x11, 0x12,
    0x22, 0x24, 0x44, 0x48, 0x88, 0x91, 0x11, 0xa2,
    0x22, 0x7f, 0xc8, 0x0, 0x80,

    /* U+8BAD "训" */
    0x1, 0x2, 0x62, 0x44, 0x24, 0x88, 0x9, 0x10,
    0x12, 0x2e, 0x24, 0x44, 0x48, 0x88, 0x91, 0x11,
    0x22, 0x22, 0x44, 0x44, 0x88, 0xf1, 0x11, 0x20,
    0x20, 0x80, 0x40,

    /* U+8BAE "议" */
    0x0, 0x40, 0x44, 0x88, 0x68, 0x90, 0x10, 0x20,
    0x20, 0x9e, 0x21, 0x4, 0x42, 0x8, 0x48, 0x10,
    0x90, 0x20, 0xc0, 0x40, 0x80, 0x86, 0x81, 0x50,
    0x83, 0xc0, 0xc0,

    /* U+8BAF "讯" */
    0x20, 0x0, 0x17, 0xf8, 0x10, 0x88, 0x0, 0x88,
    0x0, 0x88, 0x70, 0x88, 0x17, 0xf8, 0x10, 0x88,
    0x10, 0x88, 0x10, 0x88, 0x10, 0x88, 0x18, 0x89,
    0x20, 0x85, 0x0, 0x87,

    /* U+8BB0 "记" */
    0x0, 0x0, 0x43, 0xf8, 0x60, 0x10, 0x0, 0x20,
    0x0, 0x4e, 0x0, 0x84, 0x7f, 0x8, 0x82, 0x11,
    0x0, 0x22, 0x0, 0x44, 0x0, 0xa8, 0x11, 0x90,
    0x20, 0x3f, 0xc0,

    /* U+8BB2 "讲" */
    0x41, 0x10, 0x42, 0x20, 0x44, 0x40, 0x3f, 0xe0,
    0x11, 0x1c, 0x22, 0x8, 0x44, 0x10, 0x88, 0x2f,
    0xfe, 0x42, 0x20, 0x84, 0x41, 0x50, 0x83, 0x21,
    0x8, 0x82, 0x0,

    /* U+8BB3 "讳" */
    0x40, 0x40, 0x40, 0x80, 0x5f, 0xf8, 0x2, 0x0,
    0x4, 0x1e, 0x7f, 0x84, 0x10, 0x8, 0x20, 0x17,
    0xfe, 0x20, 0x84, 0x41, 0x8, 0xc2, 0x11, 0x4,
    0xe4, 0x8, 0x0,

    /* U+8BB6 "讶" */
    0x40, 0x0, 0x4f, 0xfc, 0x40, 0x40, 0x0, 0x80,
    0x21, 0x1e, 0x42, 0x5, 0x4, 0x9, 0xff, 0x10,
    0x30, 0x20, 0xa0, 0x52, 0x40, 0xc8, 0x82, 0x21,
    0x0, 0x82, 0x0, 0x3c, 0x0,

    /* U+8BB8 "许" */
    0x0, 0x0, 0x42, 0x0, 0x44, 0x0, 0x4f, 0xf0,
    0x22, 0x0, 0x44, 0x3d, 0x8, 0x8, 0x10, 0x17,
    0xfe, 0x20, 0x40, 0x40, 0x80, 0x81, 0x1, 0x42,
    0x3, 0x4, 0x0, 0x8, 0x0,

    /* U+8BB9 "讹" */
    0x20, 0x90, 0x21, 0x20, 0x22, 0x40, 0x8, 0xa0,
    0x11, 0x9e, 0x62, 0x5, 0x44, 0x8, 0x98, 0x11,
    0x50, 0x22, 0x20, 0x44, 0x40, 0xc8, 0x91, 0x11,
    0x20, 0x23, 0xc0,

    /* U+8BBA "论" */
    0x0, 0x40, 0x40, 0xc0, 0x42, 0x40, 0x44, 0x40,
    0x10, 0x5e, 0x40, 0x44, 0x40, 0x8, 0x84, 0x11,
    0x30, 0x23, 0x80, 0x44, 0x0, 0xc8, 0x11, 0x10,
    0x20, 0x3f, 0xc0,

    /* U+8BBD "讽" */
    0x47, 0xf8, 0x48, 0x10, 0x50, 0x20, 0x21, 0x40,
    0x54, 0x9c, 0xa9, 0x9, 0x32, 0x12, 0x24, 0x24,
    0xc8, 0x4a, 0x50, 0xb4, 0xa1, 0xd0, 0x44, 0x80,
    0xe2, 0x0, 0xc0,

    /* U+8BBE "设" */
    0x20, 0xf8, 0x21, 0x10, 0x22, 0x20, 0x8, 0x40,
    0x10, 0x9e, 0x41, 0xc4, 0x0, 0x9, 0xfe, 0x11,
    0x4, 0x22, 0x10, 0x42, 0x20, 0x82, 0x81, 0xc2,
    0x2, 0x1b, 0x0, 0xc1, 0x80,

    /* U+8BBF "访" */
    0x20, 0x0, 0x20, 0x40, 0x20, 0x80, 0x1f, 0xf0,
    0x8, 0x0, 0x10, 0x1c, 0x20, 0x8, 0x7e, 0x10,
    0x84, 0x22, 0x8, 0x44, 0x10, 0xa8, 0x21, 0xa0,
    0x44, 0x41, 0x81, 0xf, 0x0,

    /* U+8BC0 "诀" */
    0x0, 0x40, 0x40, 0x80, 0x61, 0x0, 0x1f, 0xe0,
    0x4, 0x40, 0x8, 0xbc, 0x11, 0x8, 0x22, 0x13,
    0xfe, 0x20, 0x80, 0x42, 0x80, 0x85, 0x1, 0x49,
    0x3, 0x22, 0x8, 0x83, 0x2, 0x0,

    /* U+8BC1 "证" */
    0x20, 0x0, 0x27, 0xfc, 0x40, 0x80, 0x1, 0x0,
    0x2, 0xe, 0x24, 0x4, 0x4f, 0x88, 0x90, 0x11,
    0x20, 0x22, 0x40, 0x44, 0x80, 0xa9, 0x1, 0x92,
    0x2, 0xff, 0xc0,

    /* U+8BC4 "评" */
    0x3, 0xfe, 0x10, 0x20, 0x8, 0x20, 0x1, 0x24,
    0x1, 0x24, 0xf1, 0x24, 0x10, 0x20, 0x17, 0xff,
    0x10, 0x20, 0x10, 0x20, 0x10, 0x20, 0x14, 0x20,
    0x18, 0x20, 0x0, 0x20,

    /* U+8BC5 "诅" */
    0x21, 0xf8, 0x22, 0x10, 0x64, 0x20, 0x8, 0x40,
    0x10, 0x9e, 0x3f, 0x4, 0x42, 0x8, 0x84, 0x11,
    0x8, 0x23, 0xf0, 0x44, 0x20, 0xa8, 0x41, 0x10,
    0x84, 0xff, 0xc0,

    /* U+8BC6 "识" */
    0x0, 0x0, 0x43, 0xf8, 0x44, 0x10, 0x8, 0x20,
    0x10, 0x5e, 0x20, 0x84, 0x41, 0x8, 0xfe, 0x10,
    0x0, 0x20, 0x0, 0x42, 0x20, 0x88, 0x41, 0x90,
    0x44, 0x40, 0x80, 0x0, 0x0,

    /* U+8BC8 "诈" */
    0x0, 0x0, 0x42, 0x0, 0x44, 0x0, 0x4f, 0xf0,
    0x24, 0x0, 0x48, 0x1d, 0x10, 0xa, 0x3f, 0x10,
    0x40, 0x20, 0x80, 0x41, 0xf8, 0x82, 0x1, 0x44,
    0x3, 0x8, 0x0, 0x10, 0x0,

    /* U+8BC9 "诉" */
    0x20, 0x10, 0x11, 0xe0, 0x9, 0x0, 0x1, 0x0,
    0x1, 0x0, 0xf1, 0xff, 0x11, 0x10, 0x11, 0x10,
    0x11, 0x30, 0x11, 0x18, 0x13, 0x16, 0x16, 0x10,
    0x1a, 0x10, 0x24, 0x10,

    /* U+8BCC "诌" */
    0x0, 0x0, 0x2, 0x3, 0xf, 0xc2, 0x23, 0x1,
    0x8, 0x4, 0x4f, 0x21, 0x4, 0x7f, 0x10, 0x4,
    0x40, 0x11, 0x1f, 0xc4, 0x1, 0x14, 0x4, 0xe7,
    0xf0, 0x0, 0x0,

    /* U+8BCD "词" */
    0x23, 0xfe, 0x20, 0x4, 0x20, 0x8, 0x1f, 0x90,
    0x0, 0x2e, 0x3c, 0x44, 0x48, 0x88, 0x91, 0x11,
    0x22, 0x22, 0x44, 0x47, 0x88, 0xa8, 0x11, 0x80,
    0x20, 0x3, 0xc0,

    /* U+8BD5 "试" */
    0x0, 0x10, 0x20, 0x14, 0x10, 0x12, 0x0, 0x10,
    0x7, 0xff, 0x0, 0x10, 0x70, 0x10, 0x13, 0xf0,
    0x10, 0x90, 0x10, 0x90, 0x10, 0x88, 0x10, 0x88,
    0x19, 0xc9, 0x20, 0xd, 0x0, 0x6,

    /* U+8BDA "诚" */
    0x0, 0x8, 0x40, 0x40, 0x40, 0x80, 0x5f, 0xf0,
    0x22, 0x1e, 0x44, 0x44, 0xf8, 0x89, 0x2a, 0x12,
    0x54, 0x24, 0xa8, 0x49, 0x60, 0xb2, 0x91, 0x5d,
    0xa4, 0x84, 0xc0,

    /* U+8BDD "话" */
    0x0, 0x8, 0x33, 0xf0, 0x8, 0x20, 0x0, 0x20,
    0x0, 0x20, 0xf3, 0xff, 0x10, 0x20, 0x10, 0x20,
    0x11, 0xfc, 0x11, 0x4, 0x11, 0x4, 0x15, 0x4,
    0x19, 0x4, 0x21, 0xfc,

    /* U+8BE1 "诡" */
    0x20, 0x0, 0x10, 0xf8, 0x9, 0x10, 0x2, 0x10,
    0x3, 0xff, 0xf5, 0x0, 0x11, 0x7c, 0x11, 0x44,
    0x11, 0x44, 0x11, 0x44, 0x11, 0x5c, 0x13, 0x40,
    0x1a, 0x41, 0x2, 0x7e,

    /* U+8BE2 "询" */
    0x0, 0x80, 0x41, 0x0, 0x44, 0x0, 0x4f, 0xf0,
    0x20, 0x20, 0x40, 0x7d, 0x7c, 0x88, 0x89, 0x11,
    0xf2, 0x22, 0x24, 0x44, 0x48, 0xaf, 0x91, 0x90,
    0x24, 0x0, 0xc0, 0xf, 0x0,

    /* U+8BE5 "该" */
    0x0, 0x0, 0x40, 0x40, 0x60, 0x0, 0x5f, 0xf0,
    0x8, 0x0, 0x10, 0x1c, 0x44, 0x8, 0xf8, 0x10,
    0x22, 0x20, 0x88, 0x42, 0x20, 0x98, 0x81, 0x3,
    0x2, 0x89, 0x6, 0x61, 0x81, 0x0,

    /* U+8BE6 "详" */
    0x1, 0x4, 0x61, 0x10, 0x20, 0x20, 0x1f, 0xf0,
    0x2, 0xe, 0x4, 0x4, 0x7f, 0x8, 0x10, 0x10,
    0x20, 0x27, 0xfc, 0x40, 0x80, 0xc1, 0x1, 0x2,
    0x0, 0x4, 0x0,

    /* U+8BE7 "诧" */
    0x0, 0x40, 0x60, 0x40, 0x2f, 0xf8, 0x10, 0x10,
    0x20, 0x3e, 0x6, 0x4, 0x70, 0x8, 0x20, 0x10,
    0x5c, 0x27, 0xc0, 0x41, 0x0, 0xa2, 0x11, 0x84,
    0x20, 0xf, 0xc0,

    /* U+8BED "语" */
    0x23, 0xfe, 0x20, 0x80, 0x22, 0x0, 0x1f, 0xc0,
    0x8, 0x8e, 0x11, 0x5, 0xff, 0x88, 0x0, 0x10,
    0x0, 0x23, 0xf8, 0x48, 0x10, 0x90, 0x21, 0xe0,
    0x42, 0x3f, 0x80,

    /* U+8BEF "误" */
    0x21, 0xfc, 0x22, 0x8, 0x24, 0x10, 0x8, 0x20,
    0x1f, 0xce, 0x0, 0x4, 0x7f, 0x88, 0x10, 0x10,
    0x20, 0x27, 0xfc, 0x40, 0x80, 0x83, 0x1, 0x89,
    0x0, 0x21, 0x80, 0x80, 0x80,

    /* U+8BF1 "诱" */
    0x0, 0x1c, 0x33, 0xe0, 0x8, 0x20, 0x3, 0xfe,
    0x0, 0x70, 0xf0, 0xa8, 0x11, 0x24, 0x12, 0x22,
    0x11, 0xc0, 0x10, 0x9e, 0x14, 0x84, 0x19, 0x4,
    0x21, 0x4, 0x2, 0x1c,

    /* U+8BF4 "说" */
    0x41, 0x8, 0x31, 0x10, 0x8, 0x10, 0x3, 0xfc,
    0x2, 0x4, 0xf2, 0x4, 0x12, 0x4, 0x13, 0xfc,
    0x11, 0x20, 0x11, 0x20, 0x11, 0x20, 0x1a, 0x21,
    0x22, 0x22, 0x4, 0x3e,

    /* U+8BF6 "诶" */
    0x20, 0x40, 0x21, 0x20, 0x24, 0x20, 0x1f, 0xe0,
    0x0, 0x3e, 0x20, 0x4, 0x7f, 0x89, 0x20, 0x10,
    0x40, 0x2f, 0xfc, 0x41, 0x80, 0x85, 0x1, 0x89,
    0x2, 0x61, 0x1, 0x1, 0x80,

    /* U+8BF7 "请" */
    0x20, 0x20, 0x13, 0xfe, 0x8, 0x20, 0x3, 0xfe,
    0x0, 0x20, 0x71, 0xde, 0x11, 0xfc, 0x11, 0x4,
    0x11, 0x4, 0x11, 0xfc, 0x11, 0x4, 0x15, 0xfc,
    0x19, 0x4, 0x1, 0x1c,

    /* U+8BF8 "诸" */
    0x0, 0x40, 0x40, 0x84, 0x4f, 0xf0, 0x2, 0x40,
    0x5, 0x1e, 0xff, 0xc4, 0x10, 0x8, 0xfe, 0x13,
    0x4, 0x2a, 0x8, 0x47, 0xf0, 0xa8, 0x23, 0x9f,
    0xc0, 0x20, 0x80,

    /* U+8BFA "诺" */
    0x1, 0x1, 0x4, 0x82, 0x7f, 0xc4, 0x48, 0x1,
    0x0, 0x2, 0xe, 0x10, 0xb, 0xff, 0x22, 0x0,
    0x8f, 0xe2, 0x60, 0x8a, 0x82, 0x32, 0x8, 0x88,
    0x20, 0x3f, 0x80,

    /* U+8BFB "读" */
    0x0, 0x20, 0x40, 0x40, 0x47, 0xf0, 0x41, 0x0,
    0x2, 0x0, 0x3b, 0x3c, 0x1, 0x8, 0x52, 0x11,
    0x20, 0x21, 0x40, 0x4f, 0xf8, 0x82, 0x1, 0x45,
    0x3, 0x11, 0x8, 0xc1, 0x80,

    /* U+8BFE "课" */
    0x0, 0x0, 0x23, 0xfc, 0x12, 0x24, 0x2, 0x24,
    0x3, 0xfc, 0x2, 0x24, 0x72, 0x24, 0x13, 0xfc,
    0x10, 0x20, 0x17, 0xff, 0x10, 0x70, 0x10, 0xa8,
    0x19, 0x24, 0x12, 0x22, 0x4, 0x20,

    /* U+8C01 "谁" */
    0x0, 0xa0, 0x30, 0x90, 0x9, 0x0, 0x1, 0xfe,
    0x3, 0x10, 0xf5, 0x10, 0x11, 0xfe, 0x11, 0x10,
    0x11, 0x10, 0x11, 0x10, 0x11, 0xfe, 0x11, 0x10,
    0x15, 0x10, 0x19, 0xff, 0x1, 0x0,

    /* U+8C03 "调" */
    0x23, 0xfe, 0x24, 0x44, 0x8, 0x88, 0x17, 0xd0,
    0x22, 0x2e, 0x44, 0x44, 0xff, 0x89, 0x1, 0x12,
    0xfa, 0x2d, 0x14, 0x5a, 0x28, 0xe7, 0xd1, 0x48,
    0x25, 0x1, 0xc0,

    /* U+8C04 "谄" */
    0x0, 0x1, 0x4, 0x2, 0x1f, 0x84, 0x84, 0x4,
    0x13, 0xa0, 0x2, 0x8, 0x9, 0xcf, 0x24, 0x4,
    0x90, 0x12, 0x7b, 0xc9, 0x1, 0x34, 0x5, 0x1f,
    0xf0, 0x40, 0x40,

    /* U+8C05 "谅" */
    0x0, 0x0, 0x40, 0x40, 0x4f, 0xf8, 0x40, 0x0,
    0x0, 0x0, 0x7f, 0xbc, 0x81, 0x9, 0x2, 0x11,
    0xfc, 0x20, 0x40, 0x44, 0x80, 0xb1, 0x21, 0xa2,
    0x24, 0x4, 0x0, 0x38, 0x0,

    /* U+8C08 "谈" */
    0x0, 0x40, 0x20, 0x88, 0x29, 0x20, 0x2, 0x0,
    0xa, 0x1e, 0x12, 0x4, 0x43, 0x9, 0x21, 0x10,
    0x44, 0x24, 0x90, 0x49, 0x20, 0x86, 0x1, 0xa,
    0x3, 0x22, 0x1, 0x83, 0x0,

    /* U+8C0B "谋" */
    0x2, 0x11, 0x8, 0x42, 0xff, 0xc0, 0x84, 0x2,
    0x10, 0xf, 0xce, 0x21, 0x8, 0x84, 0x23, 0xf0,
    0x81, 0x2, 0x7f, 0xc8, 0x38, 0x29, 0x50, 0xc9,
    0x24, 0x44, 0x40,

    /* U+8C0E "谎" */
    0x0, 0x8, 0x41, 0x10, 0x4f, 0xf8, 0x44, 0x40,
    0x0, 0x80, 0x7f, 0xfc, 0x40, 0x8, 0x80, 0x11,
    0xfe, 0x20, 0x0, 0x44, 0xa0, 0x89, 0x41, 0x52,
    0x83, 0x45, 0x44, 0x89, 0x80,

    /* U+8C13 "谓" */
    0x23, 0xfe, 0x24, 0x44, 0x2f, 0xf8, 0x11, 0x1f,
    0x22, 0x22, 0x3b, 0x84, 0x7f, 0x9, 0x2, 0x12,
    0x4, 0x23, 0xf8, 0x48, 0x10, 0xaf, 0xe1, 0xa0,
    0x40, 0x1, 0x80,

    /* U+8C15 "谕" */
    0x40, 0x80, 0x41, 0x40, 0x44, 0x40, 0x10, 0x60,
    0xff, 0x3c, 0x0, 0x9, 0xe9, 0x12, 0x52, 0x27,
    0xa4, 0x49, 0x48, 0x9e, 0x91, 0xa4, 0x22, 0x48,
    0x40, 0xb3, 0x80,

    /* U+8C22 "谢" */
    0x0, 0x4, 0xcf, 0x8, 0x12, 0x10, 0x3d, 0xf0,
    0x48, 0x5c, 0x90, 0x89, 0xe9, 0x12, 0x52, 0x2f,
    0xa4, 0x41, 0x28, 0x86, 0x11, 0xb4, 0x25, 0x88,
    0x40, 0x33, 0x80,

    /* U+8C26 "谦" */
    0x4, 0x10, 0x84, 0x40, 0x80, 0x80, 0x7f, 0xe0,
    0x12, 0x0, 0xff, 0x18, 0x4a, 0x17, 0xfe, 0x21,
    0x28, 0x42, 0x50, 0xbf, 0xe1, 0x9, 0x2, 0x73,
    0x5, 0x25, 0x90, 0x48, 0x0,

    /* U+8C28 "谨" */
    0x0, 0x88, 0x20, 0x88, 0x17, 0xff, 0x0, 0x88,
    0x0, 0xf8, 0x0, 0x20, 0xf3, 0xfe, 0x12, 0x22,
    0x13, 0xfe, 0x10, 0x20, 0x13, 0xfe, 0x10, 0x20,
    0x15, 0xfe, 0x18, 0x20, 0x37, 0xff,

    /* U+8C31 "谱" */
    0x0, 0x88, 0x20, 0x10, 0x17, 0xfe, 0x0, 0x90,
    0x2, 0x94, 0x71, 0x90, 0x17, 0xff, 0x10, 0x0,
    0x11, 0xf8, 0x11, 0x8, 0x11, 0xf8, 0x15, 0x8,
    0x19, 0xf8, 0x1, 0x0,

    /* U+8C37 "谷" */
    0x4, 0x0, 0x10, 0x60, 0x40, 0x21, 0x8, 0x20,
    0x30, 0x0, 0x90, 0x2, 0x10, 0x8, 0x18, 0x3f,
    0xf9, 0xa0, 0x2c, 0x40, 0x40, 0x80, 0x81, 0x1,
    0x3, 0xfe, 0x0,

    /* U+8C41 "豁" */
    0x0, 0x0, 0x41, 0x4f, 0xe9, 0x24, 0xa2, 0x93,
    0x24, 0xe1, 0x87, 0xc5, 0x4, 0x22, 0xff, 0x4,
    0x43, 0xe7, 0xc8, 0xa1, 0x22, 0x84, 0x8a, 0x12,
    0x27, 0xcf, 0x80,

    /* U+8C46 "豆" */
    0xff, 0xfc, 0x0, 0x0, 0x0, 0xf, 0xfc, 0x40,
    0x11, 0x0, 0x44, 0x1, 0xf, 0xfc, 0x0, 0x0,
    0x0, 0x81, 0x4, 0x2, 0x10, 0x0, 0x83, 0xff,
    0xf0,

    /* U+8C61 "象" */
    0x8, 0x0, 0x3f, 0x0, 0x82, 0x3, 0xff, 0xc2,
    0x10, 0x87, 0xff, 0x1, 0x0, 0x5, 0x18, 0x75,
    0x60, 0x32, 0x40, 0x8a, 0x40, 0x64, 0x47, 0x8,
    0x60, 0xe0, 0x0,

    /* U+8C6A "豪" */
    0x0, 0x0, 0x4, 0x7, 0xef, 0x8f, 0xfc, 0x20,
    0x10, 0xff, 0xc0, 0x0, 0x3f, 0xff, 0xbf, 0xf4,
    0x10, 0x7, 0xa6, 0x7, 0x70, 0x27, 0x21, 0xe4,
    0x60, 0x70, 0x0,

    /* U+8C6B "豫" */
    0x1, 0x1, 0xf3, 0xe0, 0x28, 0x40, 0x90, 0x6,
    0x7f, 0xc2, 0x44, 0x9a, 0xff, 0x14, 0x60, 0x31,
    0x48, 0x45, 0x60, 0x84, 0xc1, 0x33, 0x42, 0x1a,
    0x44, 0xc4, 0x78, 0x38, 0x0,

    /* U+8C79 "豹" */
    0x0, 0x40, 0x71, 0x1, 0x2, 0x2, 0x67, 0xf4,
    0x90, 0x27, 0x20, 0x51, 0x20, 0x86, 0x21, 0x12,
    0x22, 0xc4, 0x24, 0x38, 0x8, 0x90, 0x16, 0x20,
    0x20, 0xc0, 0xc7, 0xf, 0x0,

    /* U+8C8C "貌" */
    0x0, 0x0, 0x30, 0x41, 0x87, 0xf0, 0x98, 0x24,
    0xd0, 0x4a, 0x3f, 0xba, 0x41, 0xc, 0x82, 0x25,
    0xfc, 0x88, 0xa0, 0x31, 0x41, 0xa2, 0x84, 0x49,
    0x31, 0xa2, 0x4e, 0x87, 0x80,

    /* U+8D1D "贝" */
    0x3f, 0xf8, 0x80, 0x22, 0x10, 0x88, 0x42, 0x21,
    0x8, 0x84, 0x22, 0x10, 0x88, 0x42, 0x21, 0x8,
    0x88, 0x20, 0x40, 0x2, 0x8, 0x10, 0x1b, 0x80,
    0x10,

    /* U+8D1F "负" */
    0x8, 0x0, 0x7e, 0x2, 0x8, 0x10, 0x40, 0xbf,
    0xf0, 0x80, 0x42, 0x21, 0x8, 0x84, 0x22, 0x10,
    0x88, 0x42, 0x41, 0x1, 0x20, 0x8, 0x61, 0xc0,
    0x60,

    /* U+8D21 "贡" */
    0x7f, 0xfc, 0x2, 0x0, 0x4, 0x7, 0xff, 0xf0,
    0x0, 0x3, 0xff, 0x4, 0x2, 0x8, 0x84, 0x11,
    0x8, 0x22, 0x10, 0x48, 0x20, 0x23, 0x1, 0x81,
    0x84, 0x0, 0x80,

    /* U+8D22 "财" */
    0x7c, 0x8, 0x88, 0x11, 0x50, 0x22, 0xaf, 0xf5,
    0x41, 0x8a, 0x85, 0x15, 0xa, 0x2a, 0x24, 0x54,
    0x48, 0xa9, 0x10, 0x84, 0x21, 0x40, 0x44, 0x40,
    0x90, 0x7, 0x0,

    /* U+8D23 "责" */
    0x1, 0x0, 0xff, 0xf8, 0x4, 0x1, 0xff, 0xc0,
    0x10, 0xf, 0xdf, 0x87, 0xfe, 0x8, 0x4, 0x11,
    0x8, 0x22, 0x10, 0x44, 0x20, 0x16, 0x0, 0xc3,
    0xe, 0x1, 0xc0,

    /* U+8D25 "败" */
    0x0, 0x0, 0xfc, 0x81, 0x9, 0x2, 0x93, 0xf5,
    0x28, 0xa, 0x51, 0x14, 0xa2, 0x29, 0x44, 0x52,
    0x48, 0xa4, 0xa1, 0x48, 0xc1, 0x0, 0x82, 0x43,
    0x8, 0x49, 0x20, 0x41, 0x80,

    /* U+8D26 "账" */
    0x7c, 0x84, 0x89, 0x11, 0x52, 0x22, 0xa4, 0x85,
    0x4a, 0xa, 0x90, 0x15, 0xff, 0xaa, 0x50, 0x54,
    0x90, 0xa9, 0x20, 0x82, 0x21, 0x44, 0x44, 0x49,
    0x50, 0x1c, 0x40,

    /* U+8D27 "货" */
    0x4, 0x80, 0x11, 0x8, 0x42, 0xe3, 0x9e, 0x1,
    0x8, 0x22, 0xf, 0xc0, 0x0, 0xf, 0xfc, 0x10,
    0x8, 0x22, 0x10, 0x44, 0x20, 0x88, 0x41, 0x20,
    0x80, 0x86, 0x1e, 0x3, 0x80,

    /* U+8D28 "质" */
    0x0, 0x3c, 0x3f, 0xc0, 0x20, 0x80, 0x3f, 0xff,
    0x21, 0x0, 0x2f, 0xfc, 0x28, 0x4, 0x28, 0x84,
    0x28, 0x84, 0x28, 0x84, 0x29, 0x4, 0x41, 0x20,
    0x42, 0x18, 0x9c, 0x6,

    /* U+8D2A "贪" */
    0x0, 0x0, 0xc, 0x0, 0xcc, 0xc, 0x8c, 0xc1,
    0xc, 0xff, 0x80, 0x4, 0x0, 0x10, 0x3f, 0xf0,
    0x80, 0x42, 0x1, 0x8, 0x84, 0x22, 0x10, 0x12,
    0x1, 0x86, 0x38, 0x6,

    /* U+8D2B "贫" */
    0x4, 0x40, 0x10, 0x40, 0x40, 0x43, 0x7f, 0x40,
    0x42, 0x60, 0x84, 0x6, 0x0, 0x10, 0x60, 0x1f,
    0xf0, 0x20, 0x20, 0x44, 0x40, 0x88, 0x81, 0x21,
    0x0, 0x90, 0x2, 0x1c, 0x38, 0x6,

    /* U+8D2D "购" */
    0x0, 0x1, 0xf2, 0x4, 0x48, 0x11, 0x3f, 0x55,
    0x5, 0x58, 0x15, 0x48, 0x55, 0x21, 0x54, 0xa5,
    0x54, 0x95, 0x57, 0x44, 0x25, 0x28, 0x5, 0x10,
    0x38, 0x3, 0x80,

    /* U+8D2F "贯" */
    0x1f, 0xf0, 0x84, 0x4f, 0xff, 0xc8, 0x84, 0x22,
    0x10, 0x77, 0x83, 0xff, 0x8, 0x4, 0x20, 0x10,
    0x88, 0x42, 0x21, 0x8, 0x84, 0xc, 0xe1, 0xc0,
    0x70,

    /* U+8D31 "贱" */
    0x0, 0x40, 0xf8, 0xa1, 0x11, 0x22, 0xa2, 0x25,
    0x5f, 0x8a, 0x88, 0x15, 0x10, 0x2a, 0x3c, 0x54,
    0xc2, 0xa8, 0x89, 0x50, 0xa1, 0x41, 0x82, 0x46,
    0x28, 0x32, 0x60, 0x3, 0x80,

    /* U+8D34 "贴" */
    0x7c, 0x20, 0x88, 0x41, 0x50, 0x82, 0xa1, 0xf5,
    0x42, 0xa, 0x84, 0x15, 0x8, 0x2a, 0xfe, 0x55,
    0x4, 0xaa, 0x8, 0x84, 0x11, 0x48, 0x24, 0x90,
    0x50, 0xbf, 0x80,

    /* U+8D35 "贵" */
    0x1, 0x0, 0x7f, 0xf0, 0x84, 0x21, 0xff, 0xc0,
    0x10, 0xf, 0xdf, 0x87, 0xfc, 0x10, 0x8, 0x21,
    0x10, 0x42, 0x20, 0x8, 0x40, 0x14, 0x0, 0xc7,
    0xe, 0x1, 0x80,

    /* U+8D38 "贸" */
    0x6, 0x0, 0x71, 0xf8, 0x80, 0x91, 0x22, 0x22,
    0x44, 0x47, 0x50, 0x80, 0x2, 0xf, 0xfc, 0x10,
    0x8, 0x22, 0x10, 0x44, 0x20, 0x88, 0x41, 0x24,
    0x81, 0x87, 0x1c, 0x1, 0x80,

    /* U+8D39 "费" */
    0x4, 0x40, 0xff, 0xf0, 0x11, 0x21, 0xff, 0xc4,
    0x44, 0xf, 0xff, 0x84, 0x11, 0x3f, 0xfe, 0x20,
    0x10, 0x42, 0x20, 0x88, 0x41, 0x16, 0x80, 0x43,
    0xf, 0x1, 0x80,

    /* U+8D3A "贺" */
    0x0, 0x0, 0xfe, 0xfc, 0x45, 0x8, 0x8a, 0x12,
    0x14, 0x28, 0x47, 0x87, 0xfe, 0x8, 0x4, 0x10,
    0x8, 0x22, 0x10, 0x44, 0x20, 0x8a, 0x40, 0x23,
    0x3, 0x81, 0x80,

    /* U+8D3C "贼" */
    0x7c, 0x28, 0x88, 0x49, 0x10, 0x82, 0xbf, 0xf5,
    0x4a, 0x2a, 0x94, 0x95, 0x29, 0x2b, 0xf2, 0x54,
    0xa8, 0xa9, 0x30, 0x84, 0x41, 0x48, 0x84, 0x62,
    0xb0, 0x0, 0x80,

    /* U+8D43 "赃" */
    0x0, 0x20, 0xf8, 0x21, 0x17, 0xfa, 0xa8, 0x85,
    0x51, 0xa, 0xa2, 0x15, 0x44, 0x2a, 0xff, 0x55,
    0x10, 0xaa, 0x20, 0x44, 0x41, 0x48, 0x82, 0x61,
    0x8, 0x7f, 0xc0,

    /* U+8D44 "资" */
    0x0, 0x1, 0x8, 0x2, 0x3f, 0x85, 0x22, 0x1,
    0x90, 0x69, 0xe, 0xc3, 0x0, 0x2, 0x3f, 0xf0,
    0x80, 0x42, 0x1, 0x8, 0x84, 0x24, 0x10, 0x13,
    0x81, 0x81, 0xb8, 0x0,

    /* U+8D4B "赋" */
    0x0, 0x0, 0xf8, 0x29, 0x17, 0xd2, 0xa0, 0x85,
    0x7f, 0xea, 0x82, 0x15, 0x14, 0x2a, 0xa8, 0x55,
    0x50, 0xaa, 0xa1, 0x55, 0x21, 0x4a, 0x42, 0x94,
    0xa8, 0xaf, 0x40, 0x21, 0x80,

    /* U+8D4E "赎" */
    0x0, 0x20, 0xf8, 0x41, 0x17, 0xf2, 0xa1, 0x5,
    0x5f, 0xea, 0x80, 0x95, 0x25, 0x2a, 0x28, 0x55,
    0x90, 0xa8, 0x41, 0x5f, 0xf9, 0x1, 0x2, 0x85,
    0x8, 0x91, 0xa0, 0x40, 0x80,

    /* U+8D4F "赏" */
    0x1, 0x0, 0x12, 0x61, 0xdb, 0x7a, 0x7f, 0x90,
    0x81, 0x1, 0x2, 0x3, 0xfc, 0x0, 0x0, 0x1f,
    0xf8, 0x20, 0x10, 0x44, 0x20, 0x88, 0x41, 0x24,
    0x80, 0x87, 0x1e, 0x1, 0x80,

    /* U+8D50 "赐" */
    0x7d, 0xfc, 0x8a, 0x9, 0x14, 0x12, 0xaf, 0xe5,
    0x50, 0x4a, 0xbf, 0x95, 0x20, 0x2a, 0x7f, 0x55,
    0x52, 0xac, 0xa4, 0x82, 0x49, 0x49, 0x14, 0x42,
    0x30, 0x9, 0x80,

    /* U+8D54 "赔" */
    0x0, 0x20, 0x7c, 0x20, 0x45, 0xfe, 0x54, 0x84,
    0x54, 0x88, 0x54, 0x8, 0x55, 0xff, 0x54, 0x0,
    0x54, 0xfc, 0x55, 0x4, 0x11, 0x4, 0x29, 0x4,
    0x45, 0x4, 0x80, 0xfc,

    /* U+8D56 "赖" */
    0x10, 0x80, 0x43, 0xcf, 0xf1, 0x4, 0x48, 0x11,
    0x23, 0xf7, 0xe9, 0x50, 0xa5, 0x52, 0x95, 0x4b,
    0xf5, 0x23, 0x94, 0x96, 0x52, 0x54, 0x82, 0x42,
    0x61, 0x10, 0x40,

    /* U+8D5A "赚" */
    0x0, 0x8, 0xf9, 0x11, 0x10, 0x42, 0xaf, 0xf5,
    0x45, 0xa, 0xbf, 0x95, 0x15, 0x2a, 0xff, 0x54,
    0x54, 0xa8, 0xa9, 0x57, 0xf1, 0x2, 0x82, 0x8d,
    0x88, 0xaa, 0xa0, 0x94, 0x80,

    /* U+8D5B "赛" */
    0x0, 0x0, 0x7f, 0xfe, 0x44, 0x22, 0x7f, 0xfe,
    0x4, 0x20, 0x1f, 0xf8, 0x4, 0x20, 0x7f, 0xfe,
    0x4, 0x20, 0x1f, 0xf8, 0x70, 0x16, 0x11, 0x10,
    0x11, 0x10, 0x2, 0x60, 0x3c, 0x1c,

    /* U+8D5E "赞" */
    0x50, 0xa1, 0xf3, 0xf1, 0x12, 0x3f, 0xff, 0x48,
    0x92, 0x4, 0x73, 0xff, 0x8, 0x4, 0x22, 0x10,
    0x88, 0x42, 0x21, 0x9, 0x20, 0x18, 0x73, 0x80,
    0x20,

    /* U+8D60 "赠" */
    0x0, 0x8, 0xf8, 0x21, 0x1f, 0xfa, 0xb1, 0x15,
    0x6a, 0xaa, 0xc4, 0x55, 0xff, 0xaa, 0x0, 0x54,
    0xfc, 0xaa, 0x8, 0x63, 0xf1, 0x48, 0x22, 0x50,
    0x48, 0x1f, 0x80,

    /* U+8D62 "赢" */
    0x0, 0x1, 0xff, 0xe3, 0xff, 0x80, 0x0, 0x3f,
    0xf9, 0x0, 0x23, 0xff, 0x1d, 0xde, 0x5b, 0x49,
    0xed, 0xa5, 0xb6, 0x9c, 0x96, 0x94, 0x8a, 0xd2,
    0x30,

    /* U+8D64 "赤" */
    0x1, 0x0, 0x2, 0x0, 0xff, 0xc0, 0x8, 0x0,
    0x10, 0x1f, 0xff, 0x81, 0x10, 0x12, 0x28, 0x44,
    0x48, 0x88, 0x8a, 0x21, 0x8, 0x42, 0x1, 0x4,
    0x0, 0x38, 0x0,

    /* U+8D66 "赦" */
    0x8, 0x20, 0x10, 0x80, 0x79, 0x0, 0x43, 0xf0,
    0x84, 0x4f, 0xf8, 0x85, 0x2a, 0xa, 0x14, 0x55,
    0x29, 0x2a, 0x20, 0x90, 0x41, 0x21, 0x42, 0x44,
    0x49, 0x90, 0x40,

    /* U+8D6B "赫" */
    0x10, 0x20, 0x20, 0x41, 0xf3, 0xe0, 0x81, 0x1,
    0x2, 0x1f, 0xff, 0x8a, 0x14, 0x16, 0x2c, 0xad,
    0x55, 0x56, 0xa9, 0x22, 0x4a, 0x44, 0x84, 0x89,
    0x17, 0x26, 0x0,

    /* U+8D70 "走" */
    0x2, 0x0, 0x8, 0x7, 0xff, 0x80, 0x80, 0x2,
    0x3, 0xff, 0xf0, 0x20, 0x8, 0x80, 0x23, 0xf8,
    0x88, 0x2, 0x20, 0x14, 0x80, 0x8e, 0x2, 0xf,
    0xf0,

    /* U+8D74 "赴" */
    0x8, 0x40, 0x21, 0x7, 0xe4, 0x2, 0x10, 0x8,
    0x63, 0xff, 0x60, 0x84, 0x52, 0x10, 0x4e, 0x41,
    0x21, 0x4, 0x84, 0x1a, 0x10, 0xb8, 0x2, 0x3f,
    0xf0,

    /* U+8D76 "赶" */
    0x10, 0x0, 0x43, 0xef, 0xe2, 0x4, 0x8, 0x10,
    0x21, 0xf0, 0x81, 0x1f, 0xd4, 0x8, 0x5e, 0x21,
    0x40, 0x85, 0x2, 0x14, 0x8, 0xb0, 0x22, 0x3f,
    0xf0, 0x0, 0x0,

    /* U+8D77 "起" */
    0x8, 0x0, 0x8, 0x3e, 0x7f, 0x2, 0x8, 0x2,
    0x8, 0x2, 0x7f, 0x2, 0x8, 0x7e, 0x8, 0x40,
    0x28, 0x40, 0x2f, 0x40, 0x28, 0x40, 0x28, 0x41,
    0x58, 0x7f, 0x58, 0x0, 0x47, 0xfe, 0x0, 0x0,

    /* U+8D81 "趁" */
    0x8, 0x20, 0x8, 0x30, 0x7e, 0x48, 0x9, 0x86,
    0x8, 0x10, 0x7f, 0x20, 0x8, 0x48, 0x28, 0x12,
    0x2f, 0x64, 0x28, 0x8, 0x28, 0x10, 0x68, 0x60,
    0x58, 0x0, 0x87, 0xfe,

    /* U+8D84 "趄" */
    0x10, 0x0, 0x21, 0xf3, 0xf2, 0x20, 0x84, 0x41,
    0xf, 0x9f, 0xd1, 0x4, 0x22, 0x28, 0x44, 0x5c,
    0xf8, 0xa1, 0x11, 0x42, 0x25, 0x9f, 0xe9, 0x80,
    0x11, 0xff, 0x80,

    /* U+8D85 "超" */
    0x11, 0xfc, 0x40, 0x9f, 0xe4, 0x44, 0x11, 0x10,
    0x87, 0xfa, 0x61, 0x10, 0x14, 0x3f, 0x5e, 0x85,
    0x42, 0x15, 0x8, 0x54, 0x3f, 0xb0, 0x2, 0x3f,
    0xf0, 0x0, 0x0,

    /* U+8D8A "越" */
    0x8, 0x8, 0x8, 0xa, 0x7f, 0x8, 0x8, 0xff,
    0x8, 0x88, 0x7f, 0x88, 0x8, 0x8a, 0x28, 0x8c,
    0x2e, 0xa4, 0x28, 0xc5, 0x28, 0x1d, 0x38, 0x23,
    0x48, 0x0, 0x47, 0xfe,

    /* U+8D8B "趋" */
    0x10, 0x80, 0x43, 0xcf, 0xd1, 0x4, 0x88, 0x12,
    0x23, 0xf7, 0xe1, 0x0, 0x94, 0x2, 0x5c, 0xf9,
    0x40, 0x25, 0x1f, 0x9c, 0x0, 0x98, 0x2, 0x1f,
    0xf0, 0x0, 0x0,

    /* U+8D94 "趔" */
    0x0, 0x4, 0x8f, 0x9f, 0x91, 0x48, 0x45, 0x1,
    0x35, 0xc9, 0x52, 0x25, 0x58, 0x35, 0x58, 0x95,
    0x84, 0x16, 0x20, 0x68, 0x3, 0x90, 0x2, 0x3f,
    0xf0, 0x0, 0x0,

    /* U+8D9F "趟" */
    0x0, 0x24, 0x42, 0x4b, 0xf4, 0xa1, 0x1, 0x2,
    0x1f, 0xdf, 0xa0, 0x80, 0x5d, 0x30, 0xca, 0x5d,
    0x94, 0xc2, 0xe9, 0x84, 0x13, 0x8, 0x69, 0x90,
    0x10, 0xff, 0xc0,

    /* U+8DA3 "趣" */
    0x3, 0xe0, 0x42, 0x81, 0xc5, 0x71, 0xe, 0x20,
    0x14, 0x4f, 0x2b, 0x4, 0x72, 0x28, 0xa4, 0x5d,
    0x58, 0xa2, 0xa9, 0x4f, 0x92, 0x82, 0xb, 0x0,
    0x11, 0xff, 0x80,

    /* U+8DB3 "足" */
    0x3f, 0xf8, 0x40, 0x10, 0x80, 0x21, 0x0, 0x42,
    0x0, 0x87, 0xff, 0x0, 0x40, 0x8, 0x80, 0x11,
    0xfc, 0x22, 0x0, 0xc4, 0x1, 0x48, 0x4, 0x70,
    0x10, 0x3f, 0xc0,

    /* U+8DB4 "趴" */
    0x7c, 0x10, 0x89, 0x21, 0x12, 0x42, 0x24, 0x87,
    0xc9, 0x2, 0x12, 0x4, 0x44, 0x28, 0x84, 0x59,
    0x8, 0xa2, 0x11, 0x48, 0x22, 0xb0, 0x27, 0xc0,
    0x50, 0x80, 0x40,

    /* U+8DC3 "跃" */
    0x0, 0x0, 0xf8, 0x31, 0x17, 0x82, 0x21, 0x4,
    0x42, 0xf, 0x84, 0x4, 0x8, 0x8, 0xfe, 0x50,
    0x30, 0xb0, 0x61, 0x41, 0x42, 0x82, 0x45, 0x48,
    0x8f, 0x10, 0xa0, 0x40, 0x81, 0x0,

    /* U+8DCC "跌" */
    0x7c, 0x20, 0x8a, 0x41, 0x17, 0xfa, 0x31, 0x7,
    0xe2, 0x2, 0x44, 0x4, 0x8, 0x29, 0xff, 0x58,
    0x20, 0xa0, 0xc1, 0x41, 0x42, 0xa4, 0x87, 0x88,
    0x90, 0x20, 0x80, 0x80, 0x0,

    /* U+8DD1 "跑" */
    0x0, 0x80, 0xfa, 0x1, 0x13, 0xf2, 0x28, 0x24,
    0x60, 0x4f, 0xfe, 0x84, 0x45, 0x8, 0x8a, 0x51,
    0x14, 0xb2, 0x29, 0x47, 0x92, 0x88, 0x45, 0x50,
    0xd, 0x20, 0x40, 0x7f, 0x80,

    /* U+8DDA "跚" */
    0x7d, 0xdc, 0x8a, 0xa9, 0x15, 0x52, 0x2a, 0xa7,
    0xd5, 0x42, 0x2a, 0x84, 0x55, 0x29, 0xff, 0x59,
    0x54, 0xa2, 0xa9, 0x45, 0x52, 0xb2, 0xa6, 0xa6,
    0x40, 0x9d, 0x80,

    /* U+8DDD "距" */
    0x7d, 0xfe, 0x8a, 0x1, 0x14, 0x2, 0x28, 0x7,
    0xdf, 0xc2, 0x20, 0x84, 0x41, 0x28, 0x82, 0x59,
    0x4, 0xa3, 0xf9, 0x44, 0x2, 0x88, 0x7, 0x90,
    0x0, 0x3f, 0xc0,

    /* U+8DDF "跟" */
    0x7d, 0xfc, 0x8a, 0x9, 0x14, 0x12, 0x2f, 0xe7,
    0xd0, 0x42, 0x20, 0x84, 0x41, 0x28, 0xfc, 0x59,
    0x22, 0xa2, 0x49, 0x44, 0x62, 0xa8, 0x47, 0x90,
    0x50, 0x3c, 0x40,

    /* U+8DE4 "跤" */
    0x0, 0x20, 0xf8, 0x21, 0x17, 0xfa, 0x20, 0x4,
    0x48, 0x8f, 0x90, 0x84, 0x40, 0xa8, 0x24, 0x58,
    0x48, 0xa0, 0x61, 0x40, 0x82, 0x91, 0x87, 0xc4,
    0x80, 0x30, 0xc0,

    /* U+8DE8 "跨" */
    0x0, 0x0, 0xf8, 0x81, 0x11, 0x2, 0x2f, 0xe4,
    0x4a, 0xf, 0xa2, 0x4, 0xbe, 0x8, 0x3, 0x51,
    0xfc, 0xb1, 0x1, 0x40, 0x2, 0x87, 0xc5, 0x60,
    0x8d, 0x1, 0x0, 0x1c, 0x0,

    /* U+8DEA "跪" */
    0x7c, 0x80, 0x44, 0xf8, 0x45, 0x10, 0x45, 0xff,
    0x7f, 0x0, 0x11, 0x0, 0x11, 0x7c, 0x51, 0x44,
    0x59, 0x44, 0x51, 0x44, 0x51, 0x48, 0x55, 0x41,
    0x6a, 0x42, 0x2, 0x7e,

    /* U+8DEF "路" */
    0x0, 0x0, 0xf8, 0x81, 0x11, 0xf2, 0x24, 0x24,
    0x54, 0x8f, 0xca, 0x4, 0x8, 0x8, 0x28, 0x5c,
    0x88, 0xa3, 0xfd, 0x4a, 0x12, 0x84, 0x25, 0x48,
    0x4f, 0x10, 0x80, 0x3f, 0x0,

    /* U+8DF3 "跳" */
    0x0, 0x50, 0xf8, 0xa1, 0x11, 0x42, 0x22, 0xa4,
    0x55, 0x4f, 0x8b, 0x4, 0x16, 0x8, 0x28, 0x50,
    0x50, 0xb1, 0xb1, 0x45, 0x52, 0x84, 0x85, 0x49,
    0x1d, 0x22, 0x40, 0x87, 0x80,

    /* U+8DF5 "践" */
    0x0, 0x40, 0xf8, 0xa1, 0x11, 0x22, 0x22, 0x24,
    0x5f, 0x8f, 0x88, 0x4, 0x10, 0x8, 0x3c, 0x51,
    0xc0, 0xb0, 0x89, 0x40, 0xa2, 0x81, 0x85, 0x42,
    0xd, 0x1a, 0x40, 0x43, 0x80,

    /* U+8DFA "跺" */
    0x7c, 0xf8, 0x89, 0x11, 0x12, 0x22, 0x2c, 0x47,
    0xd0, 0x82, 0x25, 0xc4, 0x8, 0x29, 0xff, 0x58,
    0x70, 0xa1, 0x51, 0x44, 0xa2, 0xe9, 0x2e, 0x22,
    0x20, 0x4, 0x0,

    /* U+8E0F "踏" */
    0x0, 0x20, 0xf8, 0x41, 0x10, 0x8a, 0x3d, 0xe4,
    0x4b, 0xf, 0xa5, 0x4, 0x89, 0x28, 0x31, 0x5d,
    0xfc, 0xa2, 0x9, 0x44, 0x12, 0x8f, 0xe5, 0x50,
    0x4d, 0x20, 0x80, 0x7f, 0x0,

    /* U+8E1E "踞" */
    0x7d, 0xfe, 0x45, 0x2, 0x45, 0x2, 0x45, 0xfe,
    0x7d, 0x10, 0x11, 0x10, 0x11, 0xff, 0x51, 0x10,
    0x59, 0x10, 0x51, 0xfc, 0x53, 0x84, 0x52, 0x84,
    0x5a, 0x84, 0xa4, 0xfc,

    /* U+8E22 "踢" */
    0x7d, 0xfc, 0x8a, 0x9, 0x14, 0x12, 0x2f, 0xe7,
    0xd0, 0x42, 0x3f, 0x84, 0x20, 0x28, 0x80, 0x59,
    0xfe, 0xa5, 0x25, 0x42, 0x8a, 0xa9, 0x16, 0xa4,
    0x40, 0xb, 0x80,

    /* U+8E29 "踩" */
    0x78, 0xc, 0x97, 0xe1, 0x21, 0x12, 0x42, 0x27,
    0x92, 0x82, 0x20, 0x4, 0x8, 0x28, 0x10, 0x59,
    0xfc, 0xa0, 0xe1, 0x42, 0xa2, 0xa9, 0x27, 0xa2,
    0x20, 0x4, 0x0,

    /* U+8E2A "踪" */
    0x0, 0x20, 0xf8, 0x41, 0x10, 0x82, 0x2f, 0xf4,
    0x60, 0x2f, 0x9f, 0x84, 0x0, 0x8, 0x0, 0x50,
    0x0, 0xb1, 0xf9, 0x40, 0x82, 0x89, 0x25, 0x52,
    0x2d, 0x44, 0x0, 0x18, 0x0,

    /* U+8E31 "踱" */
    0x0, 0x20, 0xf8, 0x41, 0x17, 0xfa, 0x2a, 0x44,
    0x54, 0x8f, 0xaf, 0x84, 0x52, 0x8, 0xa4, 0x51,
    0x30, 0xb2, 0x1, 0x45, 0xf2, 0x9a, 0x45, 0x63,
    0xf, 0x46, 0x21, 0x33, 0x80,

    /* U+8E39 "踹" */
    0x0, 0x20, 0xf8, 0x45, 0x18, 0x8a, 0x31, 0x14,
    0x5f, 0xef, 0x80, 0x4, 0xff, 0x88, 0x20, 0x50,
    0x0, 0xb1, 0xf9, 0x49, 0x4a, 0x92, 0x95, 0x65,
    0x2d, 0x4a, 0x40, 0x15, 0x80,

    /* U+8E44 "蹄" */
    0x0, 0x0, 0xf8, 0x41, 0x17, 0xfa, 0x24, 0x44,
    0x41, 0xf, 0xff, 0xc4, 0x80, 0x89, 0x10, 0x50,
    0x20, 0xb3, 0xf9, 0x44, 0x92, 0x89, 0x25, 0x52,
    0x4d, 0x25, 0x80, 0x8, 0x0,

    /* U+8E51 "蹑" */
    0x7b, 0xff, 0x49, 0x4, 0x49, 0xfc, 0x49, 0x4,
    0x79, 0xfc, 0x11, 0x4, 0x13, 0xff, 0x50, 0x0,
    0x59, 0xdc, 0x50, 0x52, 0x51, 0x94, 0x54, 0x8c,
    0x69, 0x4c, 0x82, 0x32,

    /* U+8E52 "蹒" */
    0x78, 0x80, 0x8f, 0xfd, 0x22, 0x42, 0x44, 0x7,
    0x97, 0xc2, 0x12, 0x4, 0xff, 0x29, 0x4a, 0x52,
    0x94, 0xa5, 0xa9, 0x4c, 0xb2, 0x99, 0x26, 0x20,
    0x40, 0x43, 0x80,

    /* U+8E66 "蹦" */
    0x0, 0x20, 0xf4, 0x45, 0x28, 0x8a, 0x5f, 0xf4,
    0x80, 0xf, 0x7b, 0x84, 0x94, 0x89, 0x29, 0x53,
    0xde, 0xa4, 0xa5, 0x49, 0x4a, 0x9e, 0xf5, 0x25,
    0x2c, 0x8c, 0x41, 0x39, 0x80,

    /* U+8E6C "蹬" */
    0x0, 0x0, 0x7d, 0xd4, 0x44, 0x58, 0x45, 0x8a,
    0x44, 0x8c, 0x7d, 0xfc, 0x12, 0x2, 0x11, 0xfc,
    0x51, 0x4, 0x59, 0x4, 0x51, 0x4, 0x50, 0xf8,
    0x54, 0x90, 0x68, 0x10, 0x3, 0xfe,

    /* U+8E72 "蹲" */
    0x0, 0x88, 0xf9, 0x21, 0x11, 0x42, 0x2f, 0xe4,
    0x5f, 0xcf, 0xaa, 0x84, 0x57, 0x8, 0xc2, 0x51,
    0x7c, 0xb3, 0xf9, 0x40, 0x2, 0x9f, 0xf5, 0x49,
    0xd, 0xa, 0x0, 0xc, 0x0,

    /* U+8E7F "蹿" */
    0x0, 0x0, 0xf8, 0x41, 0x17, 0xfa, 0x30, 0x14,
    0x48, 0xaf, 0xe4, 0xc4, 0x3f, 0x8, 0x92, 0x50,
    0xfc, 0xb0, 0x41, 0x47, 0xfa, 0x89, 0x15, 0x12,
    0x2f, 0x3f, 0x40, 0x8, 0x0,

    /* U+8E81 "躁" */
    0x7c, 0xf8, 0x89, 0x11, 0x13, 0xe2, 0x20, 0x7,
    0xff, 0xe2, 0x4c, 0x44, 0x98, 0xa9, 0xef, 0x58,
    0x20, 0xa7, 0xfd, 0x42, 0xc2, 0xa5, 0x47, 0xb2,
    0x60, 0x4, 0x0,

    /* U+8EAB "身" */
    0x1, 0x0, 0x4, 0x0, 0x7f, 0xc0, 0x80, 0x81,
    0xff, 0x2, 0x2, 0x4, 0x4, 0xf, 0xfa, 0x10,
    0x15, 0xff, 0xf0, 0x0, 0x40, 0x3, 0x80, 0x19,
    0x0, 0xc2, 0xe, 0x3c, 0x0,

    /* U+8EAF "躯" */
    0x10, 0x0, 0x40, 0x1, 0xf7, 0xf2, 0x28, 0x7,
    0xd0, 0x88, 0xa9, 0x11, 0x4c, 0x3e, 0x88, 0x45,
    0x11, 0xfa, 0x50, 0x15, 0x20, 0x6c, 0x21, 0x58,
    0xc, 0xa0, 0x7, 0x7f, 0x80,

    /* U+8EB2 "躲" */
    0x0, 0x0, 0x83, 0xc7, 0x89, 0x12, 0x24, 0x79,
    0x91, 0x24, 0x44, 0xa0, 0xde, 0x10, 0x4b, 0xff,
    0xe1, 0x80, 0x8d, 0x6, 0x54, 0x2a, 0x49, 0x21,
    0x9, 0x80, 0x0,

    /* U+8EBA "躺" */
    0x10, 0x20, 0x22, 0x49, 0xf4, 0x92, 0x21, 0x47,
    0xc2, 0x8, 0xbf, 0x91, 0x41, 0x3e, 0x82, 0x45,
    0x75, 0xfa, 0xa8, 0x55, 0x51, 0x2b, 0xa4, 0x54,
    0x50, 0xa0, 0x83, 0x43, 0x0,

    /* U+8F66 "车" */
    0x4, 0x0, 0x20, 0xf, 0xff, 0x84, 0x40, 0x11,
    0x0, 0x84, 0x3, 0xff, 0x80, 0x40, 0x1, 0x0,
    0x4, 0xf, 0xff, 0xc0, 0x40, 0x1, 0x0, 0x4,
    0x0,

    /* U+8F68 "轨" */
    0x20, 0x80, 0x82, 0xf, 0xc8, 0x10, 0x20, 0x53,
    0xf1, 0x42, 0x49, 0x9, 0x3f, 0x24, 0x10, 0x90,
    0x42, 0x41, 0xd1, 0x3c, 0x44, 0x11, 0x14, 0x48,
    0x51, 0x41, 0xc0,

    /* U+8F6C "转" */
    0x20, 0x20, 0x81, 0xf, 0xff, 0xd0, 0x10, 0x50,
    0x81, 0x4f, 0xf9, 0x8, 0x1e, 0x3e, 0x10, 0x8,
    0x50, 0x4f, 0x8a, 0x4, 0x18, 0x10, 0x20, 0x40,
    0x40,

    /* U+8F6E "轮" */
    0x20, 0x40, 0x83, 0xf, 0x8a, 0x10, 0x44, 0x66,
    0xa, 0x84, 0x1f, 0x91, 0x8, 0x48, 0x21, 0xc0,
    0xa4, 0xf, 0x10, 0x8, 0x41, 0x21, 0x4, 0x7,
    0xf0,

    /* U+8F6F "软" */
    0x0, 0x0, 0x42, 0xf, 0xe8, 0x8, 0x3f, 0x21,
    0x5, 0x44, 0xa5, 0x2, 0x9f, 0x88, 0x10, 0x20,
    0x41, 0x81, 0x6, 0x3f, 0x24, 0x11, 0x10, 0x44,
    0x21, 0x0, 0x40,

    /* U+8F70 "轰" */
    0x0, 0x0, 0x20, 0xf, 0xff, 0xc4, 0x40, 0x3f,
    0xf8, 0x4, 0xf, 0xff, 0xc0, 0x40, 0x0, 0x3,
    0xf7, 0xe0, 0x48, 0x92, 0x24, 0x30, 0x60, 0xa1,
    0x84, 0x59, 0xa0, 0x1,

    /* U+8F74 "轴" */
    0x20, 0x20, 0x80, 0x87, 0x82, 0x10, 0x7f, 0x42,
    0x25, 0x48, 0x97, 0xe2, 0x44, 0x7f, 0x12, 0x24,
    0x68, 0x97, 0x22, 0x44, 0x89, 0x11, 0xfc, 0x40,
    0x10,

    /* U+8F7B "轻" */
    0x20, 0x0, 0x41, 0xeb, 0xf0, 0x22, 0x0, 0x85,
    0x3, 0xa, 0x9, 0xa4, 0x60, 0xbc, 0x0, 0x11,
    0xfc, 0x20, 0x40, 0x60, 0x83, 0x81, 0x1, 0x2,
    0x2, 0x7f, 0xc0,

    /* U+8F7D "载" */
    0x8, 0x40, 0x10, 0xa1, 0xfd, 0x20, 0x42, 0xf,
    0xff, 0xc0, 0x8, 0x8, 0x10, 0x7f, 0xe4, 0x48,
    0x48, 0xfe, 0xa0, 0x20, 0xc0, 0x41, 0x1f, 0xf6,
    0x21, 0xa, 0x40, 0x23, 0x0,

    /* U+8F83 "较" */
    0x20, 0x41, 0x0, 0x8f, 0xbf, 0xd0, 0x24, 0x61,
    0xa, 0x88, 0x1f, 0xa0, 0x8, 0x24, 0x20, 0x90,
    0x81, 0x8f, 0x4, 0x8, 0x18, 0x20, 0x90, 0xc,
    0x30,

    /* U+8F84 "辄" */
    0x20, 0x0, 0x8f, 0xfb, 0xe9, 0x2, 0x12, 0x84,
    0x3d, 0x14, 0x4a, 0x3e, 0x94, 0x11, 0xe8, 0x22,
    0x50, 0x34, 0xa3, 0x89, 0xc9, 0x3e, 0x92, 0x5,
    0x20, 0xb, 0xc0,

    /* U+8F85 "辅" */
    0x0, 0x28, 0x40, 0x4b, 0xff, 0xfa, 0x1, 0x4,
    0x1f, 0xca, 0x24, 0xa4, 0x49, 0x3c, 0xfe, 0x11,
    0x24, 0x22, 0x49, 0xe7, 0xf4, 0x89, 0x21, 0x12,
    0x42, 0x25, 0x80,

    /* U+8F86 "辆" */
    0x40, 0x1, 0xf, 0xef, 0x8a, 0x10, 0x28, 0x63,
    0xfe, 0x92, 0x9f, 0xca, 0x49, 0x2d, 0x25, 0x34,
    0x75, 0x3e, 0x24, 0x49, 0x1, 0x24, 0x4, 0x0,
    0x70,

    /* U+8F88 "辈" */
    0x4, 0x0, 0xf5, 0xc7, 0xcf, 0x81, 0x40, 0x7c,
    0xfc, 0x10, 0x0, 0x80, 0x1f, 0xff, 0x21, 0x0,
    0xff, 0xc0, 0x10, 0x3f, 0xff, 0x1, 0x0, 0x4,
    0x0,

    /* U+8F91 "辑" */
    0x0, 0x0, 0x87, 0xe2, 0x10, 0xbf, 0x42, 0x41,
    0xf9, 0x4f, 0xf5, 0x10, 0xa4, 0x42, 0xfd, 0xf8,
    0x44, 0x21, 0xdf, 0xbc, 0x42, 0x11, 0x8, 0x4f,
    0xe1, 0x0, 0x80,

    /* U+8F93 "输" */
    0x20, 0x40, 0x80, 0x83, 0xe2, 0xc2, 0x8, 0x64,
    0x7f, 0x14, 0x0, 0x28, 0xf5, 0x39, 0x2a, 0x23,
    0xd4, 0x34, 0xab, 0x8f, 0x51, 0x12, 0x22, 0x24,
    0x44, 0x59, 0x80,

    /* U+8F97 "辗" */
    0x20, 0x0, 0x8f, 0xf4, 0x20, 0x5c, 0x81, 0x43,
    0xfd, 0x8a, 0x4a, 0x3f, 0xfe, 0xa4, 0x22, 0x90,
    0x8f, 0xf2, 0x32, 0x3d, 0x4a, 0x25, 0x10, 0xa4,
    0xa0, 0x9c, 0x40,

    /* U+8F9B "辛" */
    0x2, 0x0, 0x8, 0x7, 0xff, 0x84, 0x8, 0x10,
    0x40, 0x21, 0xf, 0xff, 0xc0, 0x80, 0x2, 0x1,
    0xff, 0xe0, 0x20, 0x0, 0x80, 0x2, 0x0, 0x0,
    0x0,

    /* U+8F9C "辜" */
    0x0, 0x1, 0xff, 0xe3, 0xff, 0x90, 0x2, 0x40,
    0x8, 0xff, 0xe0, 0x0, 0x1f, 0xfe, 0x0, 0x43,
    0xff, 0xf0, 0x20, 0x1f, 0xfe, 0x2, 0x0, 0x0,
    0x0,

    /* U+8F9E "辞" */
    0x0, 0x0, 0x38, 0x43, 0xc0, 0x0, 0x8f, 0xe1,
    0x8, 0x9f, 0xd1, 0x4, 0x4, 0x8, 0xff, 0x10,
    0x20, 0xf8, 0x41, 0x17, 0xfa, 0x21, 0x4, 0x42,
    0xf, 0x84, 0x11, 0x8, 0x0,

    /* U+8F9F "辟" */
    0x0, 0x0, 0x3e, 0x10, 0x22, 0xff, 0x22, 0x0,
    0x22, 0x44, 0x3c, 0x4, 0x21, 0xff, 0x20, 0x10,
    0x2e, 0x10, 0x22, 0xff, 0x62, 0x10, 0x62, 0x10,
    0xbe, 0x10, 0x20, 0x10,

    /* U+8FA3 "辣" */
    0x20, 0x20, 0x20, 0x43, 0xff, 0xf8, 0x1, 0x4,
    0x9f, 0xc0, 0x44, 0xbf, 0x89, 0x11, 0x12, 0x21,
    0xf9, 0xf8, 0xe0, 0x82, 0xa1, 0x9, 0x24, 0x22,
    0x20, 0x4, 0x0,

    /* U+8FA8 "辨" */
    0x41, 0x20, 0x82, 0x23, 0xe5, 0xf4, 0xa, 0x29,
    0x14, 0x84, 0xa1, 0x3f, 0x7f, 0xa2, 0x88, 0x41,
    0x10, 0xe2, 0xf9, 0x8, 0x42, 0x10, 0x84, 0x41,
    0x10, 0x82, 0x0,

    /* U+8FB1 "辱" */
    0x7f, 0xf9, 0x0, 0x5, 0xff, 0x10, 0x0, 0x7f,
    0xff, 0x44, 0x29, 0xf, 0x27, 0xcf, 0x0, 0x3,
    0xff, 0xf2, 0x4, 0x6, 0x10, 0x0, 0x40, 0x7,
    0x0,

    /* U+8FB9 "边" */
    0x0, 0x40, 0x20, 0x40, 0x10, 0x40, 0x3, 0xfe,
    0x0, 0x42, 0x70, 0x42, 0x10, 0x82, 0x10, 0x82,
    0x10, 0x82, 0x11, 0x6, 0x12, 0x6, 0x30, 0x1c,
    0x6c, 0x0, 0x83, 0xff,

    /* U+8FBD "辽" */
    0x0, 0x0, 0x4f, 0xf8, 0x40, 0x20, 0x0, 0x80,
    0x2, 0xe, 0x8, 0x4, 0x10, 0x8, 0x20, 0x10,
    0x40, 0x20, 0x80, 0x41, 0x1, 0x8e, 0x4, 0xc0,
    0x10, 0x7f, 0xc0,

    /* U+8FBE "达" */
    0x40, 0x0, 0x40, 0x80, 0x41, 0x0, 0xbf, 0xf0,
    0x4, 0x0, 0x8, 0x3c, 0x28, 0x8, 0x48, 0x11,
    0x8, 0x22, 0x8, 0x48, 0x9, 0x80, 0x4, 0xc0,
    0x10, 0xff, 0xc0,

    /* U+8FC1 "迁" */
    0x0, 0x18, 0xcf, 0xc0, 0x41, 0x0, 0x2, 0x0,
    0x4, 0x1, 0xff, 0xfc, 0x10, 0x8, 0x20, 0x10,
    0x40, 0x20, 0x80, 0x41, 0x1, 0x82, 0x4, 0xc0,
    0x10, 0xff, 0xc0,

    /* U+8FC2 "迂" */
    0x47, 0xfc, 0x40, 0x80, 0x1, 0x0, 0x2, 0xe,
    0xff, 0xe4, 0x8, 0x8, 0x10, 0x10, 0x20, 0x20,
    0x40, 0x40, 0x81, 0xcf, 0x4, 0xc0, 0x8, 0x7f,
    0xe0,

    /* U+8FC5 "迅" */
    0xf, 0xf8, 0x40, 0x10, 0x42, 0x20, 0x4, 0x40,
    0x8, 0x80, 0x11, 0x3d, 0xfe, 0x8, 0x44, 0x10,
    0x88, 0x21, 0x14, 0x42, 0x19, 0x84, 0x4, 0xc0,
    0x10, 0xff, 0xc0,

    /* U+8FC7 "过" */
    0x40, 0x10, 0x40, 0x20, 0x40, 0x40, 0x3f, 0xe0,
    0x1, 0x0, 0x2, 0x0, 0x4, 0x79, 0x8, 0x11,
    0x10, 0x20, 0x20, 0x40, 0x40, 0x80, 0x83, 0xf,
    0x9, 0x80, 0x20, 0xff, 0x80,

    /* U+8FC8 "迈" */
    0x27, 0xfe, 0x10, 0x80, 0x0, 0x80, 0x0, 0xfc,
    0xf0, 0x84, 0x11, 0x4, 0x11, 0x4, 0x12, 0x4,
    0x12, 0x4, 0x10, 0x38, 0x30, 0x0, 0x4c, 0x0,
    0x87, 0xff,

    /* U+8FCE "迎" */
    0x1, 0x0, 0x8c, 0xf8, 0x91, 0x10, 0x22, 0x20,
    0x44, 0x5c, 0x88, 0x89, 0x11, 0x12, 0x22, 0x25,
    0x44, 0x5c, 0xb8, 0x81, 0x3, 0x2, 0x9, 0x84,
    0x10, 0xff, 0xc0,

    /* U+8FD0 "运" */
    0x87, 0xf9, 0x80, 0x0, 0x0, 0x3, 0xff, 0xe1,
    0x0, 0x88, 0x82, 0x22, 0x9, 0x4, 0x24, 0x8,
    0x9f, 0xc6, 0x0, 0x26, 0x0, 0x87, 0xfc,

    /* U+8FD1 "近" */
    0x40, 0x7c, 0x45, 0x0, 0x48, 0x0, 0x10, 0x0,
    0x20, 0x1e, 0x7f, 0x84, 0x84, 0x9, 0x8, 0x12,
    0x10, 0x28, 0x20, 0x50, 0x41, 0xa0, 0x86, 0xc0,
    0x10, 0xff, 0xc0,

    /* U+8FD4 "返" */
    0x0, 0x1d, 0x1f, 0x82, 0x40, 0x1, 0x0, 0x7,
    0xf8, 0x10, 0x2e, 0x51, 0x9, 0x38, 0x28, 0x60,
    0xa2, 0x42, 0x30, 0x98, 0x0, 0xd8, 0x2, 0x3f,
    0xf0,

    /* U+8FD8 "还" */
    0x0, 0x0, 0x27, 0xfe, 0x10, 0x20, 0x0, 0x40,
    0x0, 0xd0, 0x71, 0x48, 0x11, 0x44, 0x16, 0x42,
    0x10, 0x40, 0x10, 0x40, 0x10, 0x40, 0x30, 0x40,
    0x4c, 0x0, 0x87, 0xff,

    /* U+8FD9 "这" */
    0x0, 0x81, 0x1, 0x1, 0x1, 0x1, 0x7f, 0xe0,
    0x1, 0x0, 0x84, 0x0, 0xc8, 0x70, 0x60, 0x20,
    0x40, 0x43, 0x40, 0x88, 0x41, 0x60, 0x66, 0x0,
    0x1b, 0x0, 0x23, 0xff, 0x0,

    /* U+8FDB "进" */
    0x41, 0x10, 0x42, 0x20, 0x44, 0x40, 0x7f, 0xe0,
    0x11, 0x1e, 0x22, 0x7, 0xff, 0x88, 0x88, 0x11,
    0x10, 0x24, 0x20, 0x48, 0x41, 0xa0, 0x84, 0xc0,
    0x10, 0xff, 0xc0,

    /* U+8FDC "远" */
    0x87, 0xf9, 0x80, 0x0, 0x0, 0x3, 0xff, 0xe0,
    0x0, 0x89, 0x2, 0x24, 0x8, 0x90, 0x24, 0x44,
    0x90, 0x96, 0x81, 0xa6, 0x0, 0x87, 0xfc,

    /* U+8FDD "违" */
    0x0, 0x80, 0x2, 0x5, 0xff, 0xc8, 0x20, 0x0,
    0x80, 0x3f, 0xe0, 0x8, 0x18, 0x20, 0x3f, 0xfc,
    0x82, 0x12, 0x8, 0x8, 0x22, 0x60, 0x83, 0x60,
    0x8, 0xff, 0xc0,

    /* U+8FDE "连" */
    0x0, 0x1, 0x4, 0x2, 0xff, 0x80, 0x80, 0x2,
    0x40, 0x11, 0xe, 0x7f, 0x88, 0x10, 0x20, 0x40,
    0x81, 0x2, 0xff, 0xc8, 0x10, 0x60, 0x43, 0x61,
    0x8, 0xff, 0xc0,

    /* U+8FDF "迟" */
    0x40, 0x0, 0x47, 0xf8, 0x48, 0x10, 0x10, 0x20,
    0x20, 0x40, 0x7f, 0xbc, 0x80, 0x9, 0x0, 0x12,
    0x20, 0x2c, 0x20, 0x50, 0x20, 0xa0, 0x23, 0x0,
    0x4d, 0x80, 0x20, 0xff, 0x80,

    /* U+8FE6 "迦" */
    0x2, 0x0, 0x42, 0x3e, 0x2f, 0xa2, 0x12, 0xa2,
    0x2, 0xa2, 0x2, 0xa2, 0x72, 0xa2, 0x12, 0xa2,
    0x14, 0xa2, 0x14, 0xa2, 0x14, 0xa2, 0x1b, 0x9c,
    0x2c, 0x0, 0xc3, 0xff,

    /* U+8FEA "迪" */
    0x0, 0x82, 0x2, 0x6, 0x8, 0x5, 0xfe, 0x4,
    0x88, 0x12, 0x26, 0x48, 0x89, 0xfe, 0x24, 0x88,
    0x92, 0x22, 0x48, 0x89, 0xfe, 0x60, 0x2, 0x60,
    0x8, 0x7f, 0xc0,

    /* U+8FEB "迫" */
    0x0, 0x0, 0x20, 0x40, 0x13, 0xfc, 0x2, 0x4,
    0x2, 0x4, 0x72, 0x4, 0x13, 0xfc, 0x12, 0x4,
    0x12, 0x4, 0x12, 0x4, 0x13, 0xfc, 0x30, 0x0,
    0x4c, 0x0, 0x83, 0xff,

    /* U+8FF0 "述" */
    0x0, 0x50, 0xc0, 0x90, 0x41, 0x0, 0x7f, 0xf0,
    0xe, 0x1e, 0x2a, 0x4, 0x52, 0x9, 0x24, 0x14,
    0x44, 0x30, 0x84, 0x41, 0x1, 0x82, 0x6, 0xc4,
    0x10, 0xff, 0xc0,

    /* U+8FF7 "迷" */
    0x44, 0x44, 0x48, 0x90, 0x49, 0x20, 0x2, 0x0,
    0x4, 0xf, 0xff, 0xc4, 0x54, 0x8, 0xa8, 0x12,
    0x48, 0x28, 0x88, 0x61, 0x1, 0x82, 0x4, 0xc4,
    0x10, 0xff, 0xc0,

    /* U+8FF9 "迹" */
    0x0, 0x2, 0x2, 0x4, 0x0, 0xb, 0xff, 0x1,
    0x20, 0x4, 0x8e, 0x92, 0x8a, 0x4b, 0x31, 0x24,
    0xc8, 0x82, 0x22, 0x9, 0x8, 0x68, 0xe2, 0x60,
    0x8, 0x7f, 0xc0,

    /* U+8FFD "追" */
    0x0, 0x0, 0x0, 0x40, 0x23, 0xfc, 0x12, 0x4,
    0x2, 0x4, 0x2, 0x4, 0xf3, 0xf8, 0x12, 0x0,
    0x13, 0xfe, 0x12, 0x2, 0x12, 0x2, 0x12, 0x2,
    0x31, 0xfc, 0x6c, 0x0, 0x43, 0xff,

    /* U+9000 "退" */
    0x3, 0xf8, 0x44, 0x10, 0x48, 0x20, 0x1f, 0xc0,
    0x20, 0x80, 0x41, 0x1c, 0xfe, 0x9, 0x22, 0x12,
    0x38, 0x24, 0x10, 0x4e, 0x11, 0x90, 0x6, 0xc0,
    0x10, 0xff, 0xc0,

    /* U+9001 "送" */
    0x42, 0x10, 0x88, 0x41, 0x2, 0x1, 0xff, 0x0,
    0x83, 0x82, 0x2, 0xff, 0xc8, 0x20, 0x20, 0xc0,
    0x84, 0x82, 0x21, 0x19, 0x2, 0x98, 0x2, 0x3f,
    0xf0,

    /* U+9002 "适" */
    0x80, 0x18, 0x8f, 0xc0, 0x81, 0x0, 0x2, 0x0,
    0x7f, 0xdc, 0x8, 0x8, 0x10, 0x13, 0xfc, 0x24,
    0x8, 0x48, 0x10, 0x9f, 0xe3, 0x0, 0xd, 0x80,
    0x10, 0xff, 0xc0,

    /* U+9003 "逃" */
    0x1, 0x41, 0x25, 0x22, 0x95, 0x1, 0x50, 0x1,
    0x43, 0x85, 0x2, 0x36, 0xb, 0x54, 0x22, 0x40,
    0x89, 0x12, 0x47, 0xda, 0x0, 0xd8, 0x2, 0x3f,
    0xf0,

    /* U+9006 "逆" */
    0x2, 0x12, 0x8, 0x84, 0x2, 0xf, 0xff, 0x0,
    0x80, 0x12, 0x2e, 0x48, 0x89, 0x22, 0x24, 0x88,
    0x9f, 0xe2, 0x8, 0x8, 0x40, 0x62, 0x3, 0x60,
    0x8, 0xff, 0xc0,

    /* U+9009 "选" */
    0x0, 0x41, 0x9, 0x2, 0x3f, 0xc1, 0x10, 0x0,
    0x40, 0x3f, 0xfe, 0x10, 0x8, 0x48, 0x22, 0x20,
    0x88, 0x92, 0xc1, 0xd8, 0x0, 0x58, 0x2, 0x1f,
    0xf0,

    /* U+900F "透" */
    0x0, 0x9, 0x3f, 0xc2, 0x8, 0xb, 0xff, 0x1,
    0xc0, 0xa, 0x80, 0x49, 0x3a, 0x23, 0x23, 0x40,
    0x84, 0xe2, 0x20, 0x89, 0x2, 0x68, 0x31, 0x60,
    0x8, 0x7f, 0xc0,

    /* U+9010 "逐" */
    0x8f, 0xfc, 0x82, 0x0, 0x84, 0x0, 0x34, 0x40,
    0x8d, 0x1c, 0x2c, 0x8, 0x9c, 0x12, 0x54, 0x21,
    0x24, 0x4c, 0x40, 0xa0, 0x83, 0x2, 0xd, 0x88,
    0x10, 0xff, 0x80,

    /* U+9012 "递" */
    0x82, 0x21, 0x1, 0x6, 0xff, 0x80, 0x22, 0xf,
    0xfb, 0xa2, 0x2, 0xff, 0x88, 0x62, 0x22, 0x88,
    0x92, 0x22, 0x89, 0x18, 0x20, 0xd8, 0x2, 0x3f,
    0xf0,

    /* U+9014 "途" */
    0x0, 0x2, 0x2, 0x6, 0x14, 0x0, 0x8c, 0x4,
    0xc, 0x7f, 0xce, 0x8, 0xb, 0xff, 0x20, 0x80,
    0x92, 0x42, 0x88, 0x8c, 0x22, 0x30, 0x81, 0x4e,
    0x8, 0xff, 0xc0,

    /* U+9017 "逗" */
    0x8f, 0xfd, 0x0, 0x2, 0x0, 0x9, 0xfe, 0x4,
    0x8, 0x10, 0x26, 0x7f, 0x88, 0x4, 0x22, 0x10,
    0x80, 0x82, 0x2, 0xb, 0xff, 0xd8, 0x2, 0x1f,
    0xf0,

    /* U+901A "通" */
    0x3, 0xfc, 0x40, 0x10, 0x43, 0x40, 0x1, 0x80,
    0x3f, 0xe0, 0x88, 0x5c, 0xff, 0x8a, 0x21, 0x13,
    0xfe, 0x28, 0x84, 0x51, 0x9, 0x80, 0x64, 0xc0,
    0x10, 0x7f, 0xc0,

    /* U+901B "逛" */
    0xa, 0x0, 0x17, 0xf4, 0x42, 0xa, 0x88, 0xa,
    0x20, 0x48, 0x80, 0x22, 0x39, 0xbe, 0x2a, 0x20,
    0xc8, 0x82, 0x22, 0x8, 0x88, 0x64, 0xdb, 0x60,
    0x8, 0xff, 0xc0,

    /* U+901D "逝" */
    0x84, 0xc, 0x88, 0xe0, 0x91, 0x0, 0xfa, 0x0,
    0x44, 0x0, 0x8f, 0xb9, 0xd2, 0x1e, 0x24, 0x24,
    0x48, 0x49, 0x10, 0x92, 0x23, 0x48, 0x4d, 0x80,
    0x10, 0xff, 0xc0,

    /* U+901F "速" */
    0x0, 0x40, 0x80, 0x80, 0xbf, 0xf8, 0x82, 0x0,
    0x4, 0x0, 0xff, 0xbd, 0x11, 0xa, 0x22, 0x17,
    0xfc, 0x20, 0xa0, 0x47, 0x20, 0x92, 0x23, 0x44,
    0x9, 0x88, 0x21, 0xff, 0x80,

    /* U+9020 "造" */
    0x2, 0x40, 0x84, 0x80, 0x9f, 0xf0, 0x42, 0x0,
    0x4, 0x1, 0xff, 0xf8, 0x0, 0x13, 0xfc, 0x24,
    0x8, 0x48, 0x10, 0x9f, 0xe3, 0x0, 0xd, 0x80,
    0x10, 0xff, 0xc0,

    /* U+9022 "逢" */
    0x0, 0x80, 0x43, 0xf0, 0x4c, 0x40, 0x25, 0x0,
    0x6, 0x0, 0x73, 0x9c, 0x10, 0x8, 0xf8, 0x13,
    0xfc, 0x20, 0x80, 0x4f, 0xf1, 0x82, 0x4, 0xc0,
    0x10, 0xff, 0xc0,

    /* U+9038 "逸" */
    0x82, 0x1, 0xf, 0x82, 0x44, 0x3, 0xfe, 0x4,
    0x8b, 0x92, 0x22, 0x48, 0x89, 0xfe, 0x21, 0x40,
    0x85, 0x42, 0x24, 0x5b, 0x1f, 0x98, 0x2, 0x1f,
    0xf0,

    /* U+903B "逻" */
    0x7, 0xfe, 0x24, 0xa2, 0x14, 0xa2, 0x4, 0xa2,
    0x7, 0xfe, 0x0, 0x80, 0x70, 0xf8, 0x13, 0x8,
    0x14, 0x90, 0x10, 0x60, 0x10, 0x40, 0x31, 0x80,
    0x4e, 0x0, 0x83, 0xff,

    /* U+903C "逼" */
    0x7, 0xfc, 0x0, 0x0, 0x8f, 0xe0, 0x90, 0x40,
    0x20, 0x9e, 0x3e, 0x5, 0xff, 0xa, 0x22, 0x14,
    0x44, 0x2f, 0xf8, 0x51, 0x11, 0xbf, 0xe4, 0xc0,
    0x10, 0xff, 0xc0,

    /* U+903E "逾" */
    0x0, 0x2, 0x2, 0x6, 0x14, 0x0, 0x8c, 0xf,
    0xe8, 0x40, 0x16, 0xea, 0x8a, 0x2a, 0x2f, 0xa8,
    0xa2, 0xa2, 0xea, 0x8a, 0x22, 0x28, 0x8b, 0x60,
    0x68, 0x7f, 0xc0,

    /* U+9041 "遁" */
    0x0, 0x3a, 0x1f, 0x4, 0x44, 0x9, 0xff, 0x4,
    0x40, 0x11, 0x0, 0x5f, 0xb9, 0x82, 0x25, 0xf8,
    0xb8, 0x22, 0x9f, 0x8a, 0x82, 0x61, 0xfa, 0x60,
    0x8, 0x7f, 0xc0,

    /* U+9047 "遇" */
    0x7, 0xfa, 0x12, 0x26, 0x7f, 0x81, 0x22, 0x7,
    0xfb, 0x82, 0x2, 0xff, 0x8a, 0x22, 0x28, 0x88,
    0xaf, 0xa2, 0x81, 0x8a, 0x2, 0x58, 0x1a, 0x1f,
    0xf0,

    /* U+904D "遍" */
    0x0, 0x0, 0x0, 0x80, 0x8f, 0xf8, 0x90, 0x10,
    0x20, 0x20, 0x7f, 0xdc, 0x80, 0x9, 0xff, 0x16,
    0x52, 0x2b, 0xfc, 0x59, 0x48, 0x92, 0x93, 0x0,
    0x69, 0x80, 0x20, 0xff, 0x80,

    /* U+904F "遏" */
    0x3, 0xfc, 0x44, 0x8, 0x4f, 0xf0, 0x10, 0x20,
    0x3f, 0xce, 0x20, 0x4, 0x7f, 0x9, 0x12, 0x14,
    0x24, 0x25, 0xa8, 0x40, 0x10, 0x87, 0xa6, 0x80,
    0xd0, 0xff, 0xc0,

    /* U+9053 "道" */
    0x1, 0x8, 0x60, 0x90, 0x17, 0xff, 0x0, 0x40,
    0x3, 0xfc, 0xf2, 0x4, 0x13, 0xfc, 0x12, 0x4,
    0x12, 0x4, 0x13, 0xfc, 0x12, 0x4, 0x33, 0xfc,
    0x6c, 0x0, 0x83, 0xff,

    /* U+9057 "遗" */
    0x40, 0x40, 0x47, 0xf8, 0x49, 0x10, 0xf, 0xc0,
    0xff, 0xee, 0x0, 0x4, 0x7f, 0x9, 0x22, 0x12,
    0x44, 0x24, 0x88, 0x42, 0x11, 0x88, 0xc4, 0xe0,
    0x50, 0xff, 0xc0,

    /* U+9063 "遣" */
    0x40, 0x40, 0x4f, 0xf0, 0x5f, 0xe0, 0x2, 0x0,
    0xff, 0xfe, 0x7f, 0x5, 0x2, 0x9, 0xfc, 0x14,
    0x0, 0x27, 0xf8, 0x40, 0x11, 0x9f, 0xe4, 0xc0,
    0x10, 0xff, 0xc0,

    /* U+9065 "遥" */
    0x0, 0x3a, 0x3f, 0x4, 0x10, 0x89, 0x24, 0x0,
    0x20, 0x10, 0xe, 0xbf, 0x8, 0x20, 0x3f, 0xfc,
    0x82, 0x2, 0x48, 0x89, 0x22, 0x67, 0xfa, 0x60,
    0x8, 0x7f, 0xc0,

    /* U+906D "遭" */
    0x1, 0x20, 0xbf, 0xfc, 0x84, 0x80, 0x7f, 0xe0,
    0xff, 0xc1, 0x24, 0x9b, 0xff, 0x13, 0xfc, 0x24,
    0x8, 0x4f, 0xf0, 0x90, 0x23, 0x3f, 0xc9, 0x80,
    0x10, 0xff, 0xc0,

    /* U+906E "遮" */
    0x0, 0x0, 0x80, 0x40, 0x9f, 0xf8, 0xa4, 0x40,
    0x48, 0x80, 0xbf, 0x9d, 0x22, 0xa, 0x44, 0x14,
    0xf8, 0x28, 0x0, 0x60, 0x10, 0xd2, 0xa3, 0x5,
    0x2d, 0x80, 0x21, 0xff, 0x80,

    /* U+907F "避" */
    0x0, 0x20, 0x9e, 0x21, 0x25, 0xf9, 0x48, 0x20,
    0xf0, 0x81, 0x1f, 0xfa, 0x4, 0x17, 0x88, 0x39,
    0x7c, 0x72, 0x20, 0xa4, 0x43, 0x38, 0x89, 0x80,
    0x10, 0xff, 0xc0,

    /* U+9080 "邀" */
    0x0, 0x20, 0x10, 0x84, 0xf2, 0xa, 0x4f, 0xf,
    0x40, 0x25, 0x2e, 0x60, 0x88, 0xa, 0x2f, 0x10,
    0x9c, 0x42, 0x92, 0x8a, 0x4a, 0x73, 0x46, 0x60,
    0x8, 0x7f, 0xc0,

    /* U+9093 "邓" */
    0xfe, 0x7e, 0x4, 0x88, 0x11, 0x10, 0x22, 0x44,
    0x45, 0x5, 0x9, 0x6, 0x11, 0x4, 0x21, 0x18,
    0x42, 0x48, 0x85, 0x1, 0x74, 0x2, 0x0, 0x4,
    0x0,

    /* U+90A3 "那" */
    0xfe, 0x7c, 0x49, 0x11, 0x24, 0x84, 0x92, 0xfe,
    0x50, 0x49, 0x41, 0x25, 0x4, 0x92, 0xfe, 0x44,
    0x89, 0x12, 0x24, 0x50, 0x97, 0x42, 0x42, 0x39,
    0x0,

    /* U+90A6 "邦" */
    0x0, 0x0, 0x40, 0xff, 0xf8, 0x84, 0x24, 0x10,
    0x93, 0xfa, 0x81, 0x9, 0x4, 0x22, 0xff, 0x84,
    0x42, 0x12, 0x8, 0x48, 0x2e, 0x40, 0x82, 0x0,
    0x0,

    /* U+90AA "邪" */
    0x7f, 0xbe, 0x4, 0x44, 0x88, 0x91, 0x11, 0x24,
    0x22, 0x88, 0x45, 0xf, 0xea, 0x5, 0x12, 0xa,
    0x22, 0x24, 0x44, 0x88, 0x8a, 0x11, 0x60, 0x22,
    0x1, 0xc4, 0x0,

    /* U+90AE "邮" */
    0x10, 0x7c, 0x41, 0x1f, 0xe4, 0xa4, 0x92, 0x92,
    0x52, 0x49, 0x4f, 0xe4, 0xa4, 0x91, 0x92, 0x46,
    0x49, 0x19, 0x24, 0x7f, 0x96, 0x82, 0x40, 0x1,
    0x0,

    /* U+90BB "邻" */
    0x8, 0x0, 0x20, 0x7c, 0x50, 0x89, 0x11, 0x24,
    0x12, 0x51, 0x15, 0x0, 0xa, 0x0, 0x12, 0x7f,
    0x24, 0x6, 0x44, 0x8, 0x89, 0x21, 0x11, 0x82,
    0xe1, 0x4, 0x1, 0x8, 0x0,

    /* U+90C1 "郁" */
    0x10, 0x0, 0x41, 0xef, 0xf4, 0x48, 0x12, 0x20,
    0x48, 0xf9, 0x44, 0x25, 0x30, 0x94, 0x3e, 0x49,
    0x9, 0x13, 0xe4, 0x50, 0x91, 0x42, 0x59, 0x9,
    0x0, 0x64, 0x0,

    /* U+90CA "郊" */
    0x10, 0x0, 0x21, 0xff, 0xf4, 0x80, 0x12, 0x44,
    0x52, 0x9, 0x48, 0x55, 0x1, 0x12, 0x28, 0x44,
    0x61, 0x11, 0x84, 0x49, 0x17, 0x40, 0x42, 0x1,
    0x0,

    /* U+90CE "郎" */
    0x10, 0x0, 0x23, 0xf7, 0xe8, 0x90, 0xa2, 0x42,
    0x91, 0xfa, 0x44, 0x2a, 0x10, 0xa4, 0x7e, 0x89,
    0x2, 0x14, 0x88, 0x51, 0x21, 0x5a, 0xb9, 0x82,
    0x8, 0x8, 0x0,

    /* U+90D1 "郑" */
    0x0, 0x0, 0x44, 0x7c, 0x89, 0x18, 0x22, 0x27,
    0xf4, 0x81, 0x9, 0x2, 0x14, 0x4, 0x24, 0xff,
    0xc4, 0x20, 0x84, 0x61, 0x9, 0x22, 0x12, 0x25,
    0xc8, 0x28, 0x20, 0x0, 0x0,

    /* U+90E8 "部" */
    0x10, 0x0, 0x41, 0xf7, 0xf4, 0x40, 0x92, 0x22,
    0x48, 0x91, 0x40, 0x45, 0x3f, 0xd2, 0x0, 0x49,
    0xf9, 0x14, 0x24, 0x50, 0x91, 0x42, 0x49, 0xf9,
    0x4, 0x4, 0x0,

    /* U+90FD "都" */
    0x0, 0x0, 0x8, 0xbd, 0x3f, 0x22, 0x9, 0x22,
    0xa, 0x24, 0x7f, 0xa4, 0x8, 0x28, 0x10, 0x24,
    0x3f, 0xa2, 0x50, 0xa1, 0x1f, 0xa1, 0x10, 0xa1,
    0x10, 0xae, 0x1f, 0xa0, 0x10, 0xa0,

    /* U+9119 "鄙" */
    0x7f, 0x7e, 0x82, 0x8d, 0x5, 0x13, 0xfa, 0x20,
    0x84, 0x9f, 0xf9, 0x2, 0x12, 0x3b, 0xa2, 0x5d,
    0x42, 0xca, 0x85, 0x95, 0xa, 0xca, 0x67, 0xf4,
    0x8, 0x8, 0x0,

    /* U+914D "配" */
    0xfe, 0xf8, 0xa0, 0x22, 0x80, 0xbf, 0x2, 0xac,
    0xa, 0xb0, 0x2a, 0xcf, 0xb3, 0x20, 0x84, 0x83,
    0xf2, 0x8, 0x48, 0x61, 0x21, 0xfc, 0x86, 0x13,
    0xe0,

    /* U+9152 "酒" */
    0x40, 0x0, 0x5f, 0xfc, 0x42, 0x80, 0x5, 0x0,
    0xa, 0x0, 0xff, 0x91, 0x29, 0x2, 0x52, 0x5,
    0x3c, 0xc, 0x8, 0x50, 0x11, 0x3f, 0xe2, 0x40,
    0x48, 0x80, 0x91, 0xff, 0x0,

    /* U+915D "酝" */
    0xfc, 0x0, 0x23, 0xf9, 0x40, 0x7, 0xe0, 0xd,
    0x40, 0x1a, 0xff, 0xf5, 0x10, 0x6e, 0x20, 0x84,
    0x41, 0xf9, 0x12, 0x12, 0x24, 0x28, 0x2f, 0xdf,
    0xd0, 0x80, 0x0,

    /* U+916C "酬" */
    0xfc, 0x5, 0x44, 0x95, 0x12, 0x7e, 0x49, 0xda,
    0x97, 0x6e, 0xdd, 0xb7, 0x77, 0x5b, 0x89, 0x27,
    0xe4, 0x98, 0x92, 0x62, 0x89, 0xfa, 0x26, 0x10,
    0x10,

    /* U+9171 "酱" */
    0x8, 0x81, 0x23, 0xf2, 0xb0, 0x82, 0x32, 0x78,
    0x30, 0x27, 0x0, 0x20, 0x1f, 0xfe, 0x7f, 0xf9,
    0x22, 0x27, 0x7, 0x9f, 0xfe, 0x40, 0x9, 0xff,
    0xe0,

    /* U+9177 "酷" */
    0xfd, 0x21, 0x44, 0x85, 0x1f, 0xff, 0x48, 0xd6,
    0x23, 0x50, 0x8d, 0x7f, 0xf7, 0x0, 0x85, 0xff,
    0xf4, 0x18, 0x50, 0x61, 0x41, 0xfd, 0x6, 0x17,
    0xf0,

    /* U+9178 "酸" */
    0x0, 0x23, 0xf1, 0x45, 0x8, 0x94, 0x42, 0xfd,
    0xfe, 0x51, 0xd, 0x48, 0xb5, 0x51, 0xdc, 0x82,
    0x12, 0xcf, 0xd8, 0xa1, 0x14, 0x84, 0x23, 0xf1,
    0x48, 0x58, 0xc0,

    /* U+917F "酿" */
    0xfc, 0x40, 0x47, 0xe1, 0x10, 0xbe, 0x42, 0xd9,
    0xfb, 0x64, 0x2d, 0x90, 0xb2, 0x7e, 0x89, 0x47,
    0xe4, 0xa8, 0x93, 0x22, 0x44, 0xf9, 0x4a, 0x6,
    0x10,

    /* U+9189 "醉" */
    0x0, 0x3, 0xf0, 0x85, 0x1f, 0xd4, 0x0, 0xf8,
    0x93, 0x62, 0x4d, 0x95, 0x36, 0x4a, 0xd8, 0x26,
    0x20, 0x8f, 0x9f, 0xe2, 0x8, 0x88, 0x23, 0xe0,
    0x88, 0x2, 0x0,

    /* U+918B "醋" */
    0xfc, 0x91, 0x42, 0x45, 0x1f, 0x3e, 0x24, 0xd8,
    0x93, 0x6f, 0xfd, 0x80, 0x32, 0x7e, 0x89, 0xa,
    0x24, 0x2f, 0x9f, 0xa2, 0x42, 0x89, 0xb, 0xc7,
    0xe0,

    /* U+9192 "醒" */
    0xfd, 0xfc, 0x62, 0x8, 0xc7, 0xf7, 0xe8, 0x2b,
    0x50, 0x56, 0xbf, 0xa9, 0x48, 0x66, 0x7e, 0x87,
    0x21, 0xfc, 0x42, 0x17, 0xf4, 0x21, 0xf, 0xc2,
    0x10, 0xff, 0xc0,

    /* U+91C7 "采" */
    0x0, 0x1c, 0xff, 0xc0, 0x0, 0x1, 0x10, 0x42,
    0x11, 0x2, 0x24, 0x0, 0x40, 0x7f, 0xff, 0x3,
    0x80, 0xa, 0x80, 0x24, 0x80, 0x88, 0x86, 0x10,
    0xd0, 0x20, 0x40,

    /* U+91CA "释" */
    0x4, 0x1, 0xe7, 0xf1, 0x10, 0x65, 0x22, 0x50,
    0x50, 0x40, 0x8f, 0xcd, 0x4, 0x4b, 0x38, 0x21,
    0x57, 0xf5, 0x2, 0x24, 0xff, 0x10, 0x20, 0x40,
    0x81, 0x2, 0x0,

    /* U+91CC "里" */
    0x3f, 0xfc, 0x42, 0x8, 0x84, 0x11, 0xff, 0xe2,
    0x10, 0x44, 0x20, 0x88, 0x41, 0x1f, 0xfe, 0x1,
    0x0, 0xff, 0xf8, 0x4, 0x0, 0x8, 0x0, 0x10,
    0x1f, 0xff, 0xc0,

    /* U+91CD "重" */
    0x0, 0x18, 0x7f, 0xc0, 0x4, 0x7, 0xff, 0xf0,
    0x10, 0x7, 0xff, 0x8, 0x42, 0x1f, 0xfc, 0x21,
    0x8, 0x7f, 0xf0, 0x4, 0x3, 0xff, 0xe0, 0x10,
    0x0, 0x20, 0x3f, 0xff, 0x80,

    /* U+91CE "野" */
    0x7f, 0x7e, 0x92, 0x9, 0x25, 0x23, 0xf9, 0x84,
    0x91, 0x9, 0x21, 0x1f, 0xdf, 0x84, 0x9, 0x8,
    0x14, 0xfe, 0x28, 0x20, 0x40, 0x40, 0x80, 0xf9,
    0xe, 0xe, 0x0,

    /* U+91CF "量" */
    0x3f, 0xf1, 0x0, 0x47, 0xff, 0xf, 0xfc, 0x0,
    0x1, 0xff, 0xe3, 0xff, 0x90, 0x82, 0x3f, 0xf9,
    0x8, 0x23, 0xff, 0x1f, 0xfe, 0x2, 0x3, 0xff,
    0xf0,

    /* U+91D1 "金" */
    0x1, 0x0, 0x5, 0x0, 0x11, 0x0, 0x41, 0x1,
    0x1, 0xf, 0xff, 0xa0, 0x40, 0x80, 0x80, 0x1,
    0x0, 0xff, 0xf8, 0x4, 0x0, 0x88, 0x81, 0x12,
    0x0, 0x20, 0x3f, 0xff, 0x80,

    /* U+9274 "鉴" */
    0x8, 0x40, 0x91, 0x1, 0x24, 0xf2, 0x51, 0x4,
    0x91, 0x80, 0x50, 0x3, 0x1c, 0x3f, 0xf7, 0x1,
    0x0, 0xff, 0xf8, 0x44, 0x40, 0x88, 0x80, 0x12,
    0x1f, 0xff, 0xc0,

    /* U+9488 "针" */
    0x20, 0x20, 0x40, 0x41, 0x0, 0x83, 0xe1, 0x8,
    0x2, 0x0, 0x4, 0xe, 0xff, 0x88, 0x10, 0x10,
    0x21, 0xf8, 0x40, 0x40, 0x80, 0x81, 0x1, 0x2,
    0x3, 0x4, 0x8, 0x8, 0x0,

    /* U+9489 "钉" */
    0x20, 0x0, 0x83, 0xfe, 0xf8, 0x40, 0x0, 0x87,
    0xc1, 0x2, 0x2, 0x4, 0x4, 0x8, 0x8, 0xfe,
    0x10, 0x20, 0x20, 0x40, 0x40, 0x80, 0x81, 0xc1,
    0x4, 0x1e, 0x0,

    /* U+949D "钝" */
    0x20, 0x20, 0x80, 0x41, 0xff, 0xfc, 0x1, 0x7,
    0xc2, 0x2, 0x24, 0x84, 0x49, 0x8, 0x92, 0x7d,
    0x24, 0x23, 0xf8, 0x40, 0x90, 0x81, 0x21, 0xc2,
    0x24, 0x7, 0xc0,

    /* U+949F "钟" */
    0x20, 0x20, 0x80, 0x42, 0xf0, 0x84, 0xf, 0xf7,
    0xd2, 0x22, 0x24, 0x44, 0x48, 0xff, 0x91, 0x11,
    0xfe, 0x22, 0x44, 0x40, 0x80, 0x81, 0x1, 0xc2,
    0x4, 0x4, 0x0,

    /* U+94A2 "钢" */
    0x20, 0x0, 0x83, 0xfd, 0xfc, 0x2c, 0xc, 0x57,
    0xd5, 0x22, 0x2a, 0x44, 0x48, 0x88, 0x91, 0xff,
    0x32, 0x22, 0xa4, 0x45, 0x28, 0x8c, 0x11, 0xd0,
    0x22, 0x21, 0xc0,

    /* U+94A5 "钥" */
    0x0, 0x0, 0x41, 0xfd, 0x2, 0xb, 0xf4, 0x10,
    0x8, 0x2f, 0xdf, 0xc4, 0x20, 0x88, 0x41, 0x10,
    0x82, 0xf9, 0xfc, 0x42, 0x8, 0x84, 0x11, 0x30,
    0x23, 0xa0, 0x48, 0x83, 0x80,

    /* U+94A7 "钧" */
    0x0, 0x0, 0x41, 0x1, 0x2, 0x3, 0xe7, 0xf0,
    0x10, 0x2f, 0xa0, 0x44, 0x10, 0x88, 0x11, 0x10,
    0x13, 0xfc, 0x4, 0x40, 0x48, 0x83, 0x11, 0x58,
    0x23, 0x0, 0xc8, 0xf, 0x0,

    /* U+94A9 "钩" */
    0x0, 0x0, 0x82, 0x3, 0xe8, 0x30, 0x3f, 0x81,
    0x5, 0xf8, 0x11, 0x8, 0x44, 0x21, 0x11, 0x27,
    0xf4, 0x91, 0x1, 0x44, 0x75, 0x12, 0x4, 0x70,
    0x30, 0x3, 0x80,

    /* U+94AE "钮" */
    0x20, 0x0, 0x83, 0xf9, 0xf1, 0x14, 0x2, 0x27,
    0xc4, 0x42, 0x8, 0x84, 0x7f, 0x8, 0x22, 0xfc,
    0x44, 0x20, 0x88, 0x42, 0x10, 0x84, 0x21, 0x48,
    0x47, 0x7f, 0xc0,

    /* U+94B1 "钱" */
    0x20, 0x40, 0x80, 0xb2, 0xf1, 0x4, 0xf, 0xc7,
    0xc4, 0x2, 0x8, 0x4, 0x1f, 0x8, 0xe0, 0xfc,
    0x44, 0x20, 0x50, 0x40, 0xc0, 0x81, 0x1, 0xcd,
    0x20, 0x21, 0xc0,

    /* U+94BB "钻" */
    0x20, 0x20, 0x80, 0x42, 0xf8, 0x84, 0x1, 0xe7,
    0xc2, 0x2, 0x4, 0x4, 0x8, 0x8, 0x10, 0xff,
    0xdc, 0x22, 0x8, 0x44, 0x10, 0x88, 0x21, 0x50,
    0x47, 0x3f, 0x80,

    /* U+94C1 "铁" */
    0x20, 0x20, 0xfa, 0x42, 0x7, 0xf8, 0x9, 0x7,
    0xe2, 0x2, 0x44, 0x4, 0x8, 0x9, 0xff, 0xfe,
    0x20, 0x20, 0x40, 0x41, 0x40, 0x82, 0x81, 0x28,
    0x83, 0xa0, 0x80, 0x80, 0x0,

    /* U+94C3 "铃" */
    0x20, 0x20, 0x40, 0x50, 0xbc, 0x48, 0x80, 0x88,
    0x7d, 0x44, 0x10, 0x23, 0x10, 0x0, 0x11, 0xfc,
    0xfe, 0x4, 0x10, 0x8, 0x10, 0x8, 0x10, 0x90,
    0x10, 0x60, 0x1c, 0x20, 0x20, 0x10,

    /* U+94C5 "铅" */
    0x20, 0x0, 0x81, 0xf1, 0x2, 0x23, 0xe4, 0x48,
    0x8, 0x80, 0x21, 0xe, 0x43, 0x89, 0x0, 0x10,
    0x1, 0xfb, 0xf8, 0x44, 0x10, 0x88, 0x21, 0x10,
    0x43, 0x3f, 0x88, 0x40, 0x0,

    /* U+94D0 "铐" */
    0x20, 0x0, 0x40, 0x89, 0xf7, 0xf0, 0x0, 0x43,
    0xff, 0xe2, 0x4, 0x4, 0x1f, 0xbe, 0x40, 0x11,
    0x80, 0x25, 0x0, 0x43, 0xf0, 0x80, 0x21, 0xc0,
    0x40, 0xf, 0x0,

    /* U+94DC "铜" */
    0x0, 0x0, 0x43, 0xfd, 0x4, 0xb, 0xe8, 0x18,
    0x17, 0xa0, 0x20, 0x4e, 0x5e, 0x88, 0xa5, 0x7d,
    0x4a, 0x22, 0x94, 0x45, 0xe8, 0x8a, 0x11, 0x10,
    0x23, 0xa0, 0x40, 0x43, 0x80,

    /* U+94E0 "铠" */
    0x21, 0x22, 0x41, 0x22, 0x7d, 0x22, 0x81, 0x22,
    0x7c, 0xdc, 0x10, 0x0, 0x11, 0xfe, 0x10, 0x2,
    0x7c, 0x2, 0x11, 0xfe, 0x11, 0x0, 0x11, 0x0,
    0x1d, 0x1, 0x11, 0xfe,

    /* U+94ED "铭" */
    0x20, 0x41, 0x1, 0xb, 0xcb, 0xe0, 0x42, 0x7e,
    0x90, 0x41, 0x41, 0x2, 0x4, 0x10, 0x7c, 0xfc,
    0x46, 0x11, 0x8, 0x44, 0x21, 0x14, 0x84, 0xa3,
    0xf0,

    /* U+94F2 "铲" */
    0x20, 0x20, 0x40, 0x21, 0xf7, 0xfc, 0x0, 0x0,
    0x4, 0x87, 0x3f, 0xc4, 0x40, 0x8, 0x80, 0x7d,
    0x0, 0x22, 0x0, 0x44, 0x0, 0x90, 0x1, 0x20,
    0x3, 0x40, 0x0, 0x0, 0x0,

    /* U+94F3 "铳" */
    0x20, 0x0, 0x80, 0x41, 0xf0, 0x4, 0xf, 0xf8,
    0x4, 0xf, 0x91, 0x4, 0x41, 0x8, 0x3e, 0x10,
    0x92, 0xf9, 0x20, 0x42, 0x40, 0x84, 0x81, 0x9,
    0x3, 0xa2, 0x48, 0x83, 0x80,

    /* U+94F6 "银" */
    0x20, 0x0, 0x43, 0xf9, 0x4, 0x15, 0xf8, 0x28,
    0x1f, 0xcf, 0xa0, 0x84, 0x41, 0x8, 0x82, 0x11,
    0xf9, 0xfe, 0x40, 0x44, 0x88, 0x88, 0xe1, 0x10,
    0x82, 0x60, 0x87, 0x48, 0x91, 0xe0,

    /* U+94FA "铺" */
    0x20, 0x28, 0x80, 0x4a, 0xef, 0xfc, 0x1, 0x7,
    0xdf, 0xc2, 0x24, 0x84, 0x49, 0x8, 0xfe, 0xfd,
    0x24, 0x22, 0x48, 0x47, 0xf0, 0x89, 0x21, 0x92,
    0x44, 0x25, 0x80,

    /* U+94FE "链" */
    0x40, 0x20, 0x44, 0x20, 0x7b, 0xfe, 0x80, 0x50,
    0x0, 0x90, 0x70, 0xfe, 0x2e, 0x10, 0x22, 0x10,
    0x72, 0xfe, 0x22, 0x10, 0x22, 0x10, 0x2e, 0x10,
    0x35, 0x80, 0x48, 0x7e,

    /* U+9500 "销" */
    0x20, 0x20, 0x82, 0x49, 0xf2, 0x84, 0x1, 0x7,
    0xdf, 0xc2, 0x20, 0x84, 0x41, 0x8, 0xfe, 0xfd,
    0x4, 0x22, 0x8, 0x47, 0xf0, 0x88, 0x21, 0x90,
    0x40, 0x23, 0x80,

    /* U+9501 "锁" */
    0x20, 0x20, 0x82, 0x4a, 0xfa, 0x84, 0x1, 0x7,
    0xdf, 0xc2, 0x20, 0x84, 0x49, 0x8, 0x92, 0x7f,
    0x24, 0x22, 0x48, 0x44, 0x90, 0x8a, 0x21, 0x88,
    0x84, 0x20, 0xc0,

    /* U+9503 "锃" */
    0x20, 0x0, 0x43, 0xf9, 0x4, 0x15, 0xe8, 0x28,
    0x10, 0x4f, 0xbf, 0x84, 0x0, 0x8, 0x0, 0x11,
    0xfd, 0xf8, 0x40, 0x40, 0x80, 0x8f, 0xf1, 0x2,
    0x3, 0x84, 0xc, 0xff, 0x80,

    /* U+9505 "锅" */
    0x0, 0x0, 0x41, 0xfd, 0x4, 0xb, 0xf8, 0x18,
    0x10, 0x2f, 0x9f, 0x84, 0x8, 0x8, 0xff, 0x11,
    0x22, 0xfa, 0x44, 0x45, 0x48, 0x8a, 0x51, 0x10,
    0x23, 0xa0, 0x40, 0x43, 0x80,

    /* U+9508 "锈" */
    0x20, 0x38, 0x83, 0xc1, 0xf0, 0x84, 0xf, 0xe7,
    0xcf, 0x2, 0x15, 0x4, 0x49, 0x89, 0xf8, 0x38,
    0x90, 0x21, 0x3c, 0x42, 0x8, 0xa8, 0x21, 0x90,
    0x40, 0x43, 0x80,

    /* U+950B "锋" */
    0x20, 0x80, 0x20, 0x84, 0x7d, 0x78, 0x2, 0x88,
    0x7c, 0x50, 0x10, 0x70, 0x11, 0xae, 0x11, 0xfc,
    0x38, 0x20, 0x11, 0xfc, 0x10, 0x20, 0x17, 0xfe,
    0x18, 0x20, 0x20, 0x20,

    /* U+9510 "锐" */
    0x20, 0x88, 0x81, 0x11, 0xf1, 0x44, 0xd, 0x67,
    0xd0, 0x42, 0x20, 0x84, 0x41, 0x8, 0xfe, 0x7c,
    0x50, 0x21, 0x20, 0x42, 0x40, 0x84, 0x81, 0xd1,
    0x24, 0x43, 0xc0,

    /* U+9519 "错" */
    0x20, 0x8, 0x40, 0x88, 0x7d, 0xfe, 0x80, 0x88,
    0x0, 0x88, 0x39, 0xff, 0x10, 0x0, 0x10, 0x0,
    0xfd, 0xfc, 0x11, 0x4, 0x11, 0xfc, 0x11, 0x4,
    0x19, 0x4, 0x21, 0xfc,

    /* U+9522 "锢" */
    0x0, 0x0, 0x43, 0xfd, 0x4, 0xb, 0xf9, 0x10,
    0x1f, 0xaf, 0xa4, 0x44, 0x48, 0x88, 0xfd, 0x11,
    0x8a, 0xff, 0x14, 0x46, 0x28, 0x8c, 0x51, 0x37,
    0x23, 0xbf, 0xc0, 0x40, 0x80,

    /* U+9523 "锣" */
    0x20, 0x0, 0x87, 0xfd, 0x9, 0x4d, 0xf2, 0x98,
    0x25, 0x2f, 0xff, 0xc4, 0x10, 0x8, 0x40, 0x10,
    0xfd, 0xfa, 0x10, 0x4a, 0x20, 0x82, 0x81, 0x2,
    0x2, 0x88, 0x6, 0x60, 0x1, 0x0,

    /* U+9524 "锤" */
    0x20, 0x1c, 0x87, 0xc1, 0xf0, 0x84, 0x1f, 0xe7,
    0xca, 0x82, 0x15, 0x4, 0x7f, 0x3e, 0x54, 0x10,
    0xa8, 0x21, 0x50, 0x4f, 0xf8, 0x81, 0x1, 0x42,
    0x7, 0x3f, 0xc0,

    /* U+952E "键" */
    0x40, 0x20, 0x8f, 0xfa, 0xc4, 0x94, 0xf, 0xf0,
    0x22, 0x46, 0xff, 0x88, 0x48, 0x10, 0x90, 0xfd,
    0xfc, 0x4a, 0x40, 0x8f, 0xf1, 0x19, 0x3, 0xca,
    0x5, 0xf, 0xc0,

    /* U+953B "锻" */
    0x0, 0x0, 0x41, 0x38, 0x84, 0x93, 0xe9, 0x28,
    0x12, 0x40, 0x3c, 0x8e, 0x49, 0x88, 0x80, 0x11,
    0xfc, 0xfa, 0x48, 0x44, 0x90, 0x88, 0xc1, 0x38,
    0x83, 0x23, 0x8, 0x49, 0x80,

    /* U+9547 "镇" */
    0x0, 0x0, 0x40, 0x41, 0x7, 0xfb, 0xc1, 0x8,
    0xf, 0xc0, 0x20, 0x8e, 0x3f, 0x8, 0x82, 0x10,
    0xfc, 0xfa, 0x8, 0x45, 0xf0, 0x9f, 0xf1, 0x0,
    0x2, 0x89, 0x6, 0x61, 0x80,

    /* U+9556 "镖" */
    0x0, 0x0, 0x47, 0xfd, 0x1, 0x43, 0xdf, 0xf8,
    0x25, 0x20, 0x4a, 0x4e, 0xff, 0x88, 0x0, 0x11,
    0xfc, 0x70, 0x0, 0x4f, 0xf8, 0x81, 0x1, 0x12,
    0x43, 0xc4, 0x40, 0x38, 0x0,

    /* U+955C "镜" */
    0x20, 0x0, 0x83, 0xfd, 0xf0, 0x0, 0x0, 0x47,
    0xcf, 0x42, 0x1f, 0x84, 0x41, 0x8, 0x7e, 0x7d,
    0x4, 0x21, 0xf8, 0x41, 0x40, 0xa2, 0x81, 0x89,
    0x20, 0x61, 0xc0,

    /* U+9563 "镣" */
    0x20, 0x0, 0x40, 0x40, 0xf7, 0xfa, 0xa, 0x90,
    0x8, 0x87, 0x1f, 0x84, 0x61, 0x88, 0x7e, 0x38,
    0x84, 0x21, 0xf8, 0x40, 0x80, 0x85, 0x21, 0x92,
    0x20, 0xc, 0x0,

    /* U+9570 "镰" */
    0x20, 0x0, 0x40, 0x21, 0xff, 0xbc, 0x11, 0x7,
    0xe7, 0xc2, 0x46, 0x4, 0x9f, 0x9, 0x7f, 0x7e,
    0x34, 0x25, 0xf8, 0x48, 0xa0, 0x93, 0xe1, 0xab,
    0x44, 0x84, 0x40,

    /* U+9576 "镶" */
    0x0, 0x0, 0x40, 0x40, 0xf7, 0x72, 0xe, 0xe0,
    0x25, 0x4f, 0xbb, 0x84, 0x22, 0x9, 0xff, 0x10,
    0x88, 0x71, 0xf0, 0x4f, 0xf8, 0x82, 0x1, 0x9,
    0x43, 0x71, 0x4, 0x29, 0x0, 0x21,

    /* U+957F "长" */
    0x10, 0x10, 0x40, 0x81, 0x4, 0x4, 0x60, 0x12,
    0x0, 0x40, 0xf, 0xff, 0xc4, 0x40, 0x11, 0x0,
    0x42, 0x1, 0x4, 0x4, 0x8, 0x10, 0x18, 0x78,
    0x10,

    /* U+95E8 "门" */
    0x0, 0x2, 0x7f, 0xc8, 0x2, 0x0, 0x18, 0x0,
    0xc0, 0x6, 0x0, 0x30, 0x1, 0x80, 0xc, 0x0,
    0x60, 0x3, 0x0, 0x18, 0x0, 0xc0, 0x6, 0x1,
    0xe0,

    /* U+95EA "闪" */
    0x40, 0x2, 0x7f, 0xc8, 0x2, 0x40, 0x11, 0x0,
    0xc1, 0x6, 0x8, 0x30, 0x41, 0x85, 0xc, 0x44,
    0x64, 0x13, 0x40, 0x18, 0x0, 0xc0, 0x6, 0x1,
    0xe0,

    /* U+95ED "闭" */
    0x0, 0x2, 0x7f, 0xc8, 0x2, 0x0, 0x18, 0x8,
    0xc0, 0x46, 0x7f, 0xf0, 0x11, 0x81, 0x8c, 0x14,
    0x61, 0x23, 0x31, 0x1a, 0x8, 0xc3, 0xc6, 0x0,
    0x60,

    /* U+95EE "问" */
    0x0, 0x2, 0x7f, 0xc8, 0x2, 0x0, 0x18, 0x0,
    0xc7, 0xc6, 0x22, 0x31, 0x11, 0x88, 0x8c, 0x44,
    0x63, 0xe3, 0x10, 0x18, 0x0, 0xc0, 0x6, 0x0,
    0xe0,

    /* U+95EF "闯" */
    0xf, 0xf9, 0x0, 0x40, 0x3, 0x3f, 0x98, 0x4,
    0xc0, 0x66, 0x42, 0x33, 0xfd, 0x80, 0x2d, 0xf9,
    0x60, 0x13, 0x0, 0x98, 0x3c, 0xc0, 0xc,

    /* U+95F2 "闲" */
    0x0, 0x2, 0x7f, 0xc8, 0x2, 0x4, 0x10, 0x20,
    0xc1, 0x6, 0xff, 0xb0, 0xe1, 0x8a, 0x8c, 0x52,
    0x64, 0x8b, 0x44, 0x18, 0x20, 0xc1, 0x6, 0x0,
    0xe0,

    /* U+95F4 "间" */
    0x0, 0x2, 0x7f, 0xc0, 0x2, 0x0, 0x18, 0x0,
    0xcf, 0xc6, 0x42, 0x32, 0x11, 0x9f, 0x8c, 0x84,
    0x64, 0x23, 0x21, 0x19, 0xf8, 0xc0, 0x6, 0x0,
    0xe0,

    /* U+95F7 "闷" */
    0x0, 0x2, 0x7f, 0xc8, 0x2, 0x0, 0x18, 0x0,
    0xc1, 0x6, 0x24, 0x31, 0x5, 0xa8, 0x2d, 0x43,
    0x62, 0x13, 0x10, 0x98, 0xfc, 0xc0, 0x6, 0x0,
    0xe0,

    /* U+95F9 "闹" */
    0x40, 0x2, 0x7f, 0xc8, 0x2, 0x0, 0x18, 0x20,
    0xdf, 0xf6, 0x8, 0x33, 0xf9, 0x92, 0x4c, 0x92,
    0x64, 0x93, 0x24, 0x99, 0x2c, 0xc1, 0x6, 0x0,
    0xe0,

    /* U+95FA "闺" */
    0x4f, 0xf9, 0x0, 0x48, 0x83, 0x3f, 0x98, 0x20,
    0xc1, 0x6, 0xff, 0xb0, 0x1, 0x82, 0xc, 0xfe,
    0x60, 0x83, 0x7f, 0xd8, 0x0, 0xc0, 0x1c,

    /* U+95FB "闻" */
    0x0, 0x2, 0x7f, 0xc8, 0x2, 0x0, 0x1b, 0xfe,
    0xc4, 0x46, 0x22, 0x31, 0xf1, 0x88, 0x8c, 0x7c,
    0x62, 0x23, 0x7f, 0xd8, 0x8, 0xc0, 0x46, 0x0,
    0xe0,

    /* U+9605 "阅" */
    0x0, 0x4, 0x7f, 0x20, 0x10, 0x89, 0x89, 0x18,
    0x51, 0x9f, 0x99, 0x9, 0x90, 0x99, 0xf9, 0x89,
    0x18, 0x91, 0x89, 0x3b, 0x1f, 0x80, 0x30,

    /* U+9614 "阔" */
    0x40, 0x2, 0x7f, 0xc8, 0x2, 0x0, 0x19, 0x7c,
    0xc0, 0x46, 0x2, 0x34, 0xff, 0x80, 0x8c, 0x3f,
    0x61, 0xb, 0x28, 0x5a, 0x7e, 0xd2, 0x6, 0x0,
    0xe0,

    /* U+961F "队" */
    0x0, 0x83, 0xe2, 0x8, 0x88, 0x24, 0x20, 0x90,
    0x82, 0x82, 0x9, 0x8, 0x24, 0x20, 0x88, 0xc2,
    0x25, 0x8, 0x94, 0x24, 0x48, 0x82, 0x22, 0x10,
    0x48, 0x80, 0xc0,

    /* U+9631 "阱" */
    0xf9, 0x12, 0x44, 0x49, 0x11, 0x29, 0xff, 0xa1,
    0x12, 0x84, 0x49, 0x11, 0x23, 0xff, 0x89, 0x12,
    0x24, 0x4b, 0x91, 0x20, 0x84, 0x82, 0x12, 0x10,
    0x40,

    /* U+9632 "防" */
    0x0, 0x3, 0xe2, 0x8, 0x84, 0x27, 0xff, 0x91,
    0x2, 0x84, 0xa, 0x10, 0x24, 0x7e, 0x89, 0xa,
    0x28, 0x28, 0xa0, 0xae, 0x82, 0x84, 0xa, 0x20,
    0x68, 0x7, 0x80,

    /* U+9633 "阳" */
    0xfb, 0xfc, 0x90, 0x64, 0x83, 0x44, 0x1a, 0x20,
    0xc9, 0x6, 0x4f, 0xf1, 0x41, 0x8a, 0xc, 0x50,
    0x6c, 0x83, 0x4, 0x18, 0x3f, 0xc1, 0x4,

    /* U+9634 "阴" */
    0xf9, 0xfc, 0x48, 0x64, 0x43, 0x22, 0x1a, 0x1f,
    0xc8, 0x86, 0x44, 0x31, 0x21, 0x89, 0xfc, 0x48,
    0x64, 0x83, 0x4, 0x18, 0x40, 0xc2, 0x1c,

    /* U+9635 "阵" */
    0x0, 0x3, 0xe4, 0x9, 0x10, 0x27, 0xff, 0xa2,
    0x42, 0x89, 0x9, 0x44, 0x23, 0xfe, 0x88, 0x42,
    0x21, 0xb, 0x84, 0x23, 0xff, 0x80, 0x42, 0x1,
    0x8, 0x4, 0x0,

    /* U+9636 "阶" */
    0x0, 0x41, 0xf1, 0x82, 0x22, 0x84, 0x85, 0xa,
    0x11, 0x14, 0x41, 0x29, 0x1, 0x48, 0x88, 0x89,
    0x11, 0x12, 0x22, 0x24, 0x44, 0x88, 0x88, 0x11,
    0x10, 0x42, 0x21, 0x4, 0x0,

    /* U+963B "阻" */
    0xfb, 0xf9, 0x24, 0x12, 0x48, 0x25, 0x10, 0x4a,
    0x3f, 0x92, 0x41, 0x22, 0x82, 0x45, 0x4, 0x8a,
    0x9, 0x17, 0xf2, 0xc8, 0x24, 0x10, 0x48, 0x20,
    0x91, 0xff, 0xc0,

    /* U+963F "阿" */
    0xf8, 0x1, 0x1f, 0xfe, 0x40, 0x24, 0x80, 0x4a,
    0x3c, 0x94, 0x89, 0x25, 0x12, 0x46, 0x24, 0x8c,
    0x49, 0x17, 0x92, 0xe0, 0x24, 0x0, 0x48, 0x0,
    0x90, 0xf, 0x0,

    /* U+9644 "附" */
    0x1, 0x9, 0xe4, 0x12, 0x48, 0x25, 0x20, 0x4a,
    0x5f, 0xf8, 0x81, 0x2b, 0x2, 0x4a, 0x44, 0x94,
    0x89, 0x28, 0x92, 0x50, 0x25, 0x20, 0x48, 0x40,
    0x90, 0x81, 0x21, 0xe, 0x0,

    /* U+9645 "际" */
    0xf8, 0x2, 0x2f, 0xe9, 0x0, 0x24, 0x0, 0xa0,
    0x2, 0x4f, 0xf9, 0x4, 0x22, 0x10, 0x88, 0x42,
    0x29, 0x2b, 0xc4, 0xa1, 0x11, 0x80, 0x42, 0x7,
    0x0,

    /* U+9646 "陆" */
    0xf8, 0x42, 0x41, 0x9, 0x3f, 0xa8, 0x10, 0xa0,
    0x42, 0x81, 0x9, 0x7f, 0xe2, 0x10, 0x8c, 0x4a,
    0x31, 0x2b, 0x44, 0xa1, 0x12, 0x87, 0xfa, 0x0,
    0x20,

    /* U+964B "陋" */
    0x0, 0x3, 0xdf, 0xfa, 0x4, 0x28, 0x10, 0xab,
    0xfb, 0x29, 0x2a, 0xa4, 0xaa, 0x92, 0x9a, 0xaa,
    0x6c, 0x69, 0xa0, 0xa2, 0x82, 0x88, 0x3a, 0x20,
    0x8, 0xff, 0xc0,

    /* U+964C "陌" */
    0xff, 0xfe, 0x42, 0x9, 0x8, 0x24, 0x20, 0xa3,
    0xfa, 0x88, 0x29, 0x20, 0xa2, 0x82, 0x8b, 0xfa,
    0x28, 0x2b, 0xa0, 0xa0, 0x82, 0x83, 0xfa, 0x8,
    0x20,

    /* U+964D "降" */
    0xf8, 0x2, 0x47, 0xc9, 0x21, 0x29, 0x68, 0xa0,
    0xe2, 0x45, 0x78, 0xe4, 0x23, 0xfe, 0x88, 0x42,
    0x21, 0x9, 0x44, 0x21, 0xff, 0x80, 0x42, 0x1,
    0x0,

    /* U+9650 "限" */
    0xfb, 0xfa, 0x48, 0x29, 0x20, 0xa8, 0xfe, 0xa2,
    0xa, 0x48, 0x29, 0x3f, 0xa2, 0x80, 0x8a, 0x46,
    0x29, 0x2b, 0x23, 0x20, 0x88, 0x82, 0x12, 0x1e,
    0x30,

    /* U+965B "陛" */
    0xf4, 0x2, 0x51, 0x2a, 0x7d, 0x29, 0x18, 0xc4,
    0x42, 0x93, 0x19, 0x7b, 0xe4, 0x20, 0x90, 0x82,
    0xff, 0xe8, 0x8, 0x20, 0x20, 0x80, 0x82, 0x7f,
    0xf0,

    /* U+9661 "陡" */
    0xf8, 0x41, 0x20, 0x82, 0x5f, 0xf5, 0x2, 0xa,
    0x4, 0x13, 0xff, 0xe4, 0x10, 0x44, 0x20, 0x8a,
    0x41, 0x14, 0xb2, 0xe9, 0x4, 0x2a, 0x8, 0x4c,
    0x11, 0xf, 0xc0,

    /* U+9662 "院" */
    0x0, 0x83, 0xe2, 0x9, 0x4, 0x25, 0xff, 0xa8,
    0x6, 0x8f, 0xd9, 0x0, 0x24, 0x0, 0x8f, 0xfe,
    0x24, 0x88, 0x92, 0x2c, 0x48, 0x82, 0x22, 0x10,
    0x98, 0x83, 0xc0,

    /* U+9664 "除" */
    0x0, 0x1, 0xf0, 0x82, 0x42, 0x85, 0x88, 0x8a,
    0x60, 0xd4, 0x7f, 0x24, 0x10, 0x44, 0x20, 0x8f,
    0xfd, 0x10, 0x82, 0xc9, 0x24, 0x22, 0x48, 0x84,
    0x50, 0x8, 0x20, 0x70, 0x0,

    /* U+9668 "陨" */
    0xfb, 0xf9, 0x14, 0x12, 0x48, 0x25, 0x1f, 0xca,
    0x0, 0x12, 0x7f, 0xa5, 0x1, 0x46, 0x22, 0x8c,
    0x45, 0x18, 0x8a, 0xf1, 0x14, 0x5, 0x28, 0x11,
    0x90, 0x40, 0x80,

    /* U+9669 "险" */
    0x0, 0x41, 0xe0, 0x82, 0x43, 0x5, 0x9, 0xc,
    0x21, 0x14, 0xbf, 0x2a, 0x1, 0xc8, 0x22, 0x92,
    0x49, 0x24, 0x92, 0xc8, 0x44, 0x8, 0x88, 0x2,
    0x11, 0xff, 0xa0, 0x0, 0x0,

    /* U+966A "陪" */
    0x0, 0x3, 0xe1, 0x8, 0x84, 0x25, 0xff, 0x90,
    0xa, 0x84, 0x49, 0x1, 0x25, 0xff, 0x88, 0x2,
    0x2f, 0xe8, 0xa0, 0xac, 0x82, 0x82, 0xa, 0x8,
    0x28, 0x3f, 0x80,

    /* U+9675 "陵" */
    0x0, 0x41, 0xc0, 0x82, 0x4f, 0xf5, 0x2, 0xa,
    0x4, 0x18, 0xff, 0xe8, 0x4, 0x51, 0x46, 0x95,
    0x1, 0x25, 0xe2, 0xdc, 0x44, 0x5, 0x8, 0x4,
    0x10, 0x36, 0x23, 0x83, 0x0,

    /* U+9676 "陶" */
    0x2, 0x3, 0xf0, 0x9, 0x40, 0x24, 0xff, 0xa4,
    0x6, 0x8f, 0xd9, 0x48, 0x62, 0x21, 0x8f, 0xf6,
    0x22, 0x18, 0x89, 0x65, 0x25, 0x83, 0xf6, 0x0,
    0x18, 0x3, 0xc0,

    /* U+9677 "陷" */
    0x0, 0x7, 0x48, 0x24, 0x7d, 0x24, 0x2a, 0x22,
    0x52, 0x2, 0x42, 0x11, 0x6f, 0x8c, 0xc, 0x60,
    0x6f, 0xef, 0x8, 0x18, 0x40, 0xc3, 0xfe, 0x10,
    0x20,

    /* U+9686 "隆" */
    0xf9, 0x2, 0x47, 0xc9, 0x21, 0x29, 0x48, 0xa0,
    0xc2, 0x4c, 0xe9, 0x3f, 0x22, 0x0, 0x8c, 0x2,
    0x2f, 0xeb, 0x48, 0x20, 0xfe, 0x80, 0x82, 0x3f,
    0xf0,

    /* U+968F "随" */
    0x0, 0x43, 0x81, 0xa, 0xbf, 0xea, 0x20, 0xa5,
    0x3, 0x7, 0xea, 0x28, 0xa7, 0x3e, 0x94, 0x8a,
    0x53, 0xeb, 0x48, 0xa1, 0x22, 0x86, 0x9a, 0x6c,
    0x8, 0xf, 0xc0,

    /* U+9690 "隐" */
    0xf9, 0x2, 0x27, 0x89, 0x42, 0x28, 0xfe, 0xa0,
    0xa, 0x40, 0x29, 0x3f, 0xa2, 0x2, 0x8f, 0xfa,
    0x22, 0xb, 0x64, 0x22, 0x82, 0x8a, 0x12, 0xf,
    0xc0,

    /* U+9694 "隔" */
    0xf7, 0xfe, 0x40, 0xa, 0x3f, 0xa8, 0x82, 0xc2,
    0xa, 0x87, 0xca, 0x7f, 0xe5, 0x41, 0x94, 0x96,
    0x50, 0x9b, 0x5f, 0xe1, 0x11, 0x84, 0x46, 0x11,
    0x30,

    /* U+9699 "隙" */
    0xf8, 0x42, 0x21, 0x49, 0x24, 0xa5, 0x11, 0xa3,
    0xfa, 0x90, 0x29, 0x3f, 0xa3, 0x2, 0x8b, 0xfa,
    0x21, 0xb, 0x85, 0x20, 0x92, 0x84, 0x46, 0x7,
    0x0,

    /* U+969C "障" */
    0xf8, 0x81, 0x27, 0xfa, 0x44, 0x5, 0x0, 0xa,
    0x3f, 0xd2, 0x7f, 0x24, 0x82, 0x45, 0xfc, 0x8a,
    0x9, 0x17, 0xf2, 0x41, 0x4, 0x3f, 0xf8, 0x4,
    0x10, 0x8, 0x0,

    /* U+96BE "难" */
    0x0, 0x40, 0x1, 0x20, 0xf2, 0x0, 0x47, 0xf0,
    0x89, 0x9, 0x32, 0xa, 0xbf, 0x98, 0x48, 0x10,
    0x90, 0x51, 0x20, 0xa3, 0xfa, 0x24, 0x88, 0x9,
    0x0, 0x1f, 0xc0, 0x20, 0x0,

    /* U+96C0 "雀" */
    0x1, 0x0, 0x24, 0x81, 0x11, 0x8, 0x52, 0x41,
    0x80, 0xa, 0x1, 0xff, 0xfc, 0x20, 0x1f, 0xf8,
    0x42, 0x1, 0xff, 0x84, 0x20, 0x10, 0x80, 0x7f,
    0xf0,

    /* U+96C1 "雁" */
    0x3f, 0xfe, 0x20, 0x0, 0x22, 0x10, 0x24, 0x88,
    0x24, 0xfe, 0x24, 0x90, 0x2d, 0x90, 0x36, 0xfe,
    0x24, 0x90, 0x24, 0x90, 0x44, 0xfe, 0x44, 0x90,
    0x44, 0x90, 0x84, 0xff,

    /* U+96C4 "雄" */
    0x0, 0xc0, 0x84, 0x82, 0x10, 0x3f, 0x7f, 0x43,
    0x21, 0x54, 0x85, 0x1f, 0xd8, 0x48, 0xa1, 0x22,
    0xa7, 0xf4, 0x92, 0x17, 0x48, 0x65, 0xfc, 0x4,
    0x0,

    /* U+96C5 "雅" */
    0x0, 0x50, 0x3e, 0x48, 0x44, 0xff, 0x44, 0x88,
    0x44, 0x88, 0x45, 0x88, 0x7f, 0xfe, 0x14, 0x88,
    0x14, 0x88, 0x24, 0xfe, 0x24, 0x88, 0x44, 0x88,
    0x4, 0xff, 0x1c, 0x80,

    /* U+96C6 "集" */
    0x11, 0x0, 0x41, 0x0, 0xfd, 0xc7, 0xff, 0x82,
    0x10, 0x7, 0xfe, 0x8, 0x40, 0x1f, 0xfe, 0x21,
    0x1, 0xff, 0xfc, 0x16, 0x0, 0x4b, 0x3, 0x11,
    0x98, 0x20, 0xc0,

    /* U+96D5 "雕" */
    0x0, 0x0, 0xfc, 0xa1, 0x29, 0x42, 0x54, 0x7,
    0xe7, 0xc9, 0x5a, 0x1f, 0xd4, 0x21, 0x3e, 0x7e,
    0x50, 0xc4, 0xa1, 0x89, 0xf3, 0xf2, 0x8a, 0x25,
    0x10, 0x4f, 0xe1, 0x90, 0x0,

    /* U+96E8 "雨" */
    0xff, 0xfe, 0x2, 0x0, 0x4, 0x3, 0xff, 0xe4,
    0x10, 0x4a, 0x28, 0x93, 0x4d, 0x20, 0x82, 0x51,
    0x44, 0x9a, 0x49, 0x4, 0x12, 0x8, 0x24, 0x13,
    0xc0,

    /* U+96EA "雪" */
    0x7f, 0xf8, 0x8, 0xf, 0xff, 0xe0, 0x81, 0xba,
    0xf6, 0x8, 0x17, 0xaf, 0x0, 0x0, 0x3f, 0xf0,
    0x0, 0x43, 0xff, 0x0, 0x4, 0x0, 0x11, 0xff,
    0xc0,

    /* U+96EF "雯" */
    0x7f, 0xf8, 0x8, 0xf, 0xff, 0xe0, 0x81, 0xbe,
    0xf4, 0xf3, 0xc0, 0x20, 0x0, 0x80, 0xff, 0xfc,
    0x40, 0x80, 0x84, 0x1, 0xa0, 0x3, 0x80, 0x31,
    0xef, 0x0, 0x0,

    /* U+96F3 "雳" */
    0x3f, 0xfc, 0x2, 0x1, 0xff, 0xfa, 0xf9, 0xd0,
    0x10, 0x1, 0x82, 0xf, 0xff, 0x90, 0x40, 0x20,
    0x80, 0x5f, 0xf8, 0x84, 0x12, 0x8, 0x24, 0x20,
    0x91, 0x87, 0x0,

    /* U+96F6 "零" */
    0x3f, 0xfc, 0x1, 0x0, 0x7f, 0xfe, 0x41, 0x2,
    0x7d, 0x7a, 0x3d, 0x78, 0x1, 0x0, 0x6, 0xe0,
    0x79, 0x9f, 0x3f, 0xf8, 0x0, 0x10, 0x4, 0x60,
    0x3, 0x80, 0x0, 0x40,

    /* U+96F7 "雷" */
    0x7f, 0xf8, 0x8, 0xf, 0xff, 0xe0, 0x81, 0xba,
    0xf6, 0x8, 0x17, 0xaf, 0x0, 0x0, 0x3f, 0xf1,
    0x8, 0x43, 0xff, 0x10, 0x84, 0x42, 0x10, 0xff,
    0xc0,

    /* U+96FB "電" */
    0x7f, 0xf8, 0x4, 0x3, 0xff, 0xf4, 0x10, 0x2f,
    0xaf, 0x40, 0x40, 0xc, 0x98, 0x3f, 0xf8, 0x42,
    0x10, 0xff, 0xe1, 0x8, 0x43, 0xff, 0x94, 0x20,
    0x20, 0x7f, 0x80,

    /* U+96FE "雾" */
    0x1f, 0xf8, 0x7f, 0xfe, 0x41, 0x2, 0x49, 0x32,
    0x1d, 0x78, 0x1, 0x0, 0xf, 0xf8, 0x38, 0x20,
    0x7, 0xc0, 0xfc, 0x7f, 0x2, 0x0, 0x3f, 0xf8,
    0x4, 0x10, 0x78, 0x70,

    /* U+9700 "需" */
    0x7f, 0xf8, 0x8, 0xf, 0xff, 0xe0, 0x81, 0xbe,
    0xf4, 0x8, 0x1, 0x86, 0x3f, 0xff, 0x2, 0x1,
    0xff, 0xe4, 0x48, 0x91, 0x22, 0x44, 0x89, 0x10,
    0x60,

    /* U+9704 "霄" */
    0xff, 0xf8, 0x8, 0xf, 0xff, 0xfe, 0xbd, 0x82,
    0x5, 0xe3, 0xc1, 0x22, 0x2, 0x90, 0x7f, 0xf1,
    0x80, 0x47, 0xff, 0x1f, 0xfc, 0x60, 0x11, 0x81,
    0xc0,

    /* U+9706 "霆" */
    0x7f, 0xfc, 0x1, 0x0, 0x7f, 0xfe, 0x41, 0x2,
    0x7f, 0x7a, 0x3f, 0x78, 0x0, 0x0, 0x39, 0xf8,
    0x10, 0x40, 0x3d, 0xfc, 0x8, 0x40, 0x2b, 0xfe,
    0x18, 0x0, 0x67, 0xfe,

    /* U+9707 "震" */
    0x3f, 0xfc, 0x2, 0x1, 0xff, 0xfa, 0x8, 0x15,
    0xf7, 0xa3, 0xef, 0x0, 0x0, 0x17, 0xfe, 0x2f,
    0xf8, 0x40, 0x0, 0xff, 0xf9, 0x44, 0x24, 0x87,
    0x89, 0xb, 0x23, 0xe1, 0x80,

    /* U+9709 "霉" */
    0x7f, 0xf8, 0x8, 0x7, 0xff, 0xe0, 0x81, 0x3e,
    0xfc, 0x0, 0x1, 0xff, 0x8f, 0xfc, 0x66, 0x10,
    0x84, 0x4f, 0xff, 0xc8, 0xc4, 0x3f, 0xfc, 0x3,
    0x80,

    /* U+971C "霜" */
    0x3f, 0xfc, 0x2, 0x1, 0xff, 0xfa, 0x8, 0x17,
    0xf7, 0xa7, 0xef, 0x2, 0x40, 0x4, 0x7e, 0x7f,
    0x4, 0x11, 0xf8, 0x64, 0x11, 0x77, 0xe4, 0x90,
    0x41, 0x1f, 0x80,

    /* U+9732 "露" */
    0x3f, 0xfc, 0x2, 0x1, 0xff, 0xf2, 0xeb, 0xe4,
    0x10, 0x1, 0x26, 0xf, 0x9f, 0x21, 0x64, 0x43,
    0x30, 0x78, 0x98, 0x3b, 0xf2, 0x44, 0x24, 0x88,
    0x5e, 0xcf, 0x80,

    /* U+9738 "霸" */
    0x7f, 0xf8, 0x8, 0xf, 0xff, 0xef, 0xbd, 0x82,
    0x4, 0x71, 0x8f, 0xff, 0x11, 0x22, 0x18, 0xfb,
    0xfc, 0x29, 0x30, 0x9f, 0x5e, 0xff, 0x8, 0x44,
    0xe0,

    /* U+9739 "霹" */
    0x3f, 0xfc, 0x2, 0x1, 0xff, 0xfa, 0xeb, 0xd4,
    0x10, 0x23, 0x8f, 0xf, 0x88, 0x21, 0x7f, 0x7e,
    0x48, 0x83, 0xfd, 0x78, 0x83, 0x17, 0xf6, 0x22,
    0x13, 0xc0, 0x0,

    /* U+9752 "青" */
    0x1, 0x0, 0xff, 0xf8, 0x4, 0x1, 0xff, 0xc0,
    0x10, 0xf, 0xdf, 0x87, 0xfe, 0x8, 0x4, 0x10,
    0x8, 0x3f, 0xf0, 0x40, 0x20, 0xff, 0xc1, 0x0,
    0x82, 0x7, 0x0,

    /* U+9759 "静" */
    0x10, 0x40, 0x41, 0xf, 0xe7, 0x4, 0x24, 0x7d,
    0x20, 0x47, 0xe6, 0xc4, 0x9f, 0xff, 0x44, 0x49,
    0x11, 0x27, 0xdf, 0x9f, 0x10, 0x44, 0x41, 0x11,
    0x4, 0xcc, 0x0,

    /* U+975E "非" */
    0x4, 0x40, 0x8, 0x80, 0x11, 0x7, 0xe3, 0xf0,
    0x44, 0x0, 0x88, 0x1, 0x10, 0x3e, 0x3f, 0x4,
    0x40, 0x8, 0x83, 0xf1, 0xf8, 0x22, 0x0, 0x44,
    0x0, 0x88, 0x1, 0x10, 0x0,

    /* U+9760 "靠" */
    0x11, 0x0, 0xff, 0xe4, 0x10, 0xf, 0xbe, 0x3f,
    0xf8, 0x80, 0x23, 0xff, 0x81, 0x10, 0xfc, 0x7c,
    0x11, 0x7, 0xc7, 0x81, 0x10, 0xfc, 0x7c, 0x11,
    0x0,

    /* U+9761 "靡" */
    0x0, 0x80, 0x3f, 0xfe, 0x24, 0x0, 0x3f, 0x7e,
    0x24, 0x18, 0x2f, 0x34, 0x34, 0x50, 0x25, 0x20,
    0x3f, 0x3e, 0x21, 0x20, 0x6f, 0x3c, 0x5f, 0x3f,
    0x41, 0x20, 0x81, 0x20,

    /* U+9762 "面" */
    0xff, 0xfc, 0x8, 0x0, 0x20, 0x1f, 0xfe, 0x88,
    0x4a, 0x21, 0x28, 0xfc, 0xa2, 0x12, 0x8f, 0xca,
    0x21, 0x28, 0x84, 0x9f, 0xfe, 0x0, 0x0,

    /* U+9765 "靥" */
    0x3f, 0xff, 0x20, 0x0, 0x20, 0x98, 0x3f, 0xfe,
    0x21, 0x40, 0x22, 0x30, 0x3c, 0xe, 0x3f, 0xfe,
    0x20, 0x80, 0x2f, 0xfc, 0x4b, 0xf4, 0x4b, 0xf4,
    0x4a, 0x14, 0x8f, 0xfc,

    /* U+9769 "革" */
    0x8, 0x20, 0x10, 0x43, 0xff, 0xf8, 0x41, 0x0,
    0x82, 0x0, 0xf8, 0xf, 0xfe, 0x10, 0x84, 0x21,
    0x8, 0x7f, 0xf0, 0x4, 0x0, 0x8, 0xf, 0xff,
    0xe0, 0x20, 0x0, 0x40, 0x0,

    /* U+9774 "靴" */
    0x0, 0x0, 0x90, 0xa1, 0xfa, 0x42, 0x44, 0x93,
    0x89, 0x42, 0x13, 0x1f, 0x64, 0x2a, 0x48, 0x54,
    0xf0, 0xf9, 0x20, 0x42, 0x47, 0xf4, 0x81, 0x9,
    0x22, 0x12, 0x44, 0x27, 0x80,

    /* U+978B "鞋" */
    0x40, 0x21, 0xfc, 0x41, 0x27, 0xf2, 0x41, 0x3,
    0x2, 0x1f, 0xbf, 0xa5, 0x0, 0x4a, 0x10, 0xfc,
    0x20, 0x21, 0xf3, 0xf8, 0x80, 0x81, 0x1, 0x2,
    0x2, 0x7f, 0xc0,

    /* U+97AD "鞭" */
    0x0, 0x0, 0x90, 0x1, 0xf5, 0xf2, 0x48, 0x84,
    0x97, 0xe2, 0x2a, 0x5f, 0xdf, 0xaa, 0xa9, 0x55,
    0x52, 0xfa, 0x78, 0x44, 0x47, 0xea, 0x81, 0x12,
    0x2, 0x2e, 0x4, 0x63, 0x80,

    /* U+97F3 "音" */
    0x2, 0x0, 0x8, 0x7, 0xff, 0x84, 0x8, 0x10,
    0x40, 0x21, 0xf, 0xff, 0xc0, 0x0, 0x3f, 0xf0,
    0x80, 0x42, 0x1, 0xf, 0xfc, 0x20, 0x10, 0x80,
    0x43, 0xff, 0x0,

    /* U+97F5 "韵" */
    0x0, 0x40, 0x42, 0xf, 0xe8, 0x10, 0x3f, 0x49,
    0x4, 0x20, 0x1f, 0xec, 0x40, 0x9, 0x7c, 0x6,
    0x10, 0x38, 0x43, 0x5f, 0x31, 0x84, 0x5, 0xf0,
    0x30, 0x7, 0x80,

    /* U+9875 "页" */
    0xff, 0xfc, 0x8, 0x0, 0x20, 0xf, 0xfc, 0x40,
    0x11, 0x0, 0x44, 0x21, 0x10, 0x84, 0x42, 0x11,
    0x8, 0x40, 0x21, 0x1, 0x10, 0x8, 0x31, 0xc0,
    0x20,

    /* U+9876 "顶" */
    0x1, 0xff, 0xfc, 0x40, 0x40, 0x80, 0x87, 0xe1,
    0x10, 0x42, 0x20, 0x84, 0x49, 0x8, 0x92, 0x11,
    0x24, 0x22, 0x48, 0x40, 0x80, 0x81, 0x1, 0x4,
    0x9e, 0x10, 0x80, 0xc0, 0x80,

    /* U+9877 "顷" */
    0x47, 0xfd, 0x2, 0x4, 0x8, 0x10, 0xfe, 0x7c,
    0x9, 0x10, 0x24, 0x44, 0x91, 0x12, 0x44, 0x49,
    0x12, 0x27, 0x8, 0x20, 0x28, 0x1, 0x10, 0x8,
    0x30,

    /* U+9879 "项" */
    0x7, 0xfc, 0x1, 0x7, 0x8, 0x8, 0xfe, 0x24,
    0x8, 0x91, 0x22, 0x44, 0x89, 0x12, 0x24, 0x48,
    0xb2, 0x25, 0x8, 0x80, 0x20, 0x1, 0x30, 0x8,
    0x20, 0x40, 0x40,

    /* U+987A "顺" */
    0x1, 0xfe, 0x88, 0x41, 0x50, 0x82, 0xa0, 0x5,
    0x4f, 0xca, 0x94, 0x95, 0x29, 0x2a, 0x52, 0x54,
    0xa4, 0xa9, 0x49, 0x52, 0x92, 0xa1, 0x88, 0x44,
    0x90, 0xb0, 0x80,

    /* U+987B "须" */
    0x27, 0xf8, 0x82, 0x4, 0x8, 0x20, 0xfc, 0x4,
    0x10, 0x50, 0x42, 0x49, 0x11, 0x24, 0x84, 0x90,
    0x32, 0x41, 0x8, 0x8, 0x20, 0x41, 0x32, 0x8,
    0x20, 0x40, 0x0,

    /* U+987E "顾" */
    0x7e, 0xfe, 0x80, 0x41, 0x0, 0x82, 0xf7, 0xe5,
    0x28, 0x4a, 0x54, 0x94, 0xa9, 0x29, 0x52, 0x56,
    0xa4, 0xa1, 0x49, 0x42, 0x96, 0x82, 0x9, 0xc4,
    0x90, 0x10, 0x80,

    /* U+987F "顿" */
    0x11, 0xfc, 0x40, 0x87, 0xc4, 0x25, 0x7e, 0x95,
    0x2a, 0x54, 0xa9, 0x52, 0xa5, 0x4a, 0xfd, 0x28,
    0x44, 0xa1, 0x14, 0x84, 0x18, 0x1c, 0x90, 0x44,
    0x20,

    /* U+9881 "颁" */
    0x14, 0xff, 0x24, 0x10, 0x22, 0x20, 0x22, 0xfe,
    0x41, 0x82, 0x7e, 0x92, 0x12, 0x92, 0x12, 0x92,
    0x12, 0x92, 0x12, 0x92, 0x22, 0x92, 0x22, 0x28,
    0x22, 0x24, 0x5e, 0x42, 0x0, 0x80,

    /* U+9884 "预" */
    0xff, 0xfc, 0x21, 0x1, 0x4, 0x18, 0x7e, 0x12,
    0xb, 0xf9, 0x22, 0xa4, 0x8a, 0x92, 0x2a, 0x48,
    0x89, 0x22, 0x4, 0x88, 0x24, 0x21, 0xb, 0x88,
    0x10,

    /* U+9886 "领" */
    0x0, 0x0, 0x21, 0xfc, 0xa0, 0x41, 0x21, 0x4,
    0x2f, 0xca, 0x30, 0x82, 0x25, 0x0, 0x4a, 0x7e,
    0x94, 0xd, 0x28, 0x12, 0x50, 0x45, 0x3, 0x2,
    0x2, 0x5, 0x82, 0x10, 0x80, 0x40,

    /* U+9887 "颇" */
    0x8, 0xfe, 0x10, 0x21, 0xfc, 0x82, 0x57, 0xe4,
    0x89, 0x4f, 0xd2, 0x90, 0xa5, 0x21, 0x52, 0x54,
    0xa4, 0x99, 0x49, 0x12, 0x96, 0x51, 0x9, 0x24,
    0x94, 0x10, 0xc0, 0x0, 0x0,

    /* U+988A "颊" */
    0x11, 0xfe, 0x20, 0x43, 0xf9, 0x0, 0x87, 0xe1,
    0x50, 0x4a, 0xa4, 0x94, 0x49, 0x7f, 0x92, 0x21,
    0x24, 0x22, 0x48, 0xa0, 0x92, 0x22, 0x4, 0x4,
    0x90, 0x30, 0xc0,

    /* U+9891 "频" */
    0x11, 0xfd, 0x40, 0x85, 0x44, 0x14, 0x7e, 0x41,
    0xb, 0xfc, 0xa1, 0x12, 0x94, 0x4a, 0x55, 0x2a,
    0x54, 0xa0, 0x94, 0x84, 0x10, 0x20, 0x51, 0x2,
    0x38, 0x10, 0x0,

    /* U+9897 "颗" */
    0x7e, 0xfe, 0x94, 0x21, 0x28, 0x83, 0xf7, 0xe4,
    0xa8, 0x4f, 0xd2, 0x82, 0x25, 0x4, 0x4a, 0x7f,
    0x94, 0x11, 0x48, 0xf2, 0x82, 0x41, 0x0, 0x84,
    0x41, 0x10, 0x40,

    /* U+9898 "题" */
    0x3f, 0xff, 0x21, 0x20, 0x21, 0x20, 0x3f, 0x7e,
    0x3f, 0x92, 0x0, 0x92, 0xff, 0x92, 0x8, 0x92,
    0x8, 0x92, 0x2f, 0x22, 0x28, 0x24, 0x38, 0x42,
    0x4c, 0x80, 0x43, 0xff,

    /* U+989C "颜" */
    0x0, 0x0, 0x23, 0xff, 0xf8, 0x82, 0x20, 0x2,
    0x97, 0xdf, 0xe4, 0xa1, 0x49, 0x44, 0x92, 0xb1,
    0x25, 0x12, 0x4a, 0x44, 0x97, 0x21, 0x28, 0x85,
    0x12, 0x19, 0x38, 0x41, 0x0,

    /* U+989D "额" */
    0x11, 0xff, 0xf8, 0x88, 0x24, 0x2f, 0x6e, 0x45,
    0xa, 0x24, 0xa1, 0x12, 0x8a, 0x4a, 0xc7, 0x49,
    0xf5, 0x24, 0x54, 0x11, 0x10, 0x44, 0x99, 0xf4,
    0x10,

    /* U+98A0 "颠" */
    0x10, 0x0, 0x23, 0xff, 0xf8, 0x80, 0x82, 0x7,
    0xcf, 0xd0, 0xa0, 0x9f, 0x49, 0x42, 0x92, 0x7d,
    0x25, 0xa, 0x4a, 0xf4, 0x97, 0xf1, 0x20, 0x5,
    0x8, 0x89, 0x20, 0x61, 0x0,

    /* U+98A4 "颤" */
    0x0, 0x0, 0x23, 0xff, 0xf8, 0x80, 0x2, 0xf,
    0xef, 0xd7, 0x60, 0xae, 0xc9, 0x41, 0x92, 0x7d,
    0x24, 0xfa, 0x49, 0x14, 0x93, 0xe1, 0x27, 0xc4,
    0x0, 0x9, 0x3f, 0x61, 0x0,

    /* U+98A6 "颦" */
    0x1, 0xfd, 0x39, 0x4, 0xf, 0xbf, 0xca, 0x53,
    0x22, 0x51, 0x81, 0xc9, 0xff, 0xfc, 0x42, 0x11,
    0xf7, 0xc3, 0xff, 0x8, 0x40, 0xff, 0xfc, 0x4,
    0x0,

    /* U+98CE "风" */
    0x3f, 0xf8, 0x40, 0x10, 0x80, 0x21, 0x40, 0x42,
    0x48, 0x84, 0x61, 0x8, 0x42, 0x11, 0x84, 0x22,
    0x88, 0x48, 0x91, 0x20, 0xa2, 0x80, 0x44, 0x0,
    0x70, 0x0, 0xc0,

    /* U+98D2 "飒" */
    0x0, 0x0, 0x47, 0xf0, 0x88, 0x20, 0x10, 0xcf,
    0xb2, 0x80, 0x65, 0x0, 0xaa, 0x49, 0x64, 0x52,
    0x48, 0xa4, 0x91, 0x4a, 0xa0, 0x75, 0x4f, 0x50,
    0x80, 0x81, 0xc2, 0x1, 0x0,

    /* U+98D8 "飘" */
    0x7d, 0x7b, 0xfc, 0x2a, 0xb9, 0xaa, 0xea, 0xff,
    0xa8, 0x5, 0xa7, 0xd2, 0x80, 0x4a, 0xff, 0x68,
    0x46, 0xa9, 0x59, 0x84, 0x82, 0x32, 0x4,

    /* U+98DE "飞" */
    0xff, 0xc0, 0x0, 0x80, 0x1, 0x10, 0x2, 0x40,
    0x7, 0x0, 0xc, 0x0, 0x16, 0x0, 0x32, 0x0,
    0x20, 0x0, 0x44, 0x0, 0x88, 0x0, 0x90, 0x0,
    0xe0,

    /* U+98DF "食" */
    0x1, 0x0, 0x5, 0x0, 0x11, 0x0, 0xc9, 0x83,
    0xff, 0xda, 0x2, 0x47, 0xfc, 0x8, 0x8, 0x10,
    0x10, 0x3f, 0xe0, 0x40, 0x20, 0x85, 0x81, 0x6,
    0x2, 0x62, 0xf, 0x2, 0x0,

    /* U+9965 "饥" */
    0x41, 0xf1, 0x4, 0x47, 0xd1, 0x21, 0x44, 0x89,
    0x12, 0x84, 0x42, 0x11, 0x8, 0x44, 0x21, 0x10,
    0x8c, 0x42, 0x21, 0x4e, 0x85, 0x24, 0x14, 0x10,
    0x70,

    /* U+996D "饭" */
    0x20, 0x0, 0x80, 0xe4, 0x3c, 0x1f, 0x80, 0x4a,
    0x2, 0x2f, 0xea, 0x20, 0x88, 0xc2, 0x22, 0x90,
    0x92, 0x42, 0x46, 0x9, 0x10, 0x3c, 0x60, 0x96,
    0x44, 0x20, 0xc0,

    /* U+9970 "饰" */
    0x40, 0x1, 0x8, 0x7, 0xff, 0x91, 0x90, 0x88,
    0x42, 0xa1, 0xa, 0x3f, 0xc9, 0x11, 0x24, 0x44,
    0x91, 0x12, 0x44, 0x4a, 0x17, 0x30, 0x41, 0x1,
    0x0,

    /* U+9971 "饱" */
    0x0, 0x80, 0x42, 0x0, 0x83, 0xf1, 0xe8, 0x24,
    0x60, 0x49, 0x5e, 0xa6, 0x25, 0x8, 0x4a, 0x10,
    0x94, 0x21, 0xc8, 0x42, 0x70, 0x84, 0x1, 0x88,
    0x22, 0x10, 0x48, 0x3f, 0x80,

    /* U+9972 "饲" */
    0x20, 0x1, 0x1f, 0xf4, 0x0, 0x5f, 0x1, 0x4b,
    0xf6, 0x20, 0x1a, 0x3e, 0x48, 0x89, 0x22, 0x24,
    0x88, 0x92, 0x22, 0x48, 0xf9, 0x22, 0x4, 0xc0,
    0x14, 0x3, 0xc0,

    /* U+9976 "饶" */
    0x0, 0x40, 0x20, 0x40, 0x20, 0x5e, 0x3d, 0xa0,
    0x44, 0x24, 0x48, 0x18, 0x90, 0x31, 0x11, 0xcf,
    0x10, 0x0, 0x13, 0xfe, 0x10, 0x50, 0x10, 0x50,
    0x18, 0x91, 0x10, 0x91, 0x23, 0x1f,

    /* U+997F "饿" */
    0x10, 0x10, 0x20, 0xd4, 0x21, 0x92, 0x3c, 0x91,
    0x44, 0x90, 0x4b, 0xff, 0x88, 0x92, 0x10, 0x92,
    0x10, 0x94, 0x11, 0xd4, 0x10, 0x98, 0x10, 0x88,
    0x14, 0x99, 0x18, 0xa5, 0x3, 0x87,

    /* U+9986 "馆" */
    0x0, 0x0, 0x40, 0x20, 0x87, 0xf9, 0xf0, 0x14,
    0x40, 0x29, 0x1f, 0xa2, 0x21, 0x8, 0x42, 0x10,
    0xfc, 0x21, 0x0, 0x43, 0xf0, 0x84, 0x21, 0x88,
    0x46, 0x1f, 0x88, 0x20, 0x0,

    /* U+9988 "馈" */
    0x20, 0x20, 0x43, 0xf8, 0x88, 0x92, 0xef, 0xe4,
    0x82, 0x13, 0x3b, 0x84, 0x7f, 0x9, 0x2, 0x12,
    0x24, 0x24, 0x48, 0x40, 0x90, 0xc2, 0x1, 0x9,
    0x84, 0x40, 0xc0,

    /* U+998B "馋" */
    0x0, 0x40, 0x20, 0x78, 0x20, 0x90, 0x3d, 0x20,
    0x45, 0xfe, 0x49, 0x22, 0x91, 0xfe, 0x10, 0x50,
    0x10, 0x91, 0x11, 0x1f, 0x10, 0x0, 0x10, 0x38,
    0x11, 0x80, 0x18, 0x60, 0x20, 0x1c,

    /* U+9996 "首" */
    0x10, 0x20, 0x21, 0xf, 0xff, 0xc0, 0x80, 0x3f,
    0xf0, 0x80, 0x42, 0x1, 0xf, 0xfc, 0x20, 0x10,
    0x80, 0x43, 0xff, 0x8, 0x4, 0x3f, 0xf0, 0x80,
    0x0,

    /* U+9999 "香" */
    0x0, 0x0, 0xf, 0xf0, 0x64, 0x0, 0x8, 0xf,
    0xff, 0xe0, 0xb0, 0x2, 0x58, 0x8, 0x88, 0x21,
    0x9, 0xbf, 0xfc, 0x40, 0x20, 0xff, 0xc1, 0x0,
    0x82, 0x1, 0x7, 0xfe, 0x0,

    /* U+99A8 "馨" */
    0x8, 0x38, 0xfe, 0x50, 0x21, 0x1, 0xb3, 0xe3,
    0xf0, 0x85, 0x2d, 0xf, 0xce, 0x20, 0x67, 0xf,
    0x70, 0xff, 0xfc, 0xd, 0x0, 0xff, 0xcf, 0x0,
    0xe2, 0xff, 0x3, 0xfe, 0x0,

    /* U+9A6C "马" */
    0x7f, 0xe0, 0x1, 0x0, 0x8, 0x40, 0x42, 0x2,
    0x10, 0x20, 0xff, 0xe0, 0x1, 0x0, 0xf, 0xfe,
    0x40, 0x2, 0x0, 0x10, 0xf, 0x0,

    /* U+9A6F "驯" */
    0x1, 0x5, 0xf4, 0x90, 0x52, 0x52, 0x49, 0x49,
    0x25, 0x24, 0x94, 0x92, 0x52, 0x49, 0x15, 0x24,
    0x14, 0x90, 0xd2, 0x5d, 0x89, 0x6, 0x24, 0xe8,
    0x10,

    /* U+9A70 "驰" */
    0x0, 0x20, 0xf2, 0x40, 0x24, 0x84, 0x49, 0x68,
    0x97, 0x52, 0x34, 0xa4, 0xc9, 0x7c, 0x92, 0x9,
    0x24, 0x12, 0x43, 0xa4, 0x8, 0x48, 0x10, 0x90,
    0x2e, 0x3f, 0x80,

    /* U+9A71 "驱" */
    0x7d, 0xfe, 0xa, 0x0, 0x14, 0x2, 0x2a, 0x24,
    0x54, 0x89, 0x25, 0x12, 0x44, 0x3f, 0x8c, 0x5,
    0x28, 0xa, 0x48, 0x55, 0x13, 0x28, 0x0, 0x50,
    0x3, 0xbf, 0xc0,

    /* U+9A73 "驳" */
    0x0, 0x3, 0xe0, 0x40, 0x9a, 0x12, 0x18, 0x48,
    0xd1, 0x2c, 0x28, 0x80, 0x22, 0x2, 0x7d, 0x90,
    0x12, 0x40, 0x46, 0x19, 0x10, 0x8, 0x60, 0x26,
    0x63, 0xa0, 0x40,

    /* U+9A74 "驴" */
    0x78, 0x0, 0x20, 0x84, 0x9f, 0xe2, 0x41, 0x89,
    0x6, 0x24, 0x19, 0x1f, 0xdf, 0x41, 0x5, 0x0,
    0x14, 0x7, 0x50, 0x1, 0x40, 0xe, 0x0, 0xe8,
    0x0,

    /* U+9A76 "驶" */
    0x0, 0x21, 0xe0, 0x80, 0x82, 0x2, 0x7f, 0x49,
    0x25, 0x24, 0x94, 0x92, 0x52, 0x49, 0x7c, 0xf8,
    0x10, 0x80, 0x8c, 0xe, 0x10, 0x48, 0xa0, 0x22,
    0x43, 0xb0, 0xc0,

    /* U+9A7B "驻" */
    0x78, 0x40, 0x10, 0x41, 0x20, 0x4, 0x5f, 0xf8,
    0x82, 0x11, 0x4, 0x0, 0x8, 0x1e, 0xfe, 0x4,
    0x20, 0x8, 0x40, 0xd0, 0x82, 0x21, 0x0, 0xc2,
    0x7, 0x7f, 0xc0,

    /* U+9A7C "驼" */
    0x0, 0x20, 0x78, 0x0, 0x17, 0xfa, 0x30, 0x14,
    0x40, 0x29, 0x10, 0x12, 0x22, 0x3f, 0x48, 0x4,
    0xe0, 0x9, 0x1, 0xd2, 0x0, 0x24, 0x10, 0x48,
    0x23, 0x9f, 0xc0,

    /* U+9A7E "驾" */
    0x20, 0x7, 0xe7, 0xc9, 0x22, 0x81, 0x10, 0x87,
    0x1f, 0xf0, 0x40, 0x82, 0x4, 0x20, 0x20, 0xff,
    0xc0, 0x3, 0xff, 0xd0, 0x0, 0x80, 0x18,

    /* U+9A82 "骂" */
    0x7d, 0xfc, 0x28, 0x61, 0x42, 0xfb, 0xf0, 0x0,
    0x3f, 0xf0, 0x0, 0x84, 0x8, 0x3f, 0xf8, 0x0,
    0x7f, 0xf2, 0x0, 0x10, 0x0, 0x80, 0x38,

    /* U+9A84 "骄" */
    0x0, 0x0, 0xf0, 0xf0, 0x27, 0x0, 0x42, 0x4,
    0x84, 0x9, 0x7f, 0xd2, 0x24, 0x24, 0x84, 0x7d,
    0x4, 0xd, 0x14, 0x12, 0x21, 0xa4, 0x44, 0x48,
    0x80, 0xa1, 0xe, 0x82, 0x0,

    /* U+9A87 "骇" */
    0x78, 0x20, 0x10, 0x1, 0x2f, 0xfc, 0x44, 0x8,
    0x88, 0x11, 0x22, 0x24, 0x74, 0x3e, 0x12, 0x4,
    0x48, 0xb, 0x20, 0xd0, 0x42, 0x23, 0x40, 0xc8,
    0x47, 0x60, 0x0,

    /* U+9A8C "验" */
    0x0, 0x20, 0xf8, 0x80, 0x11, 0x40, 0x24, 0x84,
    0x48, 0x88, 0xbf, 0x92, 0x80, 0xa4, 0x10, 0x7d,
    0x24, 0xa, 0x48, 0x14, 0xa0, 0xa4, 0x4e, 0x41,
    0x0, 0x82, 0xe, 0x7f, 0x80,

    /* U+9A91 "骑" */
    0x0, 0x10, 0xf8, 0x20, 0x13, 0xf8, 0x21, 0x4,
    0x42, 0x88, 0x88, 0x92, 0x20, 0xa4, 0xff, 0x48,
    0x4, 0x25, 0xe8, 0x12, 0x50, 0x64, 0xaf, 0x4f,
    0x40, 0x90, 0x87, 0x7, 0x0,

    /* U+9A97 "骗" */
    0x0, 0x20, 0xf0, 0x40, 0x27, 0xf8, 0x48, 0x14,
    0x90, 0x29, 0x3f, 0xd2, 0x40, 0x24, 0x80, 0x7d,
    0x7e, 0xa, 0x54, 0x14, 0xa9, 0x37, 0xf4, 0xb2,
    0xa1, 0x65, 0x46, 0xb, 0x80,

    /* U+9A9A "骚" */
    0xf7, 0xf8, 0x52, 0x21, 0x25, 0x24, 0x48, 0x90,
    0xc2, 0x47, 0xc9, 0x24, 0xfe, 0xfe, 0xc, 0x48,
    0x31, 0x26, 0xbf, 0xa4, 0x10, 0x10, 0x49, 0xdf,
    0xf0,

    /* U+9A9C "骜" */
    0xfe, 0x80, 0x43, 0xf3, 0xd8, 0xbf, 0x94, 0x20,
    0x60, 0xf1, 0x44, 0x48, 0xef, 0xf8, 0x10, 0x20,
    0x40, 0x81, 0xff, 0x80, 0x2, 0xff, 0xe8, 0x1,
    0xe0,

    /* U+9AA4 "骤" */
    0x7b, 0xfc, 0x25, 0x10, 0x9d, 0x52, 0x72, 0x49,
    0x49, 0x2f, 0x54, 0x84, 0x12, 0x7c, 0x14, 0x24,
    0x14, 0xa6, 0xa7, 0x2, 0x2a, 0xb, 0x20, 0xe0,
    0x80,

    /* U+9AA8 "骨" */
    0x3f, 0xe0, 0x80, 0x83, 0xf2, 0x8, 0x48, 0xff,
    0xfe, 0x0, 0x1b, 0xfe, 0x48, 0x8, 0x3f, 0xe0,
    0x80, 0x82, 0x2, 0xf, 0xf8, 0x20, 0x20, 0x83,
    0x80,

    /* U+9AB7 "骷" */
    0x7c, 0x21, 0x8, 0x41, 0xd0, 0x84, 0xaf, 0xff,
    0xe2, 0x10, 0x44, 0x20, 0x88, 0x1e, 0x10, 0x84,
    0xfd, 0x79, 0x9, 0xf2, 0x14, 0x24, 0x28, 0x48,
    0x41, 0x9f, 0x80,

    /* U+9AB8 "骸" */
    0x0, 0x0, 0xf8, 0x42, 0x10, 0x43, 0xaf, 0xf9,
    0x42, 0x5f, 0xc9, 0x20, 0x92, 0x7f, 0x58, 0x84,
    0x22, 0xf8, 0x8a, 0x16, 0x23, 0xe0, 0xc8, 0x42,
    0x50, 0x98, 0x46, 0x40, 0x0,

    /* U+9ABC "骼" */
    0x0, 0x0, 0xf9, 0x2, 0x13, 0xfb, 0xa8, 0x29,
    0x48, 0x5f, 0xc9, 0x20, 0x8c, 0x41, 0x18, 0x3c,
    0xcc, 0xfa, 0xfa, 0x14, 0x13, 0xe8, 0x28, 0x50,
    0x50, 0xbf, 0x83, 0x41, 0x0,

    /* U+9AC5 "髅" */
    0x79, 0x25, 0x12, 0x51, 0xe2, 0xa4, 0xcb, 0xaf,
    0xc7, 0x10, 0x95, 0x3f, 0xc9, 0x44, 0x20, 0x7b,
    0xff, 0x11, 0x11, 0xe4, 0x44, 0x43, 0x88, 0x84,
    0x93, 0x70, 0xc0,

    /* U+9AD3 "髓" */
    0x0, 0x0, 0xf0, 0x82, 0x2b, 0xfb, 0xd2, 0x9,
    0x9b, 0x9f, 0x92, 0x21, 0x1b, 0x7f, 0xbe, 0x89,
    0x44, 0xf2, 0xfa, 0x25, 0xf4, 0x4a, 0x2b, 0x94,
    0x51, 0x7b, 0xa2, 0x9f, 0x80,

    /* U+9AD8 "高" */
    0x0, 0x0, 0x8, 0xf, 0xff, 0xc0, 0x0, 0x1f,
    0xe0, 0x80, 0x82, 0x2, 0x7, 0xf0, 0x7f, 0xfa,
    0x0, 0x28, 0xfc, 0xa4, 0x12, 0x8f, 0xca, 0x0,
    0x20, 0x1, 0x80,

    /* U+9B13 "鬓" */
    0x7e, 0x10, 0xfd, 0xc9, 0xf8, 0x62, 0x7, 0x2f,
    0xe0, 0x9f, 0x9e, 0x0, 0x40, 0x7f, 0x7e, 0x9f,
    0xe4, 0x20, 0x0, 0x7f, 0xc7, 0xff, 0xe0, 0x0,
    0x6, 0x7, 0x0,

    /* U+9B3C "鬼" */
    0x1, 0x0, 0x4, 0x0, 0xff, 0xe1, 0x8, 0x42,
    0x10, 0x87, 0xff, 0x8, 0x42, 0x10, 0x84, 0x3f,
    0xf8, 0x4, 0x0, 0xc, 0x80, 0x2a, 0x40, 0x97,
    0x22, 0x20, 0x58, 0x3f, 0x80,

    /* U+9B41 "魁" */
    0x8, 0x4, 0x7f, 0x4, 0x49, 0x34, 0x49, 0x4,
    0x7f, 0x4, 0x49, 0x64, 0x49, 0x4, 0x7f, 0x7,
    0x16, 0x7c, 0x26, 0x4, 0x24, 0x84, 0x27, 0x45,
    0x44, 0x1, 0x7, 0xfe,

    /* U+9B42 "魂" */
    0x0, 0x20, 0x0, 0x81, 0xf7, 0xf0, 0x11, 0x20,
    0x22, 0x40, 0x3f, 0xbf, 0x89, 0x11, 0x12, 0x29,
    0xfc, 0x90, 0x91, 0x11, 0xc3, 0xa3, 0xa0, 0xb,
    0x80, 0x24, 0x40, 0x8f, 0x80,

    /* U+9B44 "魄" */
    0x0, 0x41, 0x1f, 0xef, 0x44, 0xa5, 0x12, 0x97,
    0xfa, 0x51, 0x2f, 0x48, 0xa5, 0xfe, 0x90, 0xd2,
    0x45, 0x8f, 0x16, 0xa0, 0x9c, 0x4, 0x44, 0x61,
    0xf0,

    /* U+9B45 "魅" */
    0x0, 0x0, 0x20, 0x43, 0xf8, 0x84, 0x9f, 0xe9,
    0x22, 0x1f, 0xc4, 0x24, 0xff, 0x49, 0x30, 0xfe,
    0xb0, 0x41, 0x50, 0x94, 0x92, 0xc9, 0x4, 0xc2,
    0x12, 0x0, 0x23, 0xff, 0x0,

    /* U+9B47 "魇" */
    0x3f, 0xff, 0x20, 0x10, 0x20, 0x8c, 0x2f, 0xfe,
    0x21, 0x20, 0x26, 0x18, 0x38, 0x7, 0x2f, 0xfc,
    0x2f, 0xfc, 0x28, 0x84, 0x2f, 0xfc, 0x41, 0x48,
    0x46, 0x55, 0x90, 0x7f,

    /* U+9B54 "魔" */
    0x0, 0x80, 0x3f, 0xff, 0x22, 0x8, 0x3f, 0xbf,
    0x27, 0x1c, 0x2a, 0xaa, 0x22, 0xc9, 0x2d, 0xf4,
    0x2f, 0xfc, 0x28, 0x84, 0x6f, 0xfc, 0x41, 0x44,
    0x42, 0x59, 0x9c, 0x7f,

    /* U+9C7C "鱼" */
    0x0, 0x0, 0x20, 0x0, 0xfc, 0x4, 0x20, 0x21,
    0x1, 0xff, 0xcc, 0x21, 0x10, 0x84, 0x3f, 0xf1,
    0x8, 0x44, 0x21, 0xf, 0xfc, 0x0, 0x0, 0x0,
    0xf, 0xff, 0xc0,

    /* U+9C81 "鲁" */
    0x8, 0x0, 0xfc, 0x8, 0x41, 0xbd, 0xe3, 0xff,
    0x20, 0x8, 0xff, 0xdf, 0xff, 0x0, 0x1, 0xff,
    0x88, 0x4, 0x7f, 0xe2, 0x1, 0x1f, 0xf8,

    /* U+9C9C "鲜" */
    0x10, 0x4, 0x38, 0x88, 0x91, 0x2, 0x47, 0xf7,
    0xe1, 0xa, 0x42, 0x14, 0x84, 0x3f, 0x3e, 0x52,
    0x10, 0x84, 0x21, 0xff, 0xf8, 0x0, 0x81, 0xe1,
    0xc, 0x2, 0x0,

    /* U+9CC4 "鳄" */
    0x21, 0xdc, 0x7a, 0xa9, 0x25, 0x54, 0xa, 0xa7,
    0xc8, 0x8a, 0x9f, 0x95, 0x0, 0x3e, 0x0, 0x55,
    0xfe, 0xa9, 0x1, 0xf1, 0xf0, 0x0, 0x2f, 0x80,
    0x40, 0x7, 0x0,

    /* U+9CDE "鳞" */
    0x21, 0x24, 0x38, 0xa8, 0x48, 0xa0, 0x51, 0x7c,
    0x78, 0xe8, 0x59, 0x24, 0x5a, 0x22, 0x79, 0x4,
    0x59, 0xde, 0x5a, 0x44, 0x21, 0xa4, 0x0, 0xbf,
    0x19, 0x4, 0x66, 0x4,

    /* U+9CDF "鳟" */
    0x0, 0x0, 0x41, 0x10, 0xe1, 0x42, 0x4f, 0xe8,
    0x1f, 0xdf, 0xaa, 0x95, 0x67, 0x2a, 0x82, 0x7d,
    0xfc, 0xab, 0xf9, 0x50, 0x41, 0x5f, 0xf0, 0x9,
    0x1f, 0x2, 0x0, 0xc, 0x0,

    /* U+9E1F "鸟" */
    0x0, 0x0, 0x10, 0x7, 0xfc, 0x40, 0x22, 0x42,
    0x11, 0x90, 0x81, 0x84, 0x0, 0x1f, 0xf8, 0x0,
    0x40, 0x3, 0xff, 0xd0, 0x0, 0x80, 0x4, 0x0,
    0xc0,

    /* U+9E21 "鸡" */
    0x0, 0x0, 0x1, 0xf, 0xdb, 0x81, 0x42, 0x5,
    0x48, 0x24, 0x24, 0x93, 0xa, 0x40, 0x11, 0xfc,
    0x40, 0x13, 0x0, 0x52, 0x7d, 0x80, 0x4, 0x0,
    0x10, 0x3, 0xc0,

    /* U+9E23 "鸣" */
    0x0, 0x0, 0x4, 0x3c, 0xff, 0x28, 0x19, 0x49,
    0x4a, 0x2a, 0x50, 0xd2, 0x80, 0x93, 0xfc, 0x80,
    0x64, 0x3, 0xcf, 0xf8, 0x0, 0x80, 0x4, 0x0,
    0xe0,

    /* U+9E25 "鸥" */
    0x0, 0x0, 0x1, 0xf, 0xcf, 0xa0, 0x42, 0x85,
    0x2a, 0xa4, 0x2a, 0x90, 0xa6, 0x40, 0x88, 0xfe,
    0x60, 0x1a, 0x40, 0x69, 0x7f, 0xc0, 0x7, 0xf8,
    0x10, 0x1, 0x80,

    /* U+9E2F "鸯" */
    0x2, 0x0, 0xff, 0xc4, 0x21, 0x3f, 0xff, 0x4,
    0x80, 0xe9, 0xc7, 0xfe, 0x89, 0x8, 0x23, 0x0,
    0x80, 0x3, 0xff, 0x80, 0x2, 0xff, 0xe8, 0x0,
    0xe0,

    /* U+9E33 "鸳" */
    0x10, 0x0, 0x83, 0xe5, 0xd0, 0xa9, 0x46, 0x19,
    0x5, 0x8b, 0xe3, 0xfe, 0x8, 0x8, 0x22, 0x0,
    0x80, 0x3, 0xff, 0x80, 0x2, 0xff, 0xe8, 0x0,
    0x20, 0x3, 0x80,

    /* U+9E35 "鸵" */
    0x0, 0x0, 0x40, 0x87, 0xc0, 0x11, 0x7f, 0x46,
    0x5, 0x58, 0x14, 0x48, 0x17, 0x22, 0x40, 0x91,
    0xf2, 0x80, 0x4c, 0x3, 0x20, 0x74, 0x84, 0x12,
    0x10, 0xcf, 0xc0,

    /* U+9E3D "鸽" */
    0x10, 0x0, 0x81, 0x3, 0x1f, 0x92, 0x42, 0x45,
    0x4a, 0x4, 0xa7, 0x90, 0x80, 0x4c, 0x79, 0xfe,
    0x20, 0x18, 0x80, 0x62, 0x7d, 0x88, 0x5, 0xe0,
    0x30, 0x3, 0x80,

    /* U+9E48 "鹈" */
    0x4, 0x1, 0x20, 0x0, 0x8f, 0xbf, 0xb2, 0x12,
    0xc8, 0x4a, 0xaf, 0xe8, 0xa4, 0x2e, 0x90, 0x83,
    0xf9, 0xd3, 0x20, 0x54, 0x9d, 0x96, 0x4, 0x40,
    0x21, 0x1, 0x80,

    /* U+9E55 "鹕" */
    0xf, 0x1, 0x25, 0xe4, 0x94, 0xbe, 0x52, 0x4f,
    0x49, 0x25, 0x20, 0x95, 0xbe, 0x50, 0x9f, 0x36,
    0x64, 0x19, 0x92, 0x7e, 0x41, 0x91, 0x8, 0x4c,
    0x60,

    /* U+9E70 "鹰" */
    0x0, 0x0, 0x3f, 0xff, 0x24, 0x90, 0x24, 0xfc,
    0x2b, 0xfe, 0x38, 0xfe, 0x28, 0xfe, 0x20, 0x80,
    0x2f, 0x70, 0x29, 0xd8, 0x6f, 0xfe, 0x40, 0x2,
    0x5f, 0xfa, 0x80, 0x1e,

    /* U+9EA6 "麦" */
    0x1, 0x0, 0xff, 0xf8, 0x4, 0x1, 0xff, 0xc0,
    0x10, 0x1f, 0xff, 0xc1, 0x0, 0x4, 0x0, 0x1f,
    0xf0, 0x60, 0x23, 0x20, 0x80, 0x26, 0x0, 0x30,
    0x1, 0xdc, 0x3c, 0x7, 0x0,

    /* U+9EBB "麻" */
    0x0, 0x0, 0x0, 0x80, 0x3f, 0xff, 0x22, 0x8,
    0x22, 0x8, 0x22, 0x8, 0x3f, 0xff, 0x22, 0x8,
    0x27, 0xc, 0x2a, 0x9c, 0x2a, 0x2a, 0x72, 0x49,
    0x42, 0x8, 0x42, 0x8, 0x82, 0x8,

    /* U+9EC4 "黄" */
    0x8, 0x20, 0x10, 0x41, 0xff, 0xf0, 0x41, 0x0,
    0x82, 0x1f, 0xff, 0xc0, 0x40, 0x1f, 0xfc, 0x21,
    0x8, 0x7f, 0xf0, 0x84, 0x21, 0xff, 0xc0, 0x0,
    0x1, 0x2, 0x1c, 0x3, 0x80,

    /* U+9ED1 "黑" */
    0x3f, 0xf8, 0x42, 0x10, 0xa4, 0x21, 0x4a, 0x42,
    0x10, 0x87, 0xff, 0x0, 0x40, 0x1f, 0xfc, 0x1,
    0x1, 0xff, 0xfc, 0x0, 0x0, 0x0, 0x2, 0x44,
    0x88, 0x88, 0x80,

    /* U+9ED8 "默" */
    0x7f, 0x10, 0x49, 0x14, 0x69, 0x14, 0x5d, 0x12,
    0x49, 0xff, 0x7f, 0x10, 0x8, 0x10, 0x7f, 0x10,
    0x8, 0x30, 0x7f, 0x28, 0x40, 0x28, 0x4, 0x44,
    0x55, 0x44, 0x91, 0x82, 0x0, 0x0,

    /* U+9F13 "鼓" */
    0x10, 0x20, 0x40, 0x8f, 0xe2, 0x4, 0xff, 0xfe,
    0x20, 0x0, 0x80, 0x2, 0x3f, 0x7f, 0x84, 0x87,
    0xf2, 0x20, 0x5, 0x12, 0x14, 0x48, 0x20, 0x73,
    0x46, 0x30, 0xc0,

    /* U+9F20 "鼠" */
    0xc, 0x1, 0xc7, 0xc4, 0x1, 0x10, 0x4, 0x7d,
    0xf1, 0x0, 0x47, 0xff, 0x0, 0x0, 0x53, 0x21,
    0x2b, 0x84, 0x22, 0x12, 0xb8, 0x42, 0x21, 0xef,
    0x50, 0x1, 0xc0,

    /* U+9F2C "鼬" */
    0x7c, 0x22, 0x10, 0x88, 0x42, 0x3f, 0x7f, 0x85,
    0x27, 0xf4, 0x99, 0x52, 0x75, 0x7f, 0x9d, 0x27,
    0x54, 0x99, 0xd2, 0x65, 0xc9, 0xdf, 0xfe, 0x94,
    0x10,

    /* U+9F3B "鼻" */
    0x1, 0x0, 0x3f, 0xe0, 0x7f, 0xc0, 0xff, 0x82,
    0x1, 0x3, 0xfc, 0x1f, 0xfe, 0x20, 0x84, 0x7f,
    0xf8, 0xff, 0xf0, 0x0, 0x7, 0xff, 0xf1, 0x2,
    0xc, 0x4, 0x0,

    /* U+9F50 "齐" */
    0x2, 0x0, 0x4, 0xf, 0xff, 0xc4, 0x10, 0x8,
    0x40, 0x16, 0x0, 0x30, 0x7, 0x30, 0xe0, 0x3c,
    0x0, 0x1, 0x4, 0x4, 0x10, 0x10, 0x40, 0x81,
    0x4, 0x0, 0x0,

    /* U+9F7F "齿" */
    0x1, 0x0, 0x42, 0x0, 0x87, 0xe1, 0x8, 0xf,
    0xff, 0xe8, 0x21, 0x10, 0x42, 0x21, 0x4, 0x43,
    0x88, 0x88, 0x91, 0x60, 0xa2, 0x0, 0x47, 0xff,
    0x80, 0x1, 0x0,

    /* U+9F84 "龄" */
    0x10, 0x40, 0x86, 0x27, 0x29, 0x22, 0x4f, 0xf5,
    0x42, 0x6, 0x90, 0x14, 0xbf, 0xa4, 0x1d, 0xa0,
    0xb3, 0x9, 0x9, 0x8f, 0xc4, 0x2, 0x10,

    /* U+9F87 "龇" */
    0x10, 0x21, 0x42, 0x85, 0xca, 0x14, 0x29, 0x51,
    0xa8, 0xb5, 0xc9, 0x9a, 0x26, 0x68, 0xa9, 0xa2,
    0xa6, 0x8c, 0x9a, 0x32, 0x49, 0x89, 0x65, 0xe6,
    0xf0,

    /* U+9F99 "龙" */
    0x2, 0x20, 0x2, 0x10, 0x2, 0x8, 0x2, 0x0,
    0xff, 0xfe, 0x4, 0x80, 0x4, 0x80, 0x4, 0x88,
    0x8, 0x90, 0x8, 0xa0, 0x10, 0xc0, 0x11, 0x81,
    0x26, 0x81, 0x40, 0xff,

    /* U+9F9F "龟" */
    0x8, 0x0, 0x1f, 0x80, 0x41, 0x1, 0x4, 0x3,
    0xff, 0x9c, 0x21, 0x8, 0x42, 0x10, 0x84, 0x3f,
    0xf8, 0x42, 0x10, 0x84, 0x21, 0xff, 0xc2, 0x10,
    0x0, 0x20, 0x40, 0x7f, 0x80,

    /* U+FF01 "！" */
    0xff, 0x10,

    /* U+FF08 "（" */
    0x3, 0x24, 0x48, 0x88, 0x88, 0x84, 0x42, 0x10,

    /* U+FF09 "）" */
    0x8, 0x42, 0x21, 0x11, 0x11, 0x12, 0x24, 0x80,

    /* U+FF0C "，" */
    0x64, 0xe0,

    /* U+FF1A "：" */
    0xf0, 0x0, 0xf0,

    /* U+FF1B "；" */
    0xf0, 0x0, 0xd6,

    /* U+FF1F "？" */
    0x3c, 0x8c, 0x8, 0x10, 0x40, 0x82, 0x8, 0x10,
    0x0, 0x0, 0x80,

    /* U+FF34 "Ｔ" */
    0xff, 0xc2, 0x0, 0x80, 0x20, 0x8, 0x2, 0x0,
    0x80, 0x20, 0x8, 0x2, 0x0, 0x80, 0x20,

    /* U+FF37 "Ｗ" */
    0x0, 0x2, 0xc, 0x18, 0x30, 0x61, 0x42, 0x84,
    0x89, 0x12, 0x24, 0x88, 0x92, 0x14, 0x28, 0x50,
    0xc1, 0x41, 0x2, 0x4, 0x8,

    /* U+FF38 "Ｘ" */
    0x81, 0x42, 0x44, 0x24, 0x18, 0x10, 0x28, 0x24,
    0x42, 0x82, 0x81,

    /* U+FF3E "＾" */
    0x2d
};


/*---------------------
 *  GLYPH DESCRIPTION
 *--------------------*/

static const lv_font_fmt_txt_glyph_dsc_t glyph_dsc[] = {
    {.bitmap_index = 0, .adv_w = 0, .box_w = 0, .box_h = 0, .ofs_x = 0, .ofs_y = 0} /* id = 0 reserved */,
    {.bitmap_index = 0, .adv_w = 56, .box_w = 1, .box_h = 1, .ofs_x = 0, .ofs_y = 0},
    {.bitmap_index = 1, .adv_w = 70, .box_w = 1, .box_h = 12, .ofs_x = 2, .ofs_y = 0},
    {.bitmap_index = 3, .adv_w = 96, .box_w = 3, .box_h = 4, .ofs_x = 1, .ofs_y = 9},
    {.bitmap_index = 5, .adv_w = 133, .box_w = 7, .box_h = 12, .ofs_x = 1, .ofs_y = 0},
    {.bitmap_index = 16, .adv_w = 133, .box_w = 6, .box_h = 16, .ofs_x = 1, .ofs_y = -2},
    {.bitmap_index = 28, .adv_w = 225, .box_w = 13, .box_h = 12, .ofs_x = 0, .ofs_y = 0},
    {.bitmap_index = 48, .adv_w = 159, .box_w = 9, .box_h = 12, .ofs_x = 0, .ofs_y = 0},
    {.bitmap_index = 62, .adv_w = 59, .box_w = 1, .box_h = 4, .ofs_x = 1, .ofs_y = 9},
    {.bitmap_index = 63, .adv_w = 77, .box_w = 3, .box_h = 16, .ofs_x = 1, .ofs_y = -3},
    {.bitmap_index = 69, .adv_w = 77, .box_w = 3, .box_h = 16, .ofs_x = 0, .ofs_y = -3},
    {.bitmap_index = 75, .adv_w = 109, .box_w = 5, .box_h = 4, .ofs_x = 1, .ofs_y = 9},
    {.bitmap_index = 78, .adv_w = 133, .box_w = 7, .box_h = 8, .ofs_x = 1, .ofs_y = 3},
    {.bitmap_index = 85, .adv_w = 59, .box_w = 2, .box_h = 4, .ofs_x = 1, .ofs_y = -3},
    {.bitmap_index = 86, .adv_w = 83, .box_w = 4, .box_h = 1, .ofs_x = 1, .ofs_y = 4},
    {.bitmap_index = 87, .adv_w = 59, .box_w = 1, .box_h = 1, .ofs_x = 1, .ofs_y = 0},
    {.bitmap_index = 88, .adv_w = 101, .box_w = 6, .box_h = 16, .ofs_x = 0, .ofs_y = -3},
    {.bitmap_index = 100, .adv_w = 133, .box_w = 7, .box_h = 12, .ofs_x = 1, .ofs_y = 0},
    {.bitmap_index = 111, .adv_w = 133, .box_w = 5, .box_h = 12, .ofs_x = 2, .ofs_y = 0},
    {.bitmap_index = 119, .adv_w = 133, .box_w = 6, .box_h = 12, .ofs_x = 1, .ofs_y = 0},
    {.bitmap_index = 128, .adv_w = 133, .box_w = 7, .box_h = 12, .ofs_x = 0, .ofs_y = 0},
    {.bitmap_index = 139, .adv_w = 133, .box_w = 8, .box_h = 12, .ofs_x = 0, .ofs_y = 0},
    {.bitmap_index = 151, .adv_w = 133, .box_w = 7, .box_h = 12, .ofs_x = 1, .ofs_y = 0},
    {.bitmap_index = 162, .adv_w = 133, .box_w = 7, .box_h = 12, .ofs_x = 1, .ofs_y = 0},
    {.bitmap_index = 173, .adv_w = 133, .box_w = 6, .box_h = 12, .ofs_x = 1, .ofs_y = 0},
    {.bitmap_index = 182, .adv_w = 133, .box_w = 7, .box_h = 12, .ofs_x = 0, .ofs_y = 0},
    {.bitmap_index = 193, .adv_w = 133, .box_w = 7, .box_h = 12, .ofs_x = 1, .ofs_y = 0},
    {.bitmap_index = 204, .adv_w = 59, .box_w = 1, .box_h = 9, .ofs_x = 1, .ofs_y = 0},
    {.bitmap_index = 206, .adv_w = 59, .box_w = 2, .box_h = 12, .ofs_x = 0, .ofs_y = -3},
    {.bitmap_index = 209, .adv_w = 133, .box_w = 7, .box_h = 6, .ofs_x = 1, .ofs_y = 3},
    {.bitmap_index = 215, .adv_w = 133, .box_w = 7, .box_h = 5, .ofs_x = 1, .ofs_y = 4},
    {.bitmap_index = 220, .adv_w = 133, .box_w = 7, .box_h = 6, .ofs_x = 1, .ofs_y = 3},
    {.bitmap_index = 226, .adv_w = 111, .box_w = 5, .box_h = 12, .ofs_x = 1, .ofs_y = 0},
    {.bitmap_index = 234, .adv_w = 227, .box_w = 13, .box_h = 15, .ofs_x = 1, .ofs_y = -3},
    {.bitmap_index = 259, .adv_w = 147, .box_w = 9, .box_h = 12, .ofs_x = 0, .ofs_y = 0},
    {.bitmap_index = 273, .adv_w = 162, .box_w = 8, .box_h = 12, .ofs_x = 2, .ofs_y = 0},
    {.bitmap_index = 285, .adv_w = 158, .box_w = 8, .box_h = 12, .ofs_x = 1, .ofs_y = 0},
    {.bitmap_index = 297, .adv_w = 169, .box_w = 8, .box_h = 12, .ofs_x = 2, .ofs_y = 0},
    {.bitmap_index = 309, .adv_w = 144, .box_w = 7, .box_h = 12, .ofs_x = 2, .ofs_y = 0},
    {.bitmap_index = 320, .adv_w = 133, .box_w = 6, .box_h = 12, .ofs_x = 2, .ofs_y = 0},
    {.bitmap_index = 329, .adv_w = 169, .box_w = 9, .box_h = 12, .ofs_x = 1, .ofs_y = 0},
    {.bitmap_index = 343, .adv_w = 179, .box_w = 8, .box_h = 12, .ofs_x = 2, .ofs_y = 0},
    {.bitmap_index = 355, .adv_w = 66, .box_w = 1, .box_h = 12, .ofs_x = 2, .ofs_y = 0},
    {.bitmap_index = 357, .adv_w = 129, .box_w = 6, .box_h = 12, .ofs_x = 1, .ofs_y = 0},
    {.bitmap_index = 366, .adv_w = 155, .box_w = 8, .box_h = 12, .ofs_x = 2, .ofs_y = 0},
    {.bitmap_index = 378, .adv_w = 130, .box_w = 6, .box_h = 12, .ofs_x = 2, .ofs_y = 0},
    {.bitmap_index = 387, .adv_w = 197, .box_w = 9, .box_h = 12, .ofs_x = 2, .ofs_y = 0},
    {.bitmap_index = 401, .adv_w = 178, .box_w = 8, .box_h = 12, .ofs_x = 2, .ofs_y = 0},
    {.bitmap_index = 413, .adv_w = 183, .box_w = 10, .box_h = 12, .ofs_x = 1, .ofs_y = 0},
    {.bitmap_index = 428, .adv_w = 153, .box_w = 7, .box_h = 12, .ofs_x = 2, .ofs_y = 0},
    {.bitmap_index = 439, .adv_w = 183, .box_w = 10, .box_h = 15, .ofs_x = 1, .ofs_y = -3},
    {.bitmap_index = 458, .adv_w = 151, .box_w = 7, .box_h = 12, .ofs_x = 2, .ofs_y = 0},
    {.bitmap_index = 469, .adv_w = 146, .box_w = 7, .box_h = 12, .ofs_x = 1, .ofs_y = 0},
    {.bitmap_index = 480, .adv_w = 147, .box_w = 9, .box_h = 12, .ofs_x = 0, .ofs_y = 0},
    {.bitmap_index = 494, .adv_w = 178, .box_w = 8, .box_h = 12, .ofs_x = 2, .ofs_y = 0},
    {.bitmap_index = 506, .adv_w = 136, .box_w = 8, .box_h = 12, .ofs_x = 0, .ofs_y = 0},
    {.bitmap_index = 518, .adv_w = 216, .box_w = 12, .box_h = 12, .ofs_x = 1, .ofs_y = 0},
    {.bitmap_index = 536, .adv_w = 133, .box_w = 8, .box_h = 12, .ofs_x = 0, .ofs_y = 0},
    {.bitmap_index = 548, .adv_w = 123, .box_w = 7, .box_h = 12, .ofs_x = 0, .ofs_y = 0},
    {.bitmap_index = 559, .adv_w = 152, .box_w = 8, .box_h = 12, .ofs_x = 1, .ofs_y = 0},
    {.bitmap_index = 571, .adv_w = 77, .box_w = 3, .box_h = 16, .ofs_x = 1, .ofs_y = -3},
    {.bitmap_index = 577, .adv_w = 101, .box_w = 6, .box_h = 16, .ofs_x = 0, .ofs_y = -3},
    {.bitmap_index = 589, .adv_w = 77, .box_w = 3, .box_h = 16, .ofs_x = 0, .ofs_y = -3},
    {.bitmap_index = 595, .adv_w = 133, .box_w = 6, .box_h = 7, .ofs_x = 1, .ofs_y = 5},
    {.bitmap_index = 601, .adv_w = 141, .box_w = 9, .box_h = 1, .ofs_x = 0, .ofs_y = -2},
    {.bitmap_index = 603, .adv_w = 150, .box_w = 3, .box_h = 3, .ofs_x = 3, .ofs_y = 11},
    {.bitmap_index = 605, .adv_w = 137, .box_w = 7, .box_h = 9, .ofs_x = 1, .ofs_y = 0},
    {.bitmap_index = 613, .adv_w = 152, .box_w = 7, .box_h = 14, .ofs_x = 1, .ofs_y = 0},
    {.bitmap_index = 626, .adv_w = 126, .box_w = 7, .box_h = 9, .ofs_x = 1, .ofs_y = 0},
    {.bitmap_index = 634, .adv_w = 152, .box_w = 7, .box_h = 14, .ofs_x = 1, .ofs_y = 0},
    {.bitmap_index = 647, .adv_w = 135, .box_w = 7, .box_h = 9, .ofs_x = 1, .ofs_y = 0},
    {.bitmap_index = 655, .adv_w = 71, .box_w = 4, .box_h = 14, .ofs_x = 1, .ofs_y = 0},
    {.bitmap_index = 662, .adv_w = 136, .box_w = 8, .box_h = 13, .ofs_x = 1, .ofs_y = -4},
    {.bitmap_index = 675, .adv_w = 147, .box_w = 6, .box_h = 13, .ofs_x = 1, .ofs_y = 0},
    {.bitmap_index = 685, .adv_w = 63, .box_w = 2, .box_h = 12, .ofs_x = 1, .ofs_y = 0},
    {.bitmap_index = 688, .adv_w = 63, .box_w = 4, .box_h = 16, .ofs_x = -1, .ofs_y = -4},
    {.bitmap_index = 696, .adv_w = 128, .box_w = 6, .box_h = 13, .ofs_x = 1, .ofs_y = 0},
    {.bitmap_index = 706, .adv_w = 65, .box_w = 2, .box_h = 14, .ofs_x = 1, .ofs_y = 0},
    {.bitmap_index = 710, .adv_w = 228, .box_w = 11, .box_h = 9, .ofs_x = 1, .ofs_y = 0},
    {.bitmap_index = 723, .adv_w = 148, .box_w = 6, .box_h = 9, .ofs_x = 1, .ofs_y = 0},
    {.bitmap_index = 730, .adv_w = 150, .box_w = 8, .box_h = 9, .ofs_x = 1, .ofs_y = 0},
    {.bitmap_index = 739, .adv_w = 152, .box_w = 7, .box_h = 13, .ofs_x = 1, .ofs_y = -4},
    {.bitmap_index = 751, .adv_w = 152, .box_w = 7, .box_h = 13, .ofs_x = 1, .ofs_y = -4},
    {.bitmap_index = 763, .adv_w = 87, .box_w = 4, .box_h = 9, .ofs_x = 1, .ofs_y = 0},
    {.bitmap_index = 768, .adv_w = 113, .box_w = 6, .box_h = 9, .ofs_x = 1, .ofs_y = 0},
    {.bitmap_index = 775, .adv_w = 86, .box_w = 5, .box_h = 12, .ofs_x = 1, .ofs_y = 0},
    {.bitmap_index = 783, .adv_w = 148, .box_w = 6, .box_h = 9, .ofs_x = 1, .ofs_y = 0},
    {.bitmap_index = 790, .adv_w = 119, .box_w = 7, .box_h = 9, .ofs_x = 0, .ofs_y = 0},
    {.bitmap_index = 798, .adv_w = 190, .box_w = 11, .box_h = 9, .ofs_x = 0, .ofs_y = 0},
    {.bitmap_index = 811, .adv_w = 111, .box_w = 7, .box_h = 9, .ofs_x = 0, .ofs_y = 0},
    {.bitmap_index = 819, .adv_w = 120, .box_w = 7, .box_h = 13, .ofs_x = 0, .ofs_y = -4},
    {.bitmap_index = 831, .adv_w = 112, .box_w = 6, .box_h = 9, .ofs_x = 1, .ofs_y = 0},
    {.bitmap_index = 838, .adv_w = 77, .box_w = 4, .box_h = 16, .ofs_x = 1, .ofs_y = -3},
    {.bitmap_index = 846, .adv_w = 62, .box_w = 1, .box_h = 19, .ofs_x = 1, .ofs_y = -5},
    {.bitmap_index = 849, .adv_w = 77, .box_w = 4, .box_h = 16, .ofs_x = 0, .ofs_y = -3},
    {.bitmap_index = 857, .adv_w = 133, .box_w = 7, .box_h = 3, .ofs_x = 1, .ofs_y = 5},
    {.bitmap_index = 860, .adv_w = 147, .box_w = 9, .box_h = 12, .ofs_x = 0, .ofs_y = 0},
    {.bitmap_index = 874, .adv_w = 133, .box_w = 8, .box_h = 12, .ofs_x = 0, .ofs_y = 0},
    {.bitmap_index = 886, .adv_w = 187, .box_w = 11, .box_h = 9, .ofs_x = 1, .ofs_y = 0},
    {.bitmap_index = 899, .adv_w = 226, .box_w = 12, .box_h = 1, .ofs_x = 1, .ofs_y = 4},
    {.bitmap_index = 901, .adv_w = 256, .box_w = 2, .box_h = 4, .ofs_x = 13, .ofs_y = 10},
    {.bitmap_index = 902, .adv_w = 256, .box_w = 2, .box_h = 4, .ofs_x = 1, .ofs_y = 10},
    {.bitmap_index = 903, .adv_w = 256, .box_w = 5, .box_h = 4, .ofs_x = 10, .ofs_y = 10},
    {.bitmap_index = 906, .adv_w = 256, .box_w = 5, .box_h = 4, .ofs_x = 1, .ofs_y = 10},
    {.bitmap_index = 909, .adv_w = 256, .box_w = 12, .box_h = 12, .ofs_x = 2, .ofs_y = 0},
    {.bitmap_index = 927, .adv_w = 256, .box_w = 15, .box_h = 15, .ofs_x = 0, .ofs_y = -1},
    {.bitmap_index = 956, .adv_w = 256, .box_w = 15, .box_h = 15, .ofs_x = 1, .ofs_y = -1},
    {.bitmap_index = 985, .adv_w = 256, .box_w = 1, .box_h = 1, .ofs_x = 0, .ofs_y = 0},
    {.bitmap_index = 986, .adv_w = 256, .box_w = 4, .box_h = 4, .ofs_x = 1, .ofs_y = -1},
    {.bitmap_index = 988, .adv_w = 256, .box_w = 5, .box_h = 5, .ofs_x = 1, .ofs_y = -1},
    {.bitmap_index = 992, .adv_w = 256, .box_w = 6, .box_h = 14, .ofs_x = 9, .ofs_y = -1},
    {.bitmap_index = 1003, .adv_w = 256, .box_w = 6, .box_h = 14, .ofs_x = 1, .ofs_y = -1},
    {.bitmap_index = 1014, .adv_w = 256, .box_w = 6, .box_h = 12, .ofs_x = 9, .ofs_y = 2},
    {.bitmap_index = 1023, .adv_w = 256, .box_w = 6, .box_h = 11, .ofs_x = 0, .ofs_y = -1},
    {.bitmap_index = 1032, .adv_w = 256, .box_w = 8, .box_h = 10, .ofs_x = 5, .ofs_y = 2},
    {.bitmap_index = 1042, .adv_w = 256, .box_w = 15, .box_h = 14, .ofs_x = 1, .ofs_y = -1},
    {.bitmap_index = 1069, .adv_w = 256, .box_w = 14, .box_h = 1, .ofs_x = 1, .ofs_y = 6},
    {.bitmap_index = 1071, .adv_w = 256, .box_w = 14, .box_h = 13, .ofs_x = 1, .ofs_y = -1},
    {.bitmap_index = 1094, .adv_w = 256, .box_w = 15, .box_h = 14, .ofs_x = 0, .ofs_y = -1},
    {.bitmap_index = 1121, .adv_w = 256, .box_w = 15, .box_h = 13, .ofs_x = 1, .ofs_y = -1},
    {.bitmap_index = 1146, .adv_w = 256, .box_w = 14, .box_h = 14, .ofs_x = 1, .ofs_y = -1},
    {.bitmap_index = 1171, .adv_w = 256, .box_w = 14, .box_h = 12, .ofs_x = 1, .ofs_y = 0},
    {.bitmap_index = 1192, .adv_w = 256, .box_w = 15, .box_h = 14, .ofs_x = 0, .ofs_y = -1},
    {.bitmap_index = 1219, .adv_w = 256, .box_w = 15, .box_h = 13, .ofs_x = 0, .ofs_y = -1},
    {.bitmap_index = 1244, .adv_w = 256, .box_w = 14, .box_h = 13, .ofs_x = 1, .ofs_y = -1},
    {.bitmap_index = 1267, .adv_w = 256, .box_w = 13, .box_h = 14, .ofs_x = 1, .ofs_y = -1},
    {.bitmap_index = 1290, .adv_w = 256, .box_w = 14, .box_h = 13, .ofs_x = 1, .ofs_y = -1},
    {.bitmap_index = 1313, .adv_w = 256, .box_w = 14, .box_h = 14, .ofs_x = 1, .ofs_y = -1},
    {.bitmap_index = 1338, .adv_w = 256, .box_w = 15, .box_h = 14, .ofs_x = 0, .ofs_y = -1},
    {.bitmap_index = 1365, .adv_w = 256, .box_w = 16, .box_h = 13, .ofs_x = 0, .ofs_y = 0},
    {.bitmap_index = 1391, .adv_w = 256, .box_w = 15, .box_h = 14, .ofs_x = 1, .ofs_y = 0},
    {.bitmap_index = 1418, .adv_w = 256, .box_w = 14, .box_h = 14, .ofs_x = 1, .ofs_y = -1},
    {.bitmap_index = 1443, .adv_w = 256, .box_w = 13, .box_h = 14, .ofs_x = 1, .ofs_y = -1},
    {.bitmap_index = 1466, .adv_w = 256, .box_w = 14, .box_h = 14, .ofs_x = 1, .ofs_y = 0},
    {.bitmap_index = 1491, .adv_w = 256, .box_w = 15, .box_h = 15, .ofs_x = 0, .ofs_y = -2},
    {.bitmap_index = 1520, .adv_w = 256, .box_w = 15, .box_h = 13, .ofs_x = 1, .ofs_y = -1},
    {.bitmap_index = 1545, .adv_w = 256, .box_w = 14, .box_h = 14, .ofs_x = 1, .ofs_y = -2},
    {.bitmap_index = 1570, .adv_w = 256, .box_w = 15, .box_h = 16, .ofs_x = 1, .ofs_y = -2},
    {.bitmap_index = 1600, .adv_w = 256, .box_w = 15, .box_h = 14, .ofs_x = 1, .ofs_y = -1},
    {.bitmap_index = 1627, .adv_w = 256, .box_w = 11, .box_h = 14, .ofs_x = 3, .ofs_y = -1},
    {.bitmap_index = 1647, .adv_w = 256, .box_w = 13, .box_h = 15, .ofs_x = 2, .ofs_y = -1},
    {.bitmap_index = 1672, .adv_w = 256, .box_w = 15, .box_h = 14, .ofs_x = 1, .ofs_y = -1},
    {.bitmap_index = 1699, .adv_w = 256, .box_w = 12, .box_h = 15, .ofs_x = 2, .ofs_y = -1},
    {.bitmap_index = 1722, .adv_w = 256, .box_w = 14, .box_h = 14, .ofs_x = 1, .ofs_y = -1},
    {.bitmap_index = 1747, .adv_w = 256, .box_w = 16, .box_h = 14, .ofs_x = 0, .ofs_y = -1},
    {.bitmap_index = 1775, .adv_w = 256, .box_w = 14, .box_h = 15, .ofs_x = 1, .ofs_y = -1},
    {.bitmap_index = 1802, .adv_w = 256, .box_w = 15, .box_h = 14, .ofs_x = 0, .ofs_y = -1},
    {.bitmap_index = 1829, .adv_w = 256, .box_w = 14, .box_h = 13, .ofs_x = 1, .ofs_y = -1},
    {.bitmap_index = 1852, .adv_w = 256, .box_w = 14, .box_h = 14, .ofs_x = 1, .ofs_y = -1},
    {.bitmap_index = 1877, .adv_w = 256, .box_w = 14, .box_h = 13, .ofs_x = 0, .ofs_y = -1},
    {.bitmap_index = 1900, .adv_w = 256, .box_w = 14, .box_h = 14, .ofs_x = 1, .ofs_y = -1},
    {.bitmap_index = 1925, .adv_w = 256, .box_w = 14, .box_h = 14, .ofs_x = 1, .ofs_y = -1},
    {.bitmap_index = 1950, .adv_w = 256, .box_w = 14, .box_h = 14, .ofs_x = 1, .ofs_y = -1},
    {.bitmap_index = 1975, .adv_w = 256, .box_w = 14, .box_h = 14, .ofs_x = 1, .ofs_y = -1},
    {.bitmap_index = 2000, .adv_w = 256, .box_w = 13, .box_h = 15, .ofs_x = 1, .ofs_y = -1},
    {.bitmap_index = 2025, .adv_w = 256, .box_w = 15, .box_h = 15, .ofs_x = 1, .ofs_y = -1},
    {.bitmap_index = 2054, .adv_w = 256, .box_w = 15, .box_h = 14, .ofs_x = 1, .ofs_y = -1},
    {.bitmap_index = 2081, .adv_w = 256, .box_w = 15, .box_h = 14, .ofs_x = 1, .ofs_y = -1},
    {.bitmap_index = 2108, .adv_w = 256, .box_w = 15, .box_h = 16, .ofs_x = 1, .ofs_y = -2},
    {.bitmap_index = 2138, .adv_w = 256, .box_w = 15, .box_h = 16, .ofs_x = 1, .ofs_y = -2},
    {.bitmap_index = 2168, .adv_w = 256, .box_w = 15, .box_h = 14, .ofs_x = 1, .ofs_y = -1},
    {.bitmap_index = 2195, .adv_w = 256, .box_w = 15, .box_h = 14, .ofs_x = 1, .ofs_y = -1},
    {.bitmap_index = 2222, .adv_w = 256, .box_w = 15, .box_h = 14, .ofs_x = 1, .ofs_y = -1},
    {.bitmap_index = 2249, .adv_w = 256, .box_w = 14, .box_h = 14, .ofs_x = 1, .ofs_y = -1},
    {.bitmap_index = 2274, .adv_w = 256, .box_w = 12, .box_h = 13, .ofs_x = 2, .ofs_y = -1},
    {.bitmap_index = 2294, .adv_w = 256, .box_w = 13, .box_h = 14, .ofs_x = 1, .ofs_y = -1},
    {.bitmap_index = 2317, .adv_w = 256, .box_w = 15, .box_h = 15, .ofs_x = 1, .ofs_y = -1},
    {.bitmap_index = 2346, .adv_w = 256, .box_w = 14, .box_h = 13, .ofs_x = 1, .ofs_y = -1},
    {.bitmap_index = 2369, .adv_w = 256, .box_w = 15, .box_h = 14, .ofs_x = 1, .ofs_y = -1},
    {.bitmap_index = 2396, .adv_w = 256, .box_w = 15, .box_h = 15, .ofs_x = 1, .ofs_y = -1},
    {.bitmap_index = 2425, .adv_w = 256, .box_w = 14, .box_h = 14, .ofs_x = 1, .ofs_y = -1},
    {.bitmap_index = 2450, .adv_w = 256, .box_w = 12, .box_h = 13, .ofs_x = 2, .ofs_y = -1},
    {.bitmap_index = 2470, .adv_w = 256, .box_w = 14, .box_h = 14, .ofs_x = 1, .ofs_y = -1},
    {.bitmap_index = 2495, .adv_w = 256, .box_w = 15, .box_h = 14, .ofs_x = 0, .ofs_y = -1},
    {.bitmap_index = 2522, .adv_w = 256, .box_w = 15, .box_h = 15, .ofs_x = 1, .ofs_y = -1},
    {.bitmap_index = 2551, .adv_w = 256, .box_w = 14, .box_h = 11, .ofs_x = 1, .ofs_y = 0},
    {.bitmap_index = 2571, .adv_w = 256, .box_w = 15, .box_h = 13, .ofs_x = 1, .ofs_y = -1},
    {.bitmap_index = 2596, .adv_w = 256, .box_w = 14, .box_h = 13, .ofs_x = 1, .ofs_y = -1},
    {.bitmap_index = 2619, .adv_w = 256, .box_w = 14, .box_h = 13, .ofs_x = 1, .ofs_y = -1},
    {.bitmap_index = 2642, .adv_w = 256, .box_w = 14, .box_h = 13, .ofs_x = 1, .ofs_y = -1},
    {.bitmap_index = 2665, .adv_w = 256, .box_w = 14, .box_h = 12, .ofs_x = 1, .ofs_y = 0},
    {.bitmap_index = 2686, .adv_w = 256, .box_w = 15, .box_h = 14, .ofs_x = 1, .ofs_y = -1},
    {.bitmap_index = 2713, .adv_w = 256, .box_w = 15, .box_h = 12, .ofs_x = 0, .ofs_y = 0},
    {.bitmap_index = 2736, .adv_w = 256, .box_w = 14, .box_h = 14, .ofs_x = 1, .ofs_y = -1},
    {.bitmap_index = 2761, .adv_w = 256, .box_w = 15, .box_h = 14, .ofs_x = 0, .ofs_y = 0},
    {.bitmap_index = 2788, .adv_w = 256, .box_w = 14, .box_h = 14, .ofs_x = 1, .ofs_y = -1},
    {.bitmap_index = 2813, .adv_w = 256, .box_w = 14, .box_h = 16, .ofs_x = 1, .ofs_y = -2},
    {.bitmap_index = 2841, .adv_w = 256, .box_w = 14, .box_h = 14, .ofs_x = 1, .ofs_y = -1},
    {.bitmap_index = 2866, .adv_w = 256, .box_w = 14, .box_h = 14, .ofs_x = 1, .ofs_y = -1},
    {.bitmap_index = 2891, .adv_w = 256, .box_w = 14, .box_h = 15, .ofs_x = 1, .ofs_y = -1},
    {.bitmap_index = 2918, .adv_w = 256, .box_w = 14, .box_h = 15, .ofs_x = 1, .ofs_y = -1},
    {.bitmap_index = 2945, .adv_w = 256, .box_w = 14, .box_h = 14, .ofs_x = 1, .ofs_y = -1},
    {.bitmap_index = 2970, .adv_w = 256, .box_w = 14, .box_h = 15, .ofs_x = 1, .ofs_y = -1},
    {.bitmap_index = 2997, .adv_w = 256, .box_w = 14, .box_h = 15, .ofs_x = 1, .ofs_y = -1},
    {.bitmap_index = 3024, .adv_w = 256, .box_w = 14, .box_h = 14, .ofs_x = 1, .ofs_y = -1},
    {.bitmap_index = 3049, .adv_w = 256, .box_w = 15, .box_h = 14, .ofs_x = 1, .ofs_y = -1},
    {.bitmap_index = 3076, .adv_w = 256, .box_w = 15, .box_h = 15, .ofs_x = 0, .ofs_y = -1},
    {.bitmap_index = 3105, .adv_w = 256, .box_w = 16, .box_h = 15, .ofs_x = 0, .ofs_y = -1},
    {.bitmap_index = 3135, .adv_w = 256, .box_w = 15, .box_h = 14, .ofs_x = 0, .ofs_y = -1},
    {.bitmap_index = 3162, .adv_w = 256, .box_w = 15, .box_h = 14, .ofs_x = 0, .ofs_y = -1},
    {.bitmap_index = 3189, .adv_w = 256, .box_w = 15, .box_h = 15, .ofs_x = 1, .ofs_y = -1},
    {.bitmap_index = 3218, .adv_w = 256, .box_w = 15, .box_h = 14, .ofs_x = 1, .ofs_y = -1},
    {.bitmap_index = 3245, .adv_w = 256, .box_w = 14, .box_h = 15, .ofs_x = 1, .ofs_y = -1},
    {.bitmap_index = 3272, .adv_w = 256, .box_w = 15, .box_h = 14, .ofs_x = 1, .ofs_y = -1},
    {.bitmap_index = 3299, .adv_w = 256, .box_w = 14, .box_h = 14, .ofs_x = 0, .ofs_y = -1},
    {.bitmap_index = 3324, .adv_w = 256, .box_w = 15, .box_h = 14, .ofs_x = 0, .ofs_y = -1},
    {.bitmap_index = 3351, .adv_w = 256, .box_w = 15, .box_h = 14, .ofs_x = 0, .ofs_y = -1},
    {.bitmap_index = 3378, .adv_w = 256, .box_w = 16, .box_h = 15, .ofs_x = 0, .ofs_y = -1},
    {.bitmap_index = 3408, .adv_w = 256, .box_w = 14, .box_h = 14, .ofs_x = 1, .ofs_y = -1},
    {.bitmap_index = 3433, .adv_w = 256, .box_w = 15, .box_h = 14, .ofs_x = 0, .ofs_y = -1},
    {.bitmap_index = 3460, .adv_w = 256, .box_w = 16, .box_h = 14, .ofs_x = 0, .ofs_y = -1},
    {.bitmap_index = 3488, .adv_w = 256, .box_w = 15, .box_h = 15, .ofs_x = 0, .ofs_y = -1},
    {.bitmap_index = 3517, .adv_w = 256, .box_w = 15, .box_h = 14, .ofs_x = 0, .ofs_y = -1},
    {.bitmap_index = 3544, .adv_w = 256, .box_w = 14, .box_h = 15, .ofs_x = 1, .ofs_y = -1},
    {.bitmap_index = 3571, .adv_w = 256, .box_w = 16, .box_h = 15, .ofs_x = 0, .ofs_y = -1},
    {.bitmap_index = 3601, .adv_w = 256, .box_w = 15, .box_h = 15, .ofs_x = 1, .ofs_y = -2},
    {.bitmap_index = 3630, .adv_w = 256, .box_w = 14, .box_h = 14, .ofs_x = 2, .ofs_y = -1},
    {.bitmap_index = 3655, .adv_w = 256, .box_w = 15, .box_h = 14, .ofs_x = 0, .ofs_y = -1},
    {.bitmap_index = 3682, .adv_w = 256, .box_w = 14, .box_h = 15, .ofs_x = 0, .ofs_y = -1},
    {.bitmap_index = 3709, .adv_w = 256, .box_w = 14, .box_h = 15, .ofs_x = 1, .ofs_y = -1},
    {.bitmap_index = 3736, .adv_w = 256, .box_w = 15, .box_h = 14, .ofs_x = 1, .ofs_y = -1},
    {.bitmap_index = 3763, .adv_w = 256, .box_w = 15, .box_h = 14, .ofs_x = 1, .ofs_y = -1},
    {.bitmap_index = 3790, .adv_w = 256, .box_w = 15, .box_h = 15, .ofs_x = 0, .ofs_y = -1},
    {.bitmap_index = 3819, .adv_w = 256, .box_w = 15, .box_h = 14, .ofs_x = 1, .ofs_y = -1},
    {.bitmap_index = 3846, .adv_w = 256, .box_w = 15, .box_h = 15, .ofs_x = 1, .ofs_y = -1},
    {.bitmap_index = 3875, .adv_w = 256, .box_w = 16, .box_h = 14, .ofs_x = 0, .ofs_y = -1},
    {.bitmap_index = 3903, .adv_w = 256, .box_w = 16, .box_h = 14, .ofs_x = 0, .ofs_y = -1},
    {.bitmap_index = 3931, .adv_w = 256, .box_w = 15, .box_h = 15, .ofs_x = 0, .ofs_y = -1},
    {.bitmap_index = 3960, .adv_w = 256, .box_w = 14, .box_h = 15, .ofs_x = 1, .ofs_y = -1},
    {.bitmap_index = 3987, .adv_w = 256, .box_w = 16, .box_h = 14, .ofs_x = 0, .ofs_y = -1},
    {.bitmap_index = 4015, .adv_w = 256, .box_w = 14, .box_h = 14, .ofs_x = 1, .ofs_y = -1},
    {.bitmap_index = 4040, .adv_w = 256, .box_w = 15, .box_h = 15, .ofs_x = 1, .ofs_y = -1},
    {.bitmap_index = 4069, .adv_w = 256, .box_w = 15, .box_h = 14, .ofs_x = 1, .ofs_y = -1},
    {.bitmap_index = 4096, .adv_w = 256, .box_w = 15, .box_h = 15, .ofs_x = 1, .ofs_y = -2},
    {.bitmap_index = 4125, .adv_w = 256, .box_w = 14, .box_h = 14, .ofs_x = 1, .ofs_y = -1},
    {.bitmap_index = 4150, .adv_w = 256, .box_w = 16, .box_h = 15, .ofs_x = 0, .ofs_y = -1},
    {.bitmap_index = 4180, .adv_w = 256, .box_w = 14, .box_h = 15, .ofs_x = 1, .ofs_y = -1},
    {.bitmap_index = 4207, .adv_w = 256, .box_w = 15, .box_h = 15, .ofs_x = 1, .ofs_y = -1},
    {.bitmap_index = 4236, .adv_w = 256, .box_w = 14, .box_h = 14, .ofs_x = 1, .ofs_y = -1},
    {.bitmap_index = 4261, .adv_w = 256, .box_w = 13, .box_h = 15, .ofs_x = 1, .ofs_y = -1},
    {.bitmap_index = 4286, .adv_w = 256, .box_w = 16, .box_h = 15, .ofs_x = 0, .ofs_y = -1},
    {.bitmap_index = 4316, .adv_w = 256, .box_w = 16, .box_h = 14, .ofs_x = 0, .ofs_y = -1},
    {.bitmap_index = 4344, .adv_w = 256, .box_w = 15, .box_h = 14, .ofs_x = 0, .ofs_y = -1},
    {.bitmap_index = 4371, .adv_w = 256, .box_w = 15, .box_h = 14, .ofs_x = 0, .ofs_y = -1},
    {.bitmap_index = 4398, .adv_w = 256, .box_w = 15, .box_h = 14, .ofs_x = 1, .ofs_y = -1},
    {.bitmap_index = 4425, .adv_w = 256, .box_w = 14, .box_h = 15, .ofs_x = 1, .ofs_y = -1},
    {.bitmap_index = 4452, .adv_w = 256, .box_w = 16, .box_h = 14, .ofs_x = 0, .ofs_y = -1},
    {.bitmap_index = 4480, .adv_w = 256, .box_w = 15, .box_h = 14, .ofs_x = 0, .ofs_y = -1},
    {.bitmap_index = 4507, .adv_w = 256, .box_w = 16, .box_h = 14, .ofs_x = 0, .ofs_y = -1},
    {.bitmap_index = 4535, .adv_w = 256, .box_w = 16, .box_h = 14, .ofs_x = 0, .ofs_y = -1},
    {.bitmap_index = 4563, .adv_w = 256, .box_w = 16, .box_h = 14, .ofs_x = 0, .ofs_y = -1},
    {.bitmap_index = 4591, .adv_w = 256, .box_w = 15, .box_h = 15, .ofs_x = 1, .ofs_y = -1},
    {.bitmap_index = 4620, .adv_w = 256, .box_w = 14, .box_h = 15, .ofs_x = 1, .ofs_y = -1},
    {.bitmap_index = 4647, .adv_w = 256, .box_w = 15, .box_h = 14, .ofs_x = 1, .ofs_y = -1},
    {.bitmap_index = 4674, .adv_w = 256, .box_w = 15, .box_h = 14, .ofs_x = 0, .ofs_y = -1},
    {.bitmap_index = 4701, .adv_w = 256, .box_w = 15, .box_h = 15, .ofs_x = 0, .ofs_y = -1},
    {.bitmap_index = 4730, .adv_w = 256, .box_w = 16, .box_h = 14, .ofs_x = 0, .ofs_y = -1},
    {.bitmap_index = 4758, .adv_w = 256, .box_w = 15, .box_h = 14, .ofs_x = 0, .ofs_y = -1},
    {.bitmap_index = 4785, .adv_w = 256, .box_w = 16, .box_h = 15, .ofs_x = 0, .ofs_y = -1},
    {.bitmap_index = 4815, .adv_w = 256, .box_w = 14, .box_h = 14, .ofs_x = 1, .ofs_y = -1},
    {.bitmap_index = 4840, .adv_w = 256, .box_w = 15, .box_h = 14, .ofs_x = 1, .ofs_y = -1},
    {.bitmap_index = 4867, .adv_w = 256, .box_w = 16, .box_h = 16, .ofs_x = 0, .ofs_y = -2},
    {.bitmap_index = 4899, .adv_w = 256, .box_w = 16, .box_h = 15, .ofs_x = 0, .ofs_y = -1},
    {.bitmap_index = 4929, .adv_w = 256, .box_w = 14, .box_h = 14, .ofs_x = 0, .ofs_y = -1},
    {.bitmap_index = 4954, .adv_w = 256, .box_w = 16, .box_h = 14, .ofs_x = 0, .ofs_y = -1},
    {.bitmap_index = 4982, .adv_w = 256, .box_w = 15, .box_h = 15, .ofs_x = 1, .ofs_y = -1},
    {.bitmap_index = 5011, .adv_w = 256, .box_w = 15, .box_h = 14, .ofs_x = 1, .ofs_y = -1},
    {.bitmap_index = 5038, .adv_w = 256, .box_w = 15, .box_h = 15, .ofs_x = 1, .ofs_y = -1},
    {.bitmap_index = 5067, .adv_w = 256, .box_w = 13, .box_h = 15, .ofs_x = 1, .ofs_y = -1},
    {.bitmap_index = 5092, .adv_w = 256, .box_w = 14, .box_h = 15, .ofs_x = 1, .ofs_y = -1},
    {.bitmap_index = 5119, .adv_w = 256, .box_w = 15, .box_h = 16, .ofs_x = 0, .ofs_y = -2},
    {.bitmap_index = 5149, .adv_w = 256, .box_w = 15, .box_h = 15, .ofs_x = 0, .ofs_y = -1},
    {.bitmap_index = 5178, .adv_w = 256, .box_w = 14, .box_h = 15, .ofs_x = 1, .ofs_y = -1},
    {.bitmap_index = 5205, .adv_w = 256, .box_w = 15, .box_h = 15, .ofs_x = 0, .ofs_y = -1},
    {.bitmap_index = 5234, .adv_w = 256, .box_w = 15, .box_h = 14, .ofs_x = 1, .ofs_y = -1},
    {.bitmap_index = 5261, .adv_w = 256, .box_w = 15, .box_h = 15, .ofs_x = 1, .ofs_y = -1},
    {.bitmap_index = 5290, .adv_w = 256, .box_w = 15, .box_h = 15, .ofs_x = 1, .ofs_y = -2},
    {.bitmap_index = 5319, .adv_w = 256, .box_w = 15, .box_h = 15, .ofs_x = 1, .ofs_y = -1},
    {.bitmap_index = 5348, .adv_w = 256, .box_w = 14, .box_h = 14, .ofs_x = 1, .ofs_y = -1},
    {.bitmap_index = 5373, .adv_w = 256, .box_w = 15, .box_h = 15, .ofs_x = 1, .ofs_y = -1},
    {.bitmap_index = 5402, .adv_w = 256, .box_w = 14, .box_h = 14, .ofs_x = 1, .ofs_y = -1},
    {.bitmap_index = 5427, .adv_w = 256, .box_w = 16, .box_h = 15, .ofs_x = 0, .ofs_y = -1},
    {.bitmap_index = 5457, .adv_w = 256, .box_w = 14, .box_h = 15, .ofs_x = 1, .ofs_y = -1},
    {.bitmap_index = 5484, .adv_w = 256, .box_w = 14, .box_h = 14, .ofs_x = 1, .ofs_y = -1},
    {.bitmap_index = 5509, .adv_w = 256, .box_w = 15, .box_h = 15, .ofs_x = 1, .ofs_y = -1},
    {.bitmap_index = 5538, .adv_w = 256, .box_w = 14, .box_h = 15, .ofs_x = 1, .ofs_y = -1},
    {.bitmap_index = 5565, .adv_w = 256, .box_w = 14, .box_h = 14, .ofs_x = 1, .ofs_y = -1},
    {.bitmap_index = 5590, .adv_w = 256, .box_w = 14, .box_h = 15, .ofs_x = 1, .ofs_y = -1},
    {.bitmap_index = 5617, .adv_w = 256, .box_w = 15, .box_h = 15, .ofs_x = 0, .ofs_y = -1},
    {.bitmap_index = 5646, .adv_w = 256, .box_w = 15, .box_h = 15, .ofs_x = 0, .ofs_y = -1},
    {.bitmap_index = 5675, .adv_w = 256, .box_w = 16, .box_h = 14, .ofs_x = 0, .ofs_y = -1},
    {.bitmap_index = 5703, .adv_w = 256, .box_w = 14, .box_h = 15, .ofs_x = 1, .ofs_y = -1},
    {.bitmap_index = 5730, .adv_w = 256, .box_w = 14, .box_h = 15, .ofs_x = 1, .ofs_y = -1},
    {.bitmap_index = 5757, .adv_w = 256, .box_w = 15, .box_h = 14, .ofs_x = 0, .ofs_y = -1},
    {.bitmap_index = 5784, .adv_w = 256, .box_w = 15, .box_h = 15, .ofs_x = 0, .ofs_y = -1},
    {.bitmap_index = 5813, .adv_w = 256, .box_w = 16, .box_h = 15, .ofs_x = 0, .ofs_y = -1},
    {.bitmap_index = 5843, .adv_w = 256, .box_w = 15, .box_h = 15, .ofs_x = 0, .ofs_y = -1},
    {.bitmap_index = 5872, .adv_w = 256, .box_w = 14, .box_h = 14, .ofs_x = 1, .ofs_y = -1},
    {.bitmap_index = 5897, .adv_w = 256, .box_w = 15, .box_h = 15, .ofs_x = 1, .ofs_y = -1},
    {.bitmap_index = 5926, .adv_w = 256, .box_w = 15, .box_h = 14, .ofs_x = 0, .ofs_y = -1},
    {.bitmap_index = 5953, .adv_w = 256, .box_w = 14, .box_h = 15, .ofs_x = 1, .ofs_y = -1},
    {.bitmap_index = 5980, .adv_w = 256, .box_w = 15, .box_h = 14, .ofs_x = 1, .ofs_y = -1},
    {.bitmap_index = 6007, .adv_w = 256, .box_w = 15, .box_h = 15, .ofs_x = 1, .ofs_y = -1},
    {.bitmap_index = 6036, .adv_w = 256, .box_w = 16, .box_h = 15, .ofs_x = 0, .ofs_y = -1},
    {.bitmap_index = 6066, .adv_w = 256, .box_w = 15, .box_h = 14, .ofs_x = 0, .ofs_y = -1},
    {.bitmap_index = 6093, .adv_w = 256, .box_w = 14, .box_h = 14, .ofs_x = 1, .ofs_y = -1},
    {.bitmap_index = 6118, .adv_w = 256, .box_w = 15, .box_h = 15, .ofs_x = 1, .ofs_y = -1},
    {.bitmap_index = 6147, .adv_w = 256, .box_w = 15, .box_h = 14, .ofs_x = 1, .ofs_y = -1},
    {.bitmap_index = 6174, .adv_w = 256, .box_w = 15, .box_h = 14, .ofs_x = 1, .ofs_y = -1},
    {.bitmap_index = 6201, .adv_w = 256, .box_w = 15, .box_h = 14, .ofs_x = 1, .ofs_y = -1},
    {.bitmap_index = 6228, .adv_w = 256, .box_w = 15, .box_h = 14, .ofs_x = 1, .ofs_y = -1},
    {.bitmap_index = 6255, .adv_w = 256, .box_w = 14, .box_h = 15, .ofs_x = 1, .ofs_y = -1},
    {.bitmap_index = 6282, .adv_w = 256, .box_w = 15, .box_h = 14, .ofs_x = 0, .ofs_y = -1},
    {.bitmap_index = 6309, .adv_w = 256, .box_w = 15, .box_h = 15, .ofs_x = 1, .ofs_y = -1},
    {.bitmap_index = 6338, .adv_w = 256, .box_w = 14, .box_h = 13, .ofs_x = 1, .ofs_y = -1},
    {.bitmap_index = 6361, .adv_w = 256, .box_w = 15, .box_h = 14, .ofs_x = 0, .ofs_y = -1},
    {.bitmap_index = 6388, .adv_w = 256, .box_w = 14, .box_h = 15, .ofs_x = 1, .ofs_y = -1},
    {.bitmap_index = 6415, .adv_w = 256, .box_w = 15, .box_h = 15, .ofs_x = 0, .ofs_y = -1},
    {.bitmap_index = 6444, .adv_w = 256, .box_w = 15, .box_h = 15, .ofs_x = 0, .ofs_y = -1},
    {.bitmap_index = 6473, .adv_w = 256, .box_w = 15, .box_h = 15, .ofs_x = 1, .ofs_y = -1},
    {.bitmap_index = 6502, .adv_w = 256, .box_w = 15, .box_h = 14, .ofs_x = 0, .ofs_y = -1},
    {.bitmap_index = 6529, .adv_w = 256, .box_w = 15, .box_h = 14, .ofs_x = 0, .ofs_y = -1},
    {.bitmap_index = 6556, .adv_w = 256, .box_w = 15, .box_h = 14, .ofs_x = 0, .ofs_y = -1},
    {.bitmap_index = 6583, .adv_w = 256, .box_w = 16, .box_h = 15, .ofs_x = 0, .ofs_y = -1},
    {.bitmap_index = 6613, .adv_w = 256, .box_w = 15, .box_h = 15, .ofs_x = 1, .ofs_y = -1},
    {.bitmap_index = 6642, .adv_w = 256, .box_w = 14, .box_h = 14, .ofs_x = 1, .ofs_y = -1},
    {.bitmap_index = 6667, .adv_w = 256, .box_w = 15, .box_h = 14, .ofs_x = 1, .ofs_y = -1},
    {.bitmap_index = 6694, .adv_w = 256, .box_w = 14, .box_h = 13, .ofs_x = 1, .ofs_y = -1},
    {.bitmap_index = 6717, .adv_w = 256, .box_w = 14, .box_h = 14, .ofs_x = 1, .ofs_y = -1},
    {.bitmap_index = 6742, .adv_w = 256, .box_w = 14, .box_h = 14, .ofs_x = 1, .ofs_y = -1},
    {.bitmap_index = 6767, .adv_w = 256, .box_w = 14, .box_h = 14, .ofs_x = 1, .ofs_y = 0},
    {.bitmap_index = 6792, .adv_w = 256, .box_w = 15, .box_h = 16, .ofs_x = 1, .ofs_y = -2},
    {.bitmap_index = 6822, .adv_w = 256, .box_w = 14, .box_h = 15, .ofs_x = 1, .ofs_y = -1},
    {.bitmap_index = 6849, .adv_w = 256, .box_w = 14, .box_h = 14, .ofs_x = 1, .ofs_y = -1},
    {.bitmap_index = 6874, .adv_w = 256, .box_w = 15, .box_h = 16, .ofs_x = 1, .ofs_y = -2},
    {.bitmap_index = 6904, .adv_w = 256, .box_w = 15, .box_h = 15, .ofs_x = 0, .ofs_y = -2},
    {.bitmap_index = 6933, .adv_w = 256, .box_w = 16, .box_h = 15, .ofs_x = 0, .ofs_y = -2},
    {.bitmap_index = 6963, .adv_w = 256, .box_w = 16, .box_h = 15, .ofs_x = 0, .ofs_y = -1},
    {.bitmap_index = 6993, .adv_w = 256, .box_w = 14, .box_h = 15, .ofs_x = 1, .ofs_y = -1},
    {.bitmap_index = 7020, .adv_w = 256, .box_w = 14, .box_h = 15, .ofs_x = 1, .ofs_y = -1},
    {.bitmap_index = 7047, .adv_w = 256, .box_w = 15, .box_h = 14, .ofs_x = 1, .ofs_y = -1},
    {.bitmap_index = 7074, .adv_w = 256, .box_w = 14, .box_h = 14, .ofs_x = 1, .ofs_y = -1},
    {.bitmap_index = 7099, .adv_w = 256, .box_w = 13, .box_h = 15, .ofs_x = 1, .ofs_y = -1},
    {.bitmap_index = 7124, .adv_w = 256, .box_w = 15, .box_h = 13, .ofs_x = 1, .ofs_y = -1},
    {.bitmap_index = 7149, .adv_w = 256, .box_w = 15, .box_h = 13, .ofs_x = 1, .ofs_y = -1},
    {.bitmap_index = 7174, .adv_w = 256, .box_w = 12, .box_h = 14, .ofs_x = 2, .ofs_y = -1},
    {.bitmap_index = 7195, .adv_w = 256, .box_w = 15, .box_h = 14, .ofs_x = 0, .ofs_y = -1},
    {.bitmap_index = 7222, .adv_w = 256, .box_w = 14, .box_h = 14, .ofs_x = 1, .ofs_y = -1},
    {.bitmap_index = 7247, .adv_w = 256, .box_w = 14, .box_h = 14, .ofs_x = 1, .ofs_y = -1},
    {.bitmap_index = 7272, .adv_w = 256, .box_w = 14, .box_h = 15, .ofs_x = 1, .ofs_y = -2},
    {.bitmap_index = 7299, .adv_w = 256, .box_w = 14, .box_h = 14, .ofs_x = 1, .ofs_y = -1},
    {.bitmap_index = 7324, .adv_w = 256, .box_w = 16, .box_h = 14, .ofs_x = 0, .ofs_y = -1},
    {.bitmap_index = 7352, .adv_w = 256, .box_w = 14, .box_h = 15, .ofs_x = 1, .ofs_y = -2},
    {.bitmap_index = 7379, .adv_w = 256, .box_w = 15, .box_h = 14, .ofs_x = 0, .ofs_y = -1},
    {.bitmap_index = 7406, .adv_w = 256, .box_w = 15, .box_h = 14, .ofs_x = 0, .ofs_y = -1},
    {.bitmap_index = 7433, .adv_w = 256, .box_w = 15, .box_h = 16, .ofs_x = 1, .ofs_y = -2},
    {.bitmap_index = 7463, .adv_w = 256, .box_w = 15, .box_h = 14, .ofs_x = 1, .ofs_y = -1},
    {.bitmap_index = 7490, .adv_w = 256, .box_w = 15, .box_h = 15, .ofs_x = 1, .ofs_y = -1},
    {.bitmap_index = 7519, .adv_w = 256, .box_w = 15, .box_h = 14, .ofs_x = 0, .ofs_y = -1},
    {.bitmap_index = 7546, .adv_w = 256, .box_w = 14, .box_h = 14, .ofs_x = 1, .ofs_y = -1},
    {.bitmap_index = 7571, .adv_w = 256, .box_w = 15, .box_h = 14, .ofs_x = 1, .ofs_y = -1},
    {.bitmap_index = 7598, .adv_w = 256, .box_w = 14, .box_h = 15, .ofs_x = 1, .ofs_y = -1},
    {.bitmap_index = 7625, .adv_w = 256, .box_w = 14, .box_h = 14, .ofs_x = 1, .ofs_y = -1},
    {.bitmap_index = 7650, .adv_w = 256, .box_w = 14, .box_h = 15, .ofs_x = 1, .ofs_y = -1},
    {.bitmap_index = 7677, .adv_w = 256, .box_w = 14, .box_h = 15, .ofs_x = 1, .ofs_y = -1},
    {.bitmap_index = 7704, .adv_w = 256, .box_w = 16, .box_h = 15, .ofs_x = 0, .ofs_y = -1},
    {.bitmap_index = 7734, .adv_w = 256, .box_w = 15, .box_h = 14, .ofs_x = 0, .ofs_y = -1},
    {.bitmap_index = 7761, .adv_w = 256, .box_w = 14, .box_h = 15, .ofs_x = 1, .ofs_y = -1},
    {.bitmap_index = 7788, .adv_w = 256, .box_w = 15, .box_h = 15, .ofs_x = 1, .ofs_y = -1},
    {.bitmap_index = 7817, .adv_w = 256, .box_w = 15, .box_h = 13, .ofs_x = 0, .ofs_y = -1},
    {.bitmap_index = 7842, .adv_w = 256, .box_w = 16, .box_h = 13, .ofs_x = 0, .ofs_y = -1},
    {.bitmap_index = 7868, .adv_w = 256, .box_w = 15, .box_h = 13, .ofs_x = 1, .ofs_y = -1},
    {.bitmap_index = 7893, .adv_w = 256, .box_w = 16, .box_h = 15, .ofs_x = 0, .ofs_y = -1},
    {.bitmap_index = 7923, .adv_w = 256, .box_w = 14, .box_h = 15, .ofs_x = 1, .ofs_y = -1},
    {.bitmap_index = 7950, .adv_w = 256, .box_w = 15, .box_h = 13, .ofs_x = 0, .ofs_y = -1},
    {.bitmap_index = 7975, .adv_w = 256, .box_w = 13, .box_h = 13, .ofs_x = 1, .ofs_y = -1},
    {.bitmap_index = 7997, .adv_w = 256, .box_w = 13, .box_h = 14, .ofs_x = 2, .ofs_y = -1},
    {.bitmap_index = 8020, .adv_w = 256, .box_w = 13, .box_h = 13, .ofs_x = 2, .ofs_y = -1},
    {.bitmap_index = 8042, .adv_w = 256, .box_w = 12, .box_h = 14, .ofs_x = 2, .ofs_y = -1},
    {.bitmap_index = 8063, .adv_w = 256, .box_w = 14, .box_h = 15, .ofs_x = 1, .ofs_y = -1},
    {.bitmap_index = 8090, .adv_w = 256, .box_w = 13, .box_h = 14, .ofs_x = 1, .ofs_y = -1},
    {.bitmap_index = 8113, .adv_w = 256, .box_w = 14, .box_h = 13, .ofs_x = 0, .ofs_y = -1},
    {.bitmap_index = 8136, .adv_w = 256, .box_w = 12, .box_h = 13, .ofs_x = 2, .ofs_y = -1},
    {.bitmap_index = 8156, .adv_w = 256, .box_w = 13, .box_h = 13, .ofs_x = 1, .ofs_y = -1},
    {.bitmap_index = 8178, .adv_w = 256, .box_w = 14, .box_h = 14, .ofs_x = 1, .ofs_y = -1},
    {.bitmap_index = 8203, .adv_w = 256, .box_w = 14, .box_h = 14, .ofs_x = 1, .ofs_y = -1},
    {.bitmap_index = 8228, .adv_w = 256, .box_w = 14, .box_h = 14, .ofs_x = 1, .ofs_y = -1},
    {.bitmap_index = 8253, .adv_w = 256, .box_w = 15, .box_h = 15, .ofs_x = 0, .ofs_y = -1},
    {.bitmap_index = 8282, .adv_w = 256, .box_w = 14, .box_h = 14, .ofs_x = 1, .ofs_y = -1},
    {.bitmap_index = 8307, .adv_w = 256, .box_w = 14, .box_h = 14, .ofs_x = 1, .ofs_y = -1},
    {.bitmap_index = 8332, .adv_w = 256, .box_w = 14, .box_h = 14, .ofs_x = 1, .ofs_y = -1},
    {.bitmap_index = 8357, .adv_w = 256, .box_w = 13, .box_h = 14, .ofs_x = 1, .ofs_y = -1},
    {.bitmap_index = 8380, .adv_w = 256, .box_w = 14, .box_h = 15, .ofs_x = 0, .ofs_y = -1},
    {.bitmap_index = 8407, .adv_w = 256, .box_w = 14, .box_h = 14, .ofs_x = 0, .ofs_y = -1},
    {.bitmap_index = 8432, .adv_w = 256, .box_w = 14, .box_h = 14, .ofs_x = 1, .ofs_y = -1},
    {.bitmap_index = 8457, .adv_w = 256, .box_w = 14, .box_h = 14, .ofs_x = 1, .ofs_y = -1},
    {.bitmap_index = 8482, .adv_w = 256, .box_w = 14, .box_h = 14, .ofs_x = 0, .ofs_y = -1},
    {.bitmap_index = 8507, .adv_w = 256, .box_w = 14, .box_h = 14, .ofs_x = 0, .ofs_y = -1},
    {.bitmap_index = 8532, .adv_w = 256, .box_w = 14, .box_h = 14, .ofs_x = 1, .ofs_y = -1},
    {.bitmap_index = 8557, .adv_w = 256, .box_w = 13, .box_h = 14, .ofs_x = 1, .ofs_y = -1},
    {.bitmap_index = 8580, .adv_w = 256, .box_w = 15, .box_h = 14, .ofs_x = 0, .ofs_y = -1},
    {.bitmap_index = 8607, .adv_w = 256, .box_w = 15, .box_h = 15, .ofs_x = 0, .ofs_y = -1},
    {.bitmap_index = 8636, .adv_w = 256, .box_w = 14, .box_h = 14, .ofs_x = 1, .ofs_y = -1},
    {.bitmap_index = 8661, .adv_w = 256, .box_w = 14, .box_h = 14, .ofs_x = 1, .ofs_y = -1},
    {.bitmap_index = 8686, .adv_w = 256, .box_w = 14, .box_h = 14, .ofs_x = 0, .ofs_y = -1},
    {.bitmap_index = 8711, .adv_w = 256, .box_w = 14, .box_h = 15, .ofs_x = 1, .ofs_y = -2},
    {.bitmap_index = 8738, .adv_w = 256, .box_w = 14, .box_h = 14, .ofs_x = 1, .ofs_y = -1},
    {.bitmap_index = 8763, .adv_w = 256, .box_w = 14, .box_h = 14, .ofs_x = 0, .ofs_y = -1},
    {.bitmap_index = 8788, .adv_w = 256, .box_w = 14, .box_h = 15, .ofs_x = 1, .ofs_y = -1},
    {.bitmap_index = 8815, .adv_w = 256, .box_w = 14, .box_h = 14, .ofs_x = 0, .ofs_y = -1},
    {.bitmap_index = 8840, .adv_w = 256, .box_w = 14, .box_h = 14, .ofs_x = 1, .ofs_y = -1},
    {.bitmap_index = 8865, .adv_w = 256, .box_w = 14, .box_h = 14, .ofs_x = 1, .ofs_y = -1},
    {.bitmap_index = 8890, .adv_w = 256, .box_w = 15, .box_h = 14, .ofs_x = 0, .ofs_y = -1},
    {.bitmap_index = 8917, .adv_w = 256, .box_w = 14, .box_h = 14, .ofs_x = 0, .ofs_y = -1},
    {.bitmap_index = 8942, .adv_w = 256, .box_w = 14, .box_h = 15, .ofs_x = 1, .ofs_y = -1},
    {.bitmap_index = 8969, .adv_w = 256, .box_w = 14, .box_h = 15, .ofs_x = 1, .ofs_y = -1},
    {.bitmap_index = 8996, .adv_w = 256, .box_w = 14, .box_h = 14, .ofs_x = 1, .ofs_y = -1},
    {.bitmap_index = 9021, .adv_w = 256, .box_w = 14, .box_h = 14, .ofs_x = 0, .ofs_y = -1},
    {.bitmap_index = 9046, .adv_w = 256, .box_w = 14, .box_h = 14, .ofs_x = 1, .ofs_y = -1},
    {.bitmap_index = 9071, .adv_w = 256, .box_w = 14, .box_h = 15, .ofs_x = 1, .ofs_y = -1},
    {.bitmap_index = 9098, .adv_w = 256, .box_w = 15, .box_h = 14, .ofs_x = 0, .ofs_y = -1},
    {.bitmap_index = 9125, .adv_w = 256, .box_w = 15, .box_h = 14, .ofs_x = 1, .ofs_y = -1},
    {.bitmap_index = 9152, .adv_w = 256, .box_w = 15, .box_h = 15, .ofs_x = 0, .ofs_y = -1},
    {.bitmap_index = 9181, .adv_w = 256, .box_w = 14, .box_h = 14, .ofs_x = 0, .ofs_y = -1},
    {.bitmap_index = 9206, .adv_w = 256, .box_w = 14, .box_h = 15, .ofs_x = 1, .ofs_y = -1},
    {.bitmap_index = 9233, .adv_w = 256, .box_w = 14, .box_h = 14, .ofs_x = 1, .ofs_y = -1},
    {.bitmap_index = 9258, .adv_w = 256, .box_w = 14, .box_h = 14, .ofs_x = 1, .ofs_y = -1},
    {.bitmap_index = 9283, .adv_w = 256, .box_w = 14, .box_h = 15, .ofs_x = 1, .ofs_y = -1},
    {.bitmap_index = 9310, .adv_w = 256, .box_w = 15, .box_h = 14, .ofs_x = 0, .ofs_y = -1},
    {.bitmap_index = 9337, .adv_w = 256, .box_w = 14, .box_h = 14, .ofs_x = 1, .ofs_y = -1},
    {.bitmap_index = 9362, .adv_w = 256, .box_w = 14, .box_h = 15, .ofs_x = 1, .ofs_y = -1},
    {.bitmap_index = 9389, .adv_w = 256, .box_w = 14, .box_h = 15, .ofs_x = 1, .ofs_y = -1},
    {.bitmap_index = 9416, .adv_w = 256, .box_w = 14, .box_h = 15, .ofs_x = 1, .ofs_y = -1},
    {.bitmap_index = 9443, .adv_w = 256, .box_w = 13, .box_h = 14, .ofs_x = 1, .ofs_y = -1},
    {.bitmap_index = 9466, .adv_w = 256, .box_w = 15, .box_h = 14, .ofs_x = 0, .ofs_y = -1},
    {.bitmap_index = 9493, .adv_w = 256, .box_w = 14, .box_h = 14, .ofs_x = 0, .ofs_y = -1},
    {.bitmap_index = 9518, .adv_w = 256, .box_w = 15, .box_h = 15, .ofs_x = 0, .ofs_y = -1},
    {.bitmap_index = 9547, .adv_w = 256, .box_w = 14, .box_h = 15, .ofs_x = 1, .ofs_y = -1},
    {.bitmap_index = 9574, .adv_w = 256, .box_w = 14, .box_h = 15, .ofs_x = 1, .ofs_y = -1},
    {.bitmap_index = 9601, .adv_w = 256, .box_w = 14, .box_h = 15, .ofs_x = 1, .ofs_y = -1},
    {.bitmap_index = 9628, .adv_w = 256, .box_w = 14, .box_h = 15, .ofs_x = 1, .ofs_y = -1},
    {.bitmap_index = 9655, .adv_w = 256, .box_w = 16, .box_h = 14, .ofs_x = 0, .ofs_y = -1},
    {.bitmap_index = 9683, .adv_w = 256, .box_w = 14, .box_h = 15, .ofs_x = 0, .ofs_y = -1},
    {.bitmap_index = 9710, .adv_w = 256, .box_w = 12, .box_h = 14, .ofs_x = 3, .ofs_y = -1},
    {.bitmap_index = 9731, .adv_w = 256, .box_w = 15, .box_h = 15, .ofs_x = 0, .ofs_y = -1},
    {.bitmap_index = 9760, .adv_w = 256, .box_w = 15, .box_h = 14, .ofs_x = 0, .ofs_y = -1},
    {.bitmap_index = 9787, .adv_w = 256, .box_w = 15, .box_h = 14, .ofs_x = 1, .ofs_y = -1},
    {.bitmap_index = 9814, .adv_w = 256, .box_w = 14, .box_h = 14, .ofs_x = 1, .ofs_y = -1},
    {.bitmap_index = 9839, .adv_w = 256, .box_w = 14, .box_h = 13, .ofs_x = 2, .ofs_y = 0},
    {.bitmap_index = 9862, .adv_w = 256, .box_w = 14, .box_h = 12, .ofs_x = 1, .ofs_y = 0},
    {.bitmap_index = 9883, .adv_w = 256, .box_w = 14, .box_h = 14, .ofs_x = 2, .ofs_y = -1},
    {.bitmap_index = 9908, .adv_w = 256, .box_w = 14, .box_h = 14, .ofs_x = 1, .ofs_y = -1},
    {.bitmap_index = 9933, .adv_w = 256, .box_w = 15, .box_h = 14, .ofs_x = 1, .ofs_y = -1},
    {.bitmap_index = 9960, .adv_w = 256, .box_w = 15, .box_h = 14, .ofs_x = 0, .ofs_y = -1},
    {.bitmap_index = 9987, .adv_w = 256, .box_w = 15, .box_h = 14, .ofs_x = 0, .ofs_y = -1},
    {.bitmap_index = 10014, .adv_w = 256, .box_w = 15, .box_h = 14, .ofs_x = 1, .ofs_y = -1},
    {.bitmap_index = 10041, .adv_w = 256, .box_w = 15, .box_h = 14, .ofs_x = 0, .ofs_y = -1},
    {.bitmap_index = 10068, .adv_w = 256, .box_w = 15, .box_h = 15, .ofs_x = 1, .ofs_y = -1},
    {.bitmap_index = 10097, .adv_w = 256, .box_w = 15, .box_h = 15, .ofs_x = 1, .ofs_y = -1},
    {.bitmap_index = 10126, .adv_w = 256, .box_w = 14, .box_h = 15, .ofs_x = 1, .ofs_y = -1},
    {.bitmap_index = 10153, .adv_w = 256, .box_w = 15, .box_h = 14, .ofs_x = 1, .ofs_y = -1},
    {.bitmap_index = 10180, .adv_w = 256, .box_w = 15, .box_h = 15, .ofs_x = 0, .ofs_y = -1},
    {.bitmap_index = 10209, .adv_w = 256, .box_w = 14, .box_h = 15, .ofs_x = 1, .ofs_y = -1},
    {.bitmap_index = 10236, .adv_w = 256, .box_w = 15, .box_h = 15, .ofs_x = 1, .ofs_y = -1},
    {.bitmap_index = 10265, .adv_w = 256, .box_w = 15, .box_h = 14, .ofs_x = 1, .ofs_y = -1},
    {.bitmap_index = 10292, .adv_w = 256, .box_w = 13, .box_h = 14, .ofs_x = 3, .ofs_y = -1},
    {.bitmap_index = 10315, .adv_w = 256, .box_w = 15, .box_h = 15, .ofs_x = 0, .ofs_y = -1},
    {.bitmap_index = 10344, .adv_w = 256, .box_w = 15, .box_h = 16, .ofs_x = 1, .ofs_y = -2},
    {.bitmap_index = 10374, .adv_w = 256, .box_w = 14, .box_h = 14, .ofs_x = 2, .ofs_y = -1},
    {.bitmap_index = 10399, .adv_w = 256, .box_w = 14, .box_h = 13, .ofs_x = 1, .ofs_y = -1},
    {.bitmap_index = 10422, .adv_w = 256, .box_w = 14, .box_h = 14, .ofs_x = 1, .ofs_y = -1},
    {.bitmap_index = 10447, .adv_w = 256, .box_w = 15, .box_h = 14, .ofs_x = 1, .ofs_y = -1},
    {.bitmap_index = 10474, .adv_w = 256, .box_w = 14, .box_h = 14, .ofs_x = 1, .ofs_y = -1},
    {.bitmap_index = 10499, .adv_w = 256, .box_w = 14, .box_h = 15, .ofs_x = 1, .ofs_y = -1},
    {.bitmap_index = 10526, .adv_w = 256, .box_w = 14, .box_h = 14, .ofs_x = 1, .ofs_y = -1},
    {.bitmap_index = 10551, .adv_w = 256, .box_w = 14, .box_h = 15, .ofs_x = 1, .ofs_y = -1},
    {.bitmap_index = 10578, .adv_w = 256, .box_w = 15, .box_h = 15, .ofs_x = 0, .ofs_y = -1},
    {.bitmap_index = 10607, .adv_w = 256, .box_w = 16, .box_h = 13, .ofs_x = 0, .ofs_y = -1},
    {.bitmap_index = 10633, .adv_w = 256, .box_w = 16, .box_h = 14, .ofs_x = 0, .ofs_y = -1},
    {.bitmap_index = 10661, .adv_w = 256, .box_w = 15, .box_h = 14, .ofs_x = 0, .ofs_y = -1},
    {.bitmap_index = 10688, .adv_w = 256, .box_w = 16, .box_h = 14, .ofs_x = 0, .ofs_y = -1},
    {.bitmap_index = 10716, .adv_w = 256, .box_w = 15, .box_h = 13, .ofs_x = 0, .ofs_y = -1},
    {.bitmap_index = 10741, .adv_w = 256, .box_w = 15, .box_h = 14, .ofs_x = 0, .ofs_y = -1},
    {.bitmap_index = 10768, .adv_w = 256, .box_w = 15, .box_h = 14, .ofs_x = 0, .ofs_y = -1},
    {.bitmap_index = 10795, .adv_w = 256, .box_w = 15, .box_h = 13, .ofs_x = 0, .ofs_y = -1},
    {.bitmap_index = 10820, .adv_w = 256, .box_w = 15, .box_h = 14, .ofs_x = 0, .ofs_y = -1},
    {.bitmap_index = 10847, .adv_w = 256, .box_w = 16, .box_h = 15, .ofs_x = 0, .ofs_y = -2},
    {.bitmap_index = 10877, .adv_w = 256, .box_w = 16, .box_h = 14, .ofs_x = 0, .ofs_y = -1},
    {.bitmap_index = 10905, .adv_w = 256, .box_w = 15, .box_h = 15, .ofs_x = 1, .ofs_y = -1},
    {.bitmap_index = 10934, .adv_w = 256, .box_w = 14, .box_h = 16, .ofs_x = 1, .ofs_y = -2},
    {.bitmap_index = 10962, .adv_w = 256, .box_w = 14, .box_h = 13, .ofs_x = 1, .ofs_y = -1},
    {.bitmap_index = 10985, .adv_w = 256, .box_w = 15, .box_h = 13, .ofs_x = 0, .ofs_y = -1},
    {.bitmap_index = 11010, .adv_w = 256, .box_w = 15, .box_h = 14, .ofs_x = 0, .ofs_y = -1},
    {.bitmap_index = 11037, .adv_w = 256, .box_w = 14, .box_h = 15, .ofs_x = 1, .ofs_y = -1},
    {.bitmap_index = 11064, .adv_w = 256, .box_w = 15, .box_h = 13, .ofs_x = 0, .ofs_y = -1},
    {.bitmap_index = 11089, .adv_w = 256, .box_w = 14, .box_h = 15, .ofs_x = 1, .ofs_y = -2},
    {.bitmap_index = 11116, .adv_w = 256, .box_w = 15, .box_h = 15, .ofs_x = 1, .ofs_y = -2},
    {.bitmap_index = 11145, .adv_w = 256, .box_w = 15, .box_h = 14, .ofs_x = 0, .ofs_y = -1},
    {.bitmap_index = 11172, .adv_w = 256, .box_w = 15, .box_h = 13, .ofs_x = 0, .ofs_y = -1},
    {.bitmap_index = 11197, .adv_w = 256, .box_w = 14, .box_h = 15, .ofs_x = 1, .ofs_y = -1},
    {.bitmap_index = 11224, .adv_w = 256, .box_w = 14, .box_h = 15, .ofs_x = 1, .ofs_y = -1},
    {.bitmap_index = 11251, .adv_w = 256, .box_w = 15, .box_h = 14, .ofs_x = 0, .ofs_y = -1},
    {.bitmap_index = 11278, .adv_w = 256, .box_w = 15, .box_h = 14, .ofs_x = 1, .ofs_y = -1},
    {.bitmap_index = 11305, .adv_w = 256, .box_w = 14, .box_h = 14, .ofs_x = 1, .ofs_y = -1},
    {.bitmap_index = 11330, .adv_w = 256, .box_w = 12, .box_h = 13, .ofs_x = 2, .ofs_y = -1},
    {.bitmap_index = 11350, .adv_w = 256, .box_w = 15, .box_h = 14, .ofs_x = 1, .ofs_y = -1},
    {.bitmap_index = 11377, .adv_w = 256, .box_w = 14, .box_h = 15, .ofs_x = 1, .ofs_y = -1},
    {.bitmap_index = 11404, .adv_w = 256, .box_w = 13, .box_h = 14, .ofs_x = 1, .ofs_y = -1},
    {.bitmap_index = 11427, .adv_w = 256, .box_w = 13, .box_h = 13, .ofs_x = 1, .ofs_y = -1},
    {.bitmap_index = 11449, .adv_w = 256, .box_w = 15, .box_h = 13, .ofs_x = 0, .ofs_y = -1},
    {.bitmap_index = 11474, .adv_w = 256, .box_w = 12, .box_h = 14, .ofs_x = 2, .ofs_y = -1},
    {.bitmap_index = 11495, .adv_w = 256, .box_w = 13, .box_h = 13, .ofs_x = 1, .ofs_y = -1},
    {.bitmap_index = 11517, .adv_w = 256, .box_w = 14, .box_h = 13, .ofs_x = 1, .ofs_y = -1},
    {.bitmap_index = 11540, .adv_w = 256, .box_w = 15, .box_h = 13, .ofs_x = 1, .ofs_y = -1},
    {.bitmap_index = 11565, .adv_w = 256, .box_w = 14, .box_h = 13, .ofs_x = 2, .ofs_y = -1},
    {.bitmap_index = 11588, .adv_w = 256, .box_w = 13, .box_h = 14, .ofs_x = 2, .ofs_y = -1},
    {.bitmap_index = 11611, .adv_w = 256, .box_w = 14, .box_h = 14, .ofs_x = 1, .ofs_y = -1},
    {.bitmap_index = 11636, .adv_w = 256, .box_w = 15, .box_h = 14, .ofs_x = 1, .ofs_y = -1},
    {.bitmap_index = 11663, .adv_w = 256, .box_w = 14, .box_h = 14, .ofs_x = 1, .ofs_y = -1},
    {.bitmap_index = 11688, .adv_w = 256, .box_w = 13, .box_h = 13, .ofs_x = 1, .ofs_y = -1},
    {.bitmap_index = 11710, .adv_w = 256, .box_w = 14, .box_h = 13, .ofs_x = 1, .ofs_y = -1},
    {.bitmap_index = 11733, .adv_w = 256, .box_w = 13, .box_h = 13, .ofs_x = 2, .ofs_y = -1},
    {.bitmap_index = 11755, .adv_w = 256, .box_w = 14, .box_h = 14, .ofs_x = 1, .ofs_y = -1},
    {.bitmap_index = 11780, .adv_w = 256, .box_w = 14, .box_h = 13, .ofs_x = 1, .ofs_y = -1},
    {.bitmap_index = 11803, .adv_w = 256, .box_w = 14, .box_h = 15, .ofs_x = 1, .ofs_y = -1},
    {.bitmap_index = 11830, .adv_w = 256, .box_w = 15, .box_h = 15, .ofs_x = 0, .ofs_y = -1},
    {.bitmap_index = 11859, .adv_w = 256, .box_w = 14, .box_h = 15, .ofs_x = 1, .ofs_y = -1},
    {.bitmap_index = 11886, .adv_w = 256, .box_w = 16, .box_h = 14, .ofs_x = 0, .ofs_y = -1},
    {.bitmap_index = 11914, .adv_w = 256, .box_w = 15, .box_h = 15, .ofs_x = 0, .ofs_y = -1},
    {.bitmap_index = 11943, .adv_w = 256, .box_w = 12, .box_h = 14, .ofs_x = 2, .ofs_y = -1},
    {.bitmap_index = 11964, .adv_w = 256, .box_w = 13, .box_h = 14, .ofs_x = 1, .ofs_y = -1},
    {.bitmap_index = 11987, .adv_w = 256, .box_w = 13, .box_h = 15, .ofs_x = 1, .ofs_y = -1},
    {.bitmap_index = 12012, .adv_w = 256, .box_w = 15, .box_h = 14, .ofs_x = 0, .ofs_y = -1},
    {.bitmap_index = 12039, .adv_w = 256, .box_w = 15, .box_h = 14, .ofs_x = 1, .ofs_y = -1},
    {.bitmap_index = 12066, .adv_w = 256, .box_w = 13, .box_h = 15, .ofs_x = 2, .ofs_y = -1},
    {.bitmap_index = 12091, .adv_w = 256, .box_w = 14, .box_h = 13, .ofs_x = 1, .ofs_y = -1},
    {.bitmap_index = 12114, .adv_w = 256, .box_w = 14, .box_h = 14, .ofs_x = 1, .ofs_y = -1},
    {.bitmap_index = 12139, .adv_w = 256, .box_w = 15, .box_h = 14, .ofs_x = 0, .ofs_y = -1},
    {.bitmap_index = 12166, .adv_w = 256, .box_w = 14, .box_h = 14, .ofs_x = 1, .ofs_y = -1},
    {.bitmap_index = 12191, .adv_w = 256, .box_w = 14, .box_h = 15, .ofs_x = 1, .ofs_y = -1},
    {.bitmap_index = 12218, .adv_w = 256, .box_w = 14, .box_h = 14, .ofs_x = 1, .ofs_y = -1},
    {.bitmap_index = 12243, .adv_w = 256, .box_w = 14, .box_h = 13, .ofs_x = 1, .ofs_y = -1},
    {.bitmap_index = 12266, .adv_w = 256, .box_w = 14, .box_h = 14, .ofs_x = 1, .ofs_y = -1},
    {.bitmap_index = 12291, .adv_w = 256, .box_w = 14, .box_h = 14, .ofs_x = 1, .ofs_y = -1},
    {.bitmap_index = 12316, .adv_w = 256, .box_w = 15, .box_h = 14, .ofs_x = 1, .ofs_y = -1},
    {.bitmap_index = 12343, .adv_w = 256, .box_w = 14, .box_h = 15, .ofs_x = 1, .ofs_y = -1},
    {.bitmap_index = 12370, .adv_w = 256, .box_w = 13, .box_h = 14, .ofs_x = 0, .ofs_y = -1},
    {.bitmap_index = 12393, .adv_w = 256, .box_w = 14, .box_h = 15, .ofs_x = 1, .ofs_y = -1},
    {.bitmap_index = 12420, .adv_w = 256, .box_w = 14, .box_h = 13, .ofs_x = 1, .ofs_y = -1},
    {.bitmap_index = 12443, .adv_w = 256, .box_w = 14, .box_h = 16, .ofs_x = 1, .ofs_y = -2},
    {.bitmap_index = 12471, .adv_w = 256, .box_w = 14, .box_h = 14, .ofs_x = 1, .ofs_y = -1},
    {.bitmap_index = 12496, .adv_w = 256, .box_w = 14, .box_h = 13, .ofs_x = 1, .ofs_y = -1},
    {.bitmap_index = 12519, .adv_w = 256, .box_w = 14, .box_h = 14, .ofs_x = 1, .ofs_y = -1},
    {.bitmap_index = 12544, .adv_w = 256, .box_w = 15, .box_h = 14, .ofs_x = 1, .ofs_y = -1},
    {.bitmap_index = 12571, .adv_w = 256, .box_w = 15, .box_h = 15, .ofs_x = 1, .ofs_y = -1},
    {.bitmap_index = 12600, .adv_w = 256, .box_w = 13, .box_h = 15, .ofs_x = 1, .ofs_y = -1},
    {.bitmap_index = 12625, .adv_w = 256, .box_w = 14, .box_h = 14, .ofs_x = 1, .ofs_y = -1},
    {.bitmap_index = 12650, .adv_w = 256, .box_w = 14, .box_h = 14, .ofs_x = 2, .ofs_y = -1},
    {.bitmap_index = 12675, .adv_w = 256, .box_w = 13, .box_h = 15, .ofs_x = 1, .ofs_y = -1},
    {.bitmap_index = 12700, .adv_w = 256, .box_w = 14, .box_h = 14, .ofs_x = 1, .ofs_y = -1},
    {.bitmap_index = 12725, .adv_w = 256, .box_w = 14, .box_h = 14, .ofs_x = 1, .ofs_y = -1},
    {.bitmap_index = 12750, .adv_w = 256, .box_w = 13, .box_h = 14, .ofs_x = 1, .ofs_y = -1},
    {.bitmap_index = 12773, .adv_w = 256, .box_w = 15, .box_h = 13, .ofs_x = 1, .ofs_y = -1},
    {.bitmap_index = 12798, .adv_w = 256, .box_w = 15, .box_h = 15, .ofs_x = 1, .ofs_y = -1},
    {.bitmap_index = 12827, .adv_w = 256, .box_w = 14, .box_h = 14, .ofs_x = 1, .ofs_y = -1},
    {.bitmap_index = 12852, .adv_w = 256, .box_w = 15, .box_h = 15, .ofs_x = 1, .ofs_y = -1},
    {.bitmap_index = 12881, .adv_w = 256, .box_w = 15, .box_h = 13, .ofs_x = 1, .ofs_y = -1},
    {.bitmap_index = 12906, .adv_w = 256, .box_w = 14, .box_h = 13, .ofs_x = 1, .ofs_y = -1},
    {.bitmap_index = 12929, .adv_w = 256, .box_w = 14, .box_h = 14, .ofs_x = 1, .ofs_y = -1},
    {.bitmap_index = 12954, .adv_w = 256, .box_w = 15, .box_h = 14, .ofs_x = 1, .ofs_y = -1},
    {.bitmap_index = 12981, .adv_w = 256, .box_w = 16, .box_h = 14, .ofs_x = 0, .ofs_y = -1},
    {.bitmap_index = 13009, .adv_w = 256, .box_w = 14, .box_h = 15, .ofs_x = 1, .ofs_y = -1},
    {.bitmap_index = 13036, .adv_w = 256, .box_w = 14, .box_h = 15, .ofs_x = 1, .ofs_y = -1},
    {.bitmap_index = 13063, .adv_w = 256, .box_w = 14, .box_h = 15, .ofs_x = 0, .ofs_y = -1},
    {.bitmap_index = 13090, .adv_w = 256, .box_w = 15, .box_h = 14, .ofs_x = 1, .ofs_y = -1},
    {.bitmap_index = 13117, .adv_w = 256, .box_w = 14, .box_h = 15, .ofs_x = 1, .ofs_y = -1},
    {.bitmap_index = 13144, .adv_w = 256, .box_w = 14, .box_h = 15, .ofs_x = 1, .ofs_y = -1},
    {.bitmap_index = 13171, .adv_w = 256, .box_w = 14, .box_h = 15, .ofs_x = 1, .ofs_y = -1},
    {.bitmap_index = 13198, .adv_w = 256, .box_w = 14, .box_h = 13, .ofs_x = 1, .ofs_y = 0},
    {.bitmap_index = 13221, .adv_w = 256, .box_w = 14, .box_h = 14, .ofs_x = 1, .ofs_y = -1},
    {.bitmap_index = 13246, .adv_w = 256, .box_w = 14, .box_h = 16, .ofs_x = 1, .ofs_y = -2},
    {.bitmap_index = 13274, .adv_w = 256, .box_w = 14, .box_h = 14, .ofs_x = 1, .ofs_y = -1},
    {.bitmap_index = 13299, .adv_w = 256, .box_w = 14, .box_h = 14, .ofs_x = 1, .ofs_y = -1},
    {.bitmap_index = 13324, .adv_w = 256, .box_w = 15, .box_h = 15, .ofs_x = 1, .ofs_y = -1},
    {.bitmap_index = 13353, .adv_w = 256, .box_w = 13, .box_h = 14, .ofs_x = 1, .ofs_y = -1},
    {.bitmap_index = 13376, .adv_w = 256, .box_w = 14, .box_h = 15, .ofs_x = 1, .ofs_y = -1},
    {.bitmap_index = 13403, .adv_w = 256, .box_w = 14, .box_h = 14, .ofs_x = 1, .ofs_y = -1},
    {.bitmap_index = 13428, .adv_w = 256, .box_w = 14, .box_h = 15, .ofs_x = 1, .ofs_y = -1},
    {.bitmap_index = 13455, .adv_w = 256, .box_w = 13, .box_h = 14, .ofs_x = 1, .ofs_y = -1},
    {.bitmap_index = 13478, .adv_w = 256, .box_w = 15, .box_h = 16, .ofs_x = 1, .ofs_y = -2},
    {.bitmap_index = 13508, .adv_w = 256, .box_w = 15, .box_h = 14, .ofs_x = 1, .ofs_y = -1},
    {.bitmap_index = 13535, .adv_w = 256, .box_w = 14, .box_h = 15, .ofs_x = 1, .ofs_y = -1},
    {.bitmap_index = 13562, .adv_w = 256, .box_w = 15, .box_h = 15, .ofs_x = 1, .ofs_y = -1},
    {.bitmap_index = 13591, .adv_w = 256, .box_w = 14, .box_h = 15, .ofs_x = 1, .ofs_y = -1},
    {.bitmap_index = 13618, .adv_w = 256, .box_w = 14, .box_h = 15, .ofs_x = 1, .ofs_y = -1},
    {.bitmap_index = 13645, .adv_w = 256, .box_w = 14, .box_h = 12, .ofs_x = 1, .ofs_y = 0},
    {.bitmap_index = 13666, .adv_w = 256, .box_w = 14, .box_h = 14, .ofs_x = 1, .ofs_y = -1},
    {.bitmap_index = 13691, .adv_w = 256, .box_w = 15, .box_h = 14, .ofs_x = 1, .ofs_y = -1},
    {.bitmap_index = 13718, .adv_w = 256, .box_w = 14, .box_h = 14, .ofs_x = 1, .ofs_y = -1},
    {.bitmap_index = 13743, .adv_w = 256, .box_w = 14, .box_h = 13, .ofs_x = 1, .ofs_y = -1},
    {.bitmap_index = 13766, .adv_w = 256, .box_w = 15, .box_h = 15, .ofs_x = 1, .ofs_y = -1},
    {.bitmap_index = 13795, .adv_w = 256, .box_w = 14, .box_h = 14, .ofs_x = 1, .ofs_y = -1},
    {.bitmap_index = 13820, .adv_w = 256, .box_w = 14, .box_h = 14, .ofs_x = 1, .ofs_y = -1},
    {.bitmap_index = 13845, .adv_w = 256, .box_w = 14, .box_h = 15, .ofs_x = 1, .ofs_y = -2},
    {.bitmap_index = 13872, .adv_w = 256, .box_w = 14, .box_h = 14, .ofs_x = 1, .ofs_y = -1},
    {.bitmap_index = 13897, .adv_w = 256, .box_w = 14, .box_h = 15, .ofs_x = 1, .ofs_y = -1},
    {.bitmap_index = 13924, .adv_w = 256, .box_w = 15, .box_h = 14, .ofs_x = 1, .ofs_y = -1},
    {.bitmap_index = 13951, .adv_w = 256, .box_w = 15, .box_h = 14, .ofs_x = 0, .ofs_y = -1},
    {.bitmap_index = 13978, .adv_w = 256, .box_w = 14, .box_h = 15, .ofs_x = 1, .ofs_y = -1},
    {.bitmap_index = 14005, .adv_w = 256, .box_w = 14, .box_h = 15, .ofs_x = 1, .ofs_y = -1},
    {.bitmap_index = 14032, .adv_w = 256, .box_w = 15, .box_h = 15, .ofs_x = 0, .ofs_y = -1},
    {.bitmap_index = 14061, .adv_w = 256, .box_w = 14, .box_h = 15, .ofs_x = 1, .ofs_y = -1},
    {.bitmap_index = 14088, .adv_w = 256, .box_w = 14, .box_h = 15, .ofs_x = 1, .ofs_y = -1},
    {.bitmap_index = 14115, .adv_w = 256, .box_w = 14, .box_h = 14, .ofs_x = 1, .ofs_y = -1},
    {.bitmap_index = 14140, .adv_w = 256, .box_w = 13, .box_h = 14, .ofs_x = 1, .ofs_y = -1},
    {.bitmap_index = 14163, .adv_w = 256, .box_w = 14, .box_h = 15, .ofs_x = 1, .ofs_y = -1},
    {.bitmap_index = 14190, .adv_w = 256, .box_w = 14, .box_h = 14, .ofs_x = 1, .ofs_y = -1},
    {.bitmap_index = 14215, .adv_w = 256, .box_w = 14, .box_h = 15, .ofs_x = 1, .ofs_y = -1},
    {.bitmap_index = 14242, .adv_w = 256, .box_w = 15, .box_h = 14, .ofs_x = 1, .ofs_y = -1},
    {.bitmap_index = 14269, .adv_w = 256, .box_w = 14, .box_h = 15, .ofs_x = 1, .ofs_y = -1},
    {.bitmap_index = 14296, .adv_w = 256, .box_w = 14, .box_h = 14, .ofs_x = 1, .ofs_y = -1},
    {.bitmap_index = 14321, .adv_w = 256, .box_w = 14, .box_h = 14, .ofs_x = 1, .ofs_y = -1},
    {.bitmap_index = 14346, .adv_w = 256, .box_w = 14, .box_h = 14, .ofs_x = 1, .ofs_y = -1},
    {.bitmap_index = 14371, .adv_w = 256, .box_w = 14, .box_h = 15, .ofs_x = 1, .ofs_y = -1},
    {.bitmap_index = 14398, .adv_w = 256, .box_w = 14, .box_h = 14, .ofs_x = 1, .ofs_y = -1},
    {.bitmap_index = 14423, .adv_w = 256, .box_w = 15, .box_h = 14, .ofs_x = 1, .ofs_y = -1},
    {.bitmap_index = 14450, .adv_w = 256, .box_w = 14, .box_h = 14, .ofs_x = 1, .ofs_y = -1},
    {.bitmap_index = 14475, .adv_w = 256, .box_w = 14, .box_h = 14, .ofs_x = 1, .ofs_y = -1},
    {.bitmap_index = 14500, .adv_w = 256, .box_w = 14, .box_h = 15, .ofs_x = 1, .ofs_y = -1},
    {.bitmap_index = 14527, .adv_w = 256, .box_w = 14, .box_h = 14, .ofs_x = 1, .ofs_y = -1},
    {.bitmap_index = 14552, .adv_w = 256, .box_w = 15, .box_h = 15, .ofs_x = 1, .ofs_y = -1},
    {.bitmap_index = 14581, .adv_w = 256, .box_w = 15, .box_h = 15, .ofs_x = 0, .ofs_y = -1},
    {.bitmap_index = 14610, .adv_w = 256, .box_w = 14, .box_h = 14, .ofs_x = 1, .ofs_y = -1},
    {.bitmap_index = 14635, .adv_w = 256, .box_w = 15, .box_h = 14, .ofs_x = 1, .ofs_y = -1},
    {.bitmap_index = 14662, .adv_w = 256, .box_w = 14, .box_h = 15, .ofs_x = 1, .ofs_y = -1},
    {.bitmap_index = 14689, .adv_w = 256, .box_w = 14, .box_h = 14, .ofs_x = 1, .ofs_y = -1},
    {.bitmap_index = 14714, .adv_w = 256, .box_w = 15, .box_h = 15, .ofs_x = 1, .ofs_y = -1},
    {.bitmap_index = 14743, .adv_w = 256, .box_w = 14, .box_h = 14, .ofs_x = 1, .ofs_y = -1},
    {.bitmap_index = 14768, .adv_w = 256, .box_w = 14, .box_h = 14, .ofs_x = 1, .ofs_y = -1},
    {.bitmap_index = 14793, .adv_w = 256, .box_w = 14, .box_h = 15, .ofs_x = 1, .ofs_y = -1},
    {.bitmap_index = 14820, .adv_w = 256, .box_w = 14, .box_h = 14, .ofs_x = 1, .ofs_y = -1},
    {.bitmap_index = 14845, .adv_w = 256, .box_w = 14, .box_h = 14, .ofs_x = 1, .ofs_y = -1},
    {.bitmap_index = 14870, .adv_w = 256, .box_w = 14, .box_h = 14, .ofs_x = 1, .ofs_y = -1},
    {.bitmap_index = 14895, .adv_w = 256, .box_w = 14, .box_h = 16, .ofs_x = 1, .ofs_y = -2},
    {.bitmap_index = 14923, .adv_w = 256, .box_w = 14, .box_h = 15, .ofs_x = 1, .ofs_y = -1},
    {.bitmap_index = 14950, .adv_w = 256, .box_w = 15, .box_h = 15, .ofs_x = 1, .ofs_y = -1},
    {.bitmap_index = 14979, .adv_w = 256, .box_w = 14, .box_h = 14, .ofs_x = 1, .ofs_y = -1},
    {.bitmap_index = 15004, .adv_w = 256, .box_w = 14, .box_h = 14, .ofs_x = 1, .ofs_y = -1},
    {.bitmap_index = 15029, .adv_w = 256, .box_w = 14, .box_h = 15, .ofs_x = 1, .ofs_y = -1},
    {.bitmap_index = 15056, .adv_w = 256, .box_w = 14, .box_h = 14, .ofs_x = 1, .ofs_y = -1},
    {.bitmap_index = 15081, .adv_w = 256, .box_w = 14, .box_h = 14, .ofs_x = 1, .ofs_y = -1},
    {.bitmap_index = 15106, .adv_w = 256, .box_w = 14, .box_h = 14, .ofs_x = 1, .ofs_y = -1},
    {.bitmap_index = 15131, .adv_w = 256, .box_w = 14, .box_h = 15, .ofs_x = 1, .ofs_y = -2},
    {.bitmap_index = 15158, .adv_w = 256, .box_w = 14, .box_h = 15, .ofs_x = 1, .ofs_y = -1},
    {.bitmap_index = 15185, .adv_w = 256, .box_w = 14, .box_h = 14, .ofs_x = 1, .ofs_y = -1},
    {.bitmap_index = 15210, .adv_w = 256, .box_w = 14, .box_h = 14, .ofs_x = 1, .ofs_y = -1},
    {.bitmap_index = 15235, .adv_w = 256, .box_w = 14, .box_h = 14, .ofs_x = 1, .ofs_y = -1},
    {.bitmap_index = 15260, .adv_w = 256, .box_w = 14, .box_h = 15, .ofs_x = 1, .ofs_y = -1},
    {.bitmap_index = 15287, .adv_w = 256, .box_w = 14, .box_h = 14, .ofs_x = 1, .ofs_y = -1},
    {.bitmap_index = 15312, .adv_w = 256, .box_w = 14, .box_h = 15, .ofs_x = 1, .ofs_y = -1},
    {.bitmap_index = 15339, .adv_w = 256, .box_w = 14, .box_h = 15, .ofs_x = 1, .ofs_y = -1},
    {.bitmap_index = 15366, .adv_w = 256, .box_w = 14, .box_h = 14, .ofs_x = 1, .ofs_y = -1},
    {.bitmap_index = 15391, .adv_w = 256, .box_w = 15, .box_h = 14, .ofs_x = 1, .ofs_y = -1},
    {.bitmap_index = 15418, .adv_w = 256, .box_w = 14, .box_h = 15, .ofs_x = 1, .ofs_y = -2},
    {.bitmap_index = 15445, .adv_w = 256, .box_w = 15, .box_h = 15, .ofs_x = 1, .ofs_y = -1},
    {.bitmap_index = 15474, .adv_w = 256, .box_w = 14, .box_h = 14, .ofs_x = 1, .ofs_y = -1},
    {.bitmap_index = 15499, .adv_w = 256, .box_w = 14, .box_h = 15, .ofs_x = 1, .ofs_y = -1},
    {.bitmap_index = 15526, .adv_w = 256, .box_w = 14, .box_h = 14, .ofs_x = 1, .ofs_y = -1},
    {.bitmap_index = 15551, .adv_w = 256, .box_w = 14, .box_h = 15, .ofs_x = 1, .ofs_y = -1},
    {.bitmap_index = 15578, .adv_w = 256, .box_w = 14, .box_h = 14, .ofs_x = 1, .ofs_y = -1},
    {.bitmap_index = 15603, .adv_w = 256, .box_w = 14, .box_h = 14, .ofs_x = 1, .ofs_y = -1},
    {.bitmap_index = 15628, .adv_w = 256, .box_w = 15, .box_h = 14, .ofs_x = 1, .ofs_y = -1},
    {.bitmap_index = 15655, .adv_w = 256, .box_w = 13, .box_h = 15, .ofs_x = 1, .ofs_y = -1},
    {.bitmap_index = 15680, .adv_w = 256, .box_w = 14, .box_h = 14, .ofs_x = 1, .ofs_y = -1},
    {.bitmap_index = 15705, .adv_w = 256, .box_w = 15, .box_h = 15, .ofs_x = 1, .ofs_y = -1},
    {.bitmap_index = 15734, .adv_w = 256, .box_w = 15, .box_h = 15, .ofs_x = 1, .ofs_y = -1},
    {.bitmap_index = 15763, .adv_w = 256, .box_w = 14, .box_h = 15, .ofs_x = 1, .ofs_y = -1},
    {.bitmap_index = 15790, .adv_w = 256, .box_w = 14, .box_h = 14, .ofs_x = 1, .ofs_y = -1},
    {.bitmap_index = 15815, .adv_w = 256, .box_w = 15, .box_h = 13, .ofs_x = 0, .ofs_y = -1},
    {.bitmap_index = 15840, .adv_w = 256, .box_w = 14, .box_h = 14, .ofs_x = 1, .ofs_y = -1},
    {.bitmap_index = 15865, .adv_w = 256, .box_w = 14, .box_h = 14, .ofs_x = 1, .ofs_y = -1},
    {.bitmap_index = 15890, .adv_w = 256, .box_w = 15, .box_h = 15, .ofs_x = 1, .ofs_y = -1},
    {.bitmap_index = 15919, .adv_w = 256, .box_w = 14, .box_h = 15, .ofs_x = 1, .ofs_y = -1},
    {.bitmap_index = 15946, .adv_w = 256, .box_w = 14, .box_h = 14, .ofs_x = 1, .ofs_y = -1},
    {.bitmap_index = 15971, .adv_w = 256, .box_w = 15, .box_h = 16, .ofs_x = 1, .ofs_y = -2},
    {.bitmap_index = 16001, .adv_w = 256, .box_w = 14, .box_h = 15, .ofs_x = 1, .ofs_y = -1},
    {.bitmap_index = 16028, .adv_w = 256, .box_w = 13, .box_h = 13, .ofs_x = 1, .ofs_y = -1},
    {.bitmap_index = 16050, .adv_w = 256, .box_w = 13, .box_h = 14, .ofs_x = 1, .ofs_y = -1},
    {.bitmap_index = 16073, .adv_w = 256, .box_w = 13, .box_h = 14, .ofs_x = 1, .ofs_y = -1},
    {.bitmap_index = 16096, .adv_w = 256, .box_w = 13, .box_h = 14, .ofs_x = 1, .ofs_y = -1},
    {.bitmap_index = 16119, .adv_w = 256, .box_w = 13, .box_h = 14, .ofs_x = 1, .ofs_y = -1},
    {.bitmap_index = 16142, .adv_w = 256, .box_w = 13, .box_h = 14, .ofs_x = 1, .ofs_y = -1},
    {.bitmap_index = 16165, .adv_w = 256, .box_w = 13, .box_h = 14, .ofs_x = 1, .ofs_y = -1},
    {.bitmap_index = 16188, .adv_w = 256, .box_w = 13, .box_h = 14, .ofs_x = 2, .ofs_y = -1},
    {.bitmap_index = 16211, .adv_w = 256, .box_w = 13, .box_h = 14, .ofs_x = 1, .ofs_y = -1},
    {.bitmap_index = 16234, .adv_w = 256, .box_w = 13, .box_h = 14, .ofs_x = 1, .ofs_y = -1},
    {.bitmap_index = 16257, .adv_w = 256, .box_w = 13, .box_h = 14, .ofs_x = 1, .ofs_y = -1},
    {.bitmap_index = 16280, .adv_w = 256, .box_w = 13, .box_h = 14, .ofs_x = 1, .ofs_y = -1},
    {.bitmap_index = 16303, .adv_w = 256, .box_w = 15, .box_h = 14, .ofs_x = 0, .ofs_y = -1},
    {.bitmap_index = 16330, .adv_w = 256, .box_w = 14, .box_h = 13, .ofs_x = 1, .ofs_y = -1},
    {.bitmap_index = 16353, .adv_w = 256, .box_w = 14, .box_h = 14, .ofs_x = 1, .ofs_y = -1},
    {.bitmap_index = 16378, .adv_w = 256, .box_w = 15, .box_h = 14, .ofs_x = 1, .ofs_y = -1},
    {.bitmap_index = 16405, .adv_w = 256, .box_w = 14, .box_h = 14, .ofs_x = 1, .ofs_y = -1},
    {.bitmap_index = 16430, .adv_w = 256, .box_w = 14, .box_h = 14, .ofs_x = 1, .ofs_y = -1},
    {.bitmap_index = 16455, .adv_w = 256, .box_w = 16, .box_h = 15, .ofs_x = 0, .ofs_y = -1},
    {.bitmap_index = 16485, .adv_w = 256, .box_w = 14, .box_h = 15, .ofs_x = 1, .ofs_y = -1},
    {.bitmap_index = 16512, .adv_w = 256, .box_w = 14, .box_h = 15, .ofs_x = 1, .ofs_y = -1},
    {.bitmap_index = 16539, .adv_w = 256, .box_w = 15, .box_h = 15, .ofs_x = 1, .ofs_y = -1},
    {.bitmap_index = 16568, .adv_w = 256, .box_w = 15, .box_h = 15, .ofs_x = 0, .ofs_y = -1},
    {.bitmap_index = 16597, .adv_w = 256, .box_w = 14, .box_h = 14, .ofs_x = 1, .ofs_y = -1},
    {.bitmap_index = 16622, .adv_w = 256, .box_w = 15, .box_h = 14, .ofs_x = 1, .ofs_y = -1},
    {.bitmap_index = 16649, .adv_w = 256, .box_w = 15, .box_h = 14, .ofs_x = 1, .ofs_y = -1},
    {.bitmap_index = 16676, .adv_w = 256, .box_w = 14, .box_h = 15, .ofs_x = 1, .ofs_y = -1},
    {.bitmap_index = 16703, .adv_w = 256, .box_w = 14, .box_h = 15, .ofs_x = 1, .ofs_y = -1},
    {.bitmap_index = 16730, .adv_w = 256, .box_w = 14, .box_h = 14, .ofs_x = 1, .ofs_y = -1},
    {.bitmap_index = 16755, .adv_w = 256, .box_w = 14, .box_h = 15, .ofs_x = 1, .ofs_y = -1},
    {.bitmap_index = 16782, .adv_w = 256, .box_w = 14, .box_h = 14, .ofs_x = 1, .ofs_y = -1},
    {.bitmap_index = 16807, .adv_w = 256, .box_w = 15, .box_h = 14, .ofs_x = 1, .ofs_y = -1},
    {.bitmap_index = 16834, .adv_w = 256, .box_w = 15, .box_h = 15, .ofs_x = 1, .ofs_y = -1},
    {.bitmap_index = 16863, .adv_w = 256, .box_w = 14, .box_h = 15, .ofs_x = 0, .ofs_y = -1},
    {.bitmap_index = 16890, .adv_w = 256, .box_w = 15, .box_h = 14, .ofs_x = 1, .ofs_y = -1},
    {.bitmap_index = 16917, .adv_w = 256, .box_w = 14, .box_h = 15, .ofs_x = 1, .ofs_y = -1},
    {.bitmap_index = 16944, .adv_w = 256, .box_w = 14, .box_h = 14, .ofs_x = 1, .ofs_y = -1},
    {.bitmap_index = 16969, .adv_w = 256, .box_w = 15, .box_h = 15, .ofs_x = 0, .ofs_y = -1},
    {.bitmap_index = 16998, .adv_w = 256, .box_w = 15, .box_h = 14, .ofs_x = 1, .ofs_y = -1},
    {.bitmap_index = 17025, .adv_w = 256, .box_w = 15, .box_h = 15, .ofs_x = 1, .ofs_y = -1},
    {.bitmap_index = 17054, .adv_w = 256, .box_w = 15, .box_h = 14, .ofs_x = 1, .ofs_y = -1},
    {.bitmap_index = 17081, .adv_w = 256, .box_w = 15, .box_h = 15, .ofs_x = 1, .ofs_y = -1},
    {.bitmap_index = 17110, .adv_w = 256, .box_w = 15, .box_h = 15, .ofs_x = 0, .ofs_y = -1},
    {.bitmap_index = 17139, .adv_w = 256, .box_w = 16, .box_h = 14, .ofs_x = 0, .ofs_y = -1},
    {.bitmap_index = 17167, .adv_w = 256, .box_w = 15, .box_h = 15, .ofs_x = 0, .ofs_y = -1},
    {.bitmap_index = 17196, .adv_w = 256, .box_w = 15, .box_h = 14, .ofs_x = 1, .ofs_y = -1},
    {.bitmap_index = 17223, .adv_w = 256, .box_w = 15, .box_h = 15, .ofs_x = 1, .ofs_y = -1},
    {.bitmap_index = 17252, .adv_w = 256, .box_w = 15, .box_h = 14, .ofs_x = 1, .ofs_y = -1},
    {.bitmap_index = 17279, .adv_w = 256, .box_w = 15, .box_h = 15, .ofs_x = 0, .ofs_y = -1},
    {.bitmap_index = 17308, .adv_w = 256, .box_w = 14, .box_h = 14, .ofs_x = 1, .ofs_y = -1},
    {.bitmap_index = 17333, .adv_w = 256, .box_w = 14, .box_h = 15, .ofs_x = 1, .ofs_y = -1},
    {.bitmap_index = 17360, .adv_w = 256, .box_w = 15, .box_h = 15, .ofs_x = 0, .ofs_y = -1},
    {.bitmap_index = 17389, .adv_w = 256, .box_w = 15, .box_h = 15, .ofs_x = 1, .ofs_y = -1},
    {.bitmap_index = 17418, .adv_w = 256, .box_w = 15, .box_h = 15, .ofs_x = 1, .ofs_y = -1},
    {.bitmap_index = 17447, .adv_w = 256, .box_w = 14, .box_h = 14, .ofs_x = 1, .ofs_y = -1},
    {.bitmap_index = 17472, .adv_w = 256, .box_w = 14, .box_h = 14, .ofs_x = 1, .ofs_y = -1},
    {.bitmap_index = 17497, .adv_w = 256, .box_w = 15, .box_h = 15, .ofs_x = 1, .ofs_y = -1},
    {.bitmap_index = 17526, .adv_w = 256, .box_w = 14, .box_h = 15, .ofs_x = 1, .ofs_y = -1},
    {.bitmap_index = 17553, .adv_w = 256, .box_w = 14, .box_h = 15, .ofs_x = 1, .ofs_y = -2},
    {.bitmap_index = 17580, .adv_w = 256, .box_w = 15, .box_h = 14, .ofs_x = 0, .ofs_y = -1},
    {.bitmap_index = 17607, .adv_w = 256, .box_w = 15, .box_h = 14, .ofs_x = 1, .ofs_y = -1},
    {.bitmap_index = 17634, .adv_w = 256, .box_w = 15, .box_h = 15, .ofs_x = 1, .ofs_y = -1},
    {.bitmap_index = 17663, .adv_w = 256, .box_w = 15, .box_h = 13, .ofs_x = 0, .ofs_y = 0},
    {.bitmap_index = 17688, .adv_w = 256, .box_w = 16, .box_h = 14, .ofs_x = 0, .ofs_y = -1},
    {.bitmap_index = 17716, .adv_w = 256, .box_w = 15, .box_h = 15, .ofs_x = 0, .ofs_y = -1},
    {.bitmap_index = 17745, .adv_w = 256, .box_w = 14, .box_h = 14, .ofs_x = 1, .ofs_y = -1},
    {.bitmap_index = 17770, .adv_w = 256, .box_w = 14, .box_h = 14, .ofs_x = 1, .ofs_y = -1},
    {.bitmap_index = 17795, .adv_w = 256, .box_w = 15, .box_h = 16, .ofs_x = 0, .ofs_y = -2},
    {.bitmap_index = 17825, .adv_w = 256, .box_w = 15, .box_h = 15, .ofs_x = 0, .ofs_y = -2},
    {.bitmap_index = 17854, .adv_w = 256, .box_w = 12, .box_h = 14, .ofs_x = 2, .ofs_y = -1},
    {.bitmap_index = 17875, .adv_w = 256, .box_w = 15, .box_h = 14, .ofs_x = 1, .ofs_y = -1},
    {.bitmap_index = 17902, .adv_w = 256, .box_w = 14, .box_h = 15, .ofs_x = 1, .ofs_y = -1},
    {.bitmap_index = 17929, .adv_w = 256, .box_w = 15, .box_h = 15, .ofs_x = 0, .ofs_y = -1},
    {.bitmap_index = 17958, .adv_w = 256, .box_w = 15, .box_h = 15, .ofs_x = 0, .ofs_y = -2},
    {.bitmap_index = 17987, .adv_w = 256, .box_w = 14, .box_h = 15, .ofs_x = 1, .ofs_y = -1},
    {.bitmap_index = 18014, .adv_w = 256, .box_w = 14, .box_h = 13, .ofs_x = 1, .ofs_y = -1},
    {.bitmap_index = 18037, .adv_w = 256, .box_w = 14, .box_h = 14, .ofs_x = 1, .ofs_y = -1},
    {.bitmap_index = 18062, .adv_w = 256, .box_w = 14, .box_h = 15, .ofs_x = 1, .ofs_y = -1},
    {.bitmap_index = 18089, .adv_w = 256, .box_w = 15, .box_h = 15, .ofs_x = 1, .ofs_y = -2},
    {.bitmap_index = 18118, .adv_w = 256, .box_w = 14, .box_h = 15, .ofs_x = 1, .ofs_y = -2},
    {.bitmap_index = 18145, .adv_w = 256, .box_w = 14, .box_h = 14, .ofs_x = 1, .ofs_y = -1},
    {.bitmap_index = 18170, .adv_w = 256, .box_w = 15, .box_h = 15, .ofs_x = 0, .ofs_y = -1},
    {.bitmap_index = 18199, .adv_w = 256, .box_w = 14, .box_h = 14, .ofs_x = 1, .ofs_y = -1},
    {.bitmap_index = 18224, .adv_w = 256, .box_w = 14, .box_h = 15, .ofs_x = 1, .ofs_y = -1},
    {.bitmap_index = 18251, .adv_w = 256, .box_w = 14, .box_h = 15, .ofs_x = 1, .ofs_y = -1},
    {.bitmap_index = 18278, .adv_w = 256, .box_w = 15, .box_h = 14, .ofs_x = 0, .ofs_y = -1},
    {.bitmap_index = 18305, .adv_w = 256, .box_w = 15, .box_h = 14, .ofs_x = 1, .ofs_y = -1},
    {.bitmap_index = 18332, .adv_w = 256, .box_w = 15, .box_h = 15, .ofs_x = 1, .ofs_y = -2},
    {.bitmap_index = 18361, .adv_w = 256, .box_w = 14, .box_h = 15, .ofs_x = 1, .ofs_y = -1},
    {.bitmap_index = 18388, .adv_w = 256, .box_w = 14, .box_h = 14, .ofs_x = 1, .ofs_y = -1},
    {.bitmap_index = 18413, .adv_w = 256, .box_w = 14, .box_h = 14, .ofs_x = 1, .ofs_y = -1},
    {.bitmap_index = 18438, .adv_w = 256, .box_w = 14, .box_h = 15, .ofs_x = 1, .ofs_y = -1},
    {.bitmap_index = 18465, .adv_w = 256, .box_w = 14, .box_h = 14, .ofs_x = 1, .ofs_y = -1},
    {.bitmap_index = 18490, .adv_w = 256, .box_w = 14, .box_h = 14, .ofs_x = 1, .ofs_y = -1},
    {.bitmap_index = 18515, .adv_w = 256, .box_w = 14, .box_h = 15, .ofs_x = 1, .ofs_y = -1},
    {.bitmap_index = 18542, .adv_w = 256, .box_w = 14, .box_h = 15, .ofs_x = 1, .ofs_y = -2},
    {.bitmap_index = 18569, .adv_w = 256, .box_w = 15, .box_h = 14, .ofs_x = 0, .ofs_y = -1},
    {.bitmap_index = 18596, .adv_w = 256, .box_w = 15, .box_h = 14, .ofs_x = 0, .ofs_y = -1},
    {.bitmap_index = 18623, .adv_w = 256, .box_w = 15, .box_h = 14, .ofs_x = 1, .ofs_y = -1},
    {.bitmap_index = 18650, .adv_w = 256, .box_w = 15, .box_h = 14, .ofs_x = 1, .ofs_y = -1},
    {.bitmap_index = 18677, .adv_w = 256, .box_w = 14, .box_h = 14, .ofs_x = 0, .ofs_y = -1},
    {.bitmap_index = 18702, .adv_w = 256, .box_w = 15, .box_h = 14, .ofs_x = 0, .ofs_y = -1},
    {.bitmap_index = 18729, .adv_w = 256, .box_w = 14, .box_h = 16, .ofs_x = 1, .ofs_y = -2},
    {.bitmap_index = 18757, .adv_w = 256, .box_w = 14, .box_h = 14, .ofs_x = 0, .ofs_y = -1},
    {.bitmap_index = 18782, .adv_w = 256, .box_w = 14, .box_h = 14, .ofs_x = 1, .ofs_y = -1},
    {.bitmap_index = 18807, .adv_w = 256, .box_w = 15, .box_h = 15, .ofs_x = 0, .ofs_y = -2},
    {.bitmap_index = 18836, .adv_w = 256, .box_w = 15, .box_h = 15, .ofs_x = 0, .ofs_y = -2},
    {.bitmap_index = 18865, .adv_w = 256, .box_w = 14, .box_h = 14, .ofs_x = 1, .ofs_y = -1},
    {.bitmap_index = 18890, .adv_w = 256, .box_w = 14, .box_h = 14, .ofs_x = 1, .ofs_y = -1},
    {.bitmap_index = 18915, .adv_w = 256, .box_w = 15, .box_h = 14, .ofs_x = 0, .ofs_y = -1},
    {.bitmap_index = 18942, .adv_w = 256, .box_w = 15, .box_h = 14, .ofs_x = 0, .ofs_y = -1},
    {.bitmap_index = 18969, .adv_w = 256, .box_w = 15, .box_h = 14, .ofs_x = 1, .ofs_y = -1},
    {.bitmap_index = 18996, .adv_w = 256, .box_w = 14, .box_h = 14, .ofs_x = 1, .ofs_y = -1},
    {.bitmap_index = 19021, .adv_w = 256, .box_w = 14, .box_h = 14, .ofs_x = 1, .ofs_y = -1},
    {.bitmap_index = 19046, .adv_w = 256, .box_w = 14, .box_h = 14, .ofs_x = 1, .ofs_y = -1},
    {.bitmap_index = 19071, .adv_w = 256, .box_w = 15, .box_h = 14, .ofs_x = 0, .ofs_y = -1},
    {.bitmap_index = 19098, .adv_w = 256, .box_w = 15, .box_h = 15, .ofs_x = 1, .ofs_y = -2},
    {.bitmap_index = 19127, .adv_w = 256, .box_w = 15, .box_h = 14, .ofs_x = 0, .ofs_y = -1},
    {.bitmap_index = 19154, .adv_w = 256, .box_w = 15, .box_h = 15, .ofs_x = 0, .ofs_y = -2},
    {.bitmap_index = 19183, .adv_w = 256, .box_w = 14, .box_h = 14, .ofs_x = 1, .ofs_y = -1},
    {.bitmap_index = 19208, .adv_w = 256, .box_w = 15, .box_h = 14, .ofs_x = 0, .ofs_y = -1},
    {.bitmap_index = 19235, .adv_w = 256, .box_w = 15, .box_h = 14, .ofs_x = 1, .ofs_y = -1},
    {.bitmap_index = 19262, .adv_w = 256, .box_w = 14, .box_h = 16, .ofs_x = 1, .ofs_y = -2},
    {.bitmap_index = 19290, .adv_w = 256, .box_w = 14, .box_h = 15, .ofs_x = 1, .ofs_y = -1},
    {.bitmap_index = 19317, .adv_w = 256, .box_w = 16, .box_h = 14, .ofs_x = 0, .ofs_y = -1},
    {.bitmap_index = 19345, .adv_w = 256, .box_w = 15, .box_h = 15, .ofs_x = 0, .ofs_y = -2},
    {.bitmap_index = 19374, .adv_w = 256, .box_w = 15, .box_h = 15, .ofs_x = 0, .ofs_y = -1},
    {.bitmap_index = 19403, .adv_w = 256, .box_w = 15, .box_h = 14, .ofs_x = 0, .ofs_y = -1},
    {.bitmap_index = 19430, .adv_w = 256, .box_w = 15, .box_h = 15, .ofs_x = 1, .ofs_y = -1},
    {.bitmap_index = 19459, .adv_w = 256, .box_w = 15, .box_h = 15, .ofs_x = 0, .ofs_y = -1},
    {.bitmap_index = 19488, .adv_w = 256, .box_w = 14, .box_h = 15, .ofs_x = 1, .ofs_y = -1},
    {.bitmap_index = 19515, .adv_w = 256, .box_w = 14, .box_h = 14, .ofs_x = 1, .ofs_y = -1},
    {.bitmap_index = 19540, .adv_w = 256, .box_w = 15, .box_h = 15, .ofs_x = 0, .ofs_y = -1},
    {.bitmap_index = 19569, .adv_w = 256, .box_w = 15, .box_h = 16, .ofs_x = 0, .ofs_y = -2},
    {.bitmap_index = 19599, .adv_w = 256, .box_w = 16, .box_h = 15, .ofs_x = 0, .ofs_y = -1},
    {.bitmap_index = 19629, .adv_w = 256, .box_w = 14, .box_h = 14, .ofs_x = 1, .ofs_y = -1},
    {.bitmap_index = 19654, .adv_w = 256, .box_w = 14, .box_h = 14, .ofs_x = 1, .ofs_y = -1},
    {.bitmap_index = 19679, .adv_w = 256, .box_w = 15, .box_h = 15, .ofs_x = 1, .ofs_y = -1},
    {.bitmap_index = 19708, .adv_w = 256, .box_w = 14, .box_h = 14, .ofs_x = 0, .ofs_y = -1},
    {.bitmap_index = 19733, .adv_w = 256, .box_w = 15, .box_h = 14, .ofs_x = 1, .ofs_y = -1},
    {.bitmap_index = 19760, .adv_w = 256, .box_w = 15, .box_h = 14, .ofs_x = 0, .ofs_y = -1},
    {.bitmap_index = 19787, .adv_w = 256, .box_w = 15, .box_h = 14, .ofs_x = 1, .ofs_y = -1},
    {.bitmap_index = 19814, .adv_w = 256, .box_w = 15, .box_h = 14, .ofs_x = 0, .ofs_y = -1},
    {.bitmap_index = 19841, .adv_w = 256, .box_w = 16, .box_h = 15, .ofs_x = 0, .ofs_y = -1},
    {.bitmap_index = 19871, .adv_w = 256, .box_w = 15, .box_h = 14, .ofs_x = 0, .ofs_y = -1},
    {.bitmap_index = 19898, .adv_w = 256, .box_w = 14, .box_h = 13, .ofs_x = 1, .ofs_y = -1},
    {.bitmap_index = 19921, .adv_w = 256, .box_w = 14, .box_h = 13, .ofs_x = 1, .ofs_y = -1},
    {.bitmap_index = 19944, .adv_w = 256, .box_w = 15, .box_h = 15, .ofs_x = 1, .ofs_y = -1},
    {.bitmap_index = 19973, .adv_w = 256, .box_w = 14, .box_h = 15, .ofs_x = 1, .ofs_y = -1},
    {.bitmap_index = 20000, .adv_w = 256, .box_w = 14, .box_h = 14, .ofs_x = 1, .ofs_y = -1},
    {.bitmap_index = 20025, .adv_w = 256, .box_w = 14, .box_h = 14, .ofs_x = 1, .ofs_y = -1},
    {.bitmap_index = 20050, .adv_w = 256, .box_w = 14, .box_h = 14, .ofs_x = 1, .ofs_y = -1},
    {.bitmap_index = 20075, .adv_w = 256, .box_w = 14, .box_h = 15, .ofs_x = 1, .ofs_y = -1},
    {.bitmap_index = 20102, .adv_w = 256, .box_w = 14, .box_h = 15, .ofs_x = 1, .ofs_y = -1},
    {.bitmap_index = 20129, .adv_w = 256, .box_w = 14, .box_h = 14, .ofs_x = 1, .ofs_y = -1},
    {.bitmap_index = 20154, .adv_w = 256, .box_w = 14, .box_h = 15, .ofs_x = 1, .ofs_y = -1},
    {.bitmap_index = 20181, .adv_w = 256, .box_w = 13, .box_h = 14, .ofs_x = 1, .ofs_y = -1},
    {.bitmap_index = 20204, .adv_w = 256, .box_w = 14, .box_h = 15, .ofs_x = 1, .ofs_y = -1},
    {.bitmap_index = 20231, .adv_w = 256, .box_w = 14, .box_h = 15, .ofs_x = 1, .ofs_y = -1},
    {.bitmap_index = 20258, .adv_w = 256, .box_w = 14, .box_h = 15, .ofs_x = 1, .ofs_y = -1},
    {.bitmap_index = 20285, .adv_w = 256, .box_w = 15, .box_h = 15, .ofs_x = 0, .ofs_y = -1},
    {.bitmap_index = 20314, .adv_w = 256, .box_w = 14, .box_h = 15, .ofs_x = 1, .ofs_y = -1},
    {.bitmap_index = 20341, .adv_w = 256, .box_w = 14, .box_h = 15, .ofs_x = 1, .ofs_y = -1},
    {.bitmap_index = 20368, .adv_w = 256, .box_w = 16, .box_h = 15, .ofs_x = 0, .ofs_y = -1},
    {.bitmap_index = 20398, .adv_w = 256, .box_w = 14, .box_h = 15, .ofs_x = 1, .ofs_y = -1},
    {.bitmap_index = 20425, .adv_w = 256, .box_w = 15, .box_h = 14, .ofs_x = 0, .ofs_y = -1},
    {.bitmap_index = 20452, .adv_w = 256, .box_w = 14, .box_h = 14, .ofs_x = 1, .ofs_y = -1},
    {.bitmap_index = 20477, .adv_w = 256, .box_w = 15, .box_h = 15, .ofs_x = 1, .ofs_y = -1},
    {.bitmap_index = 20506, .adv_w = 256, .box_w = 14, .box_h = 15, .ofs_x = 1, .ofs_y = -1},
    {.bitmap_index = 20533, .adv_w = 256, .box_w = 15, .box_h = 15, .ofs_x = 1, .ofs_y = -1},
    {.bitmap_index = 20562, .adv_w = 256, .box_w = 14, .box_h = 15, .ofs_x = 1, .ofs_y = -1},
    {.bitmap_index = 20589, .adv_w = 256, .box_w = 15, .box_h = 15, .ofs_x = 0, .ofs_y = -1},
    {.bitmap_index = 20618, .adv_w = 256, .box_w = 14, .box_h = 15, .ofs_x = 1, .ofs_y = -1},
    {.bitmap_index = 20645, .adv_w = 256, .box_w = 15, .box_h = 15, .ofs_x = 0, .ofs_y = -1},
    {.bitmap_index = 20674, .adv_w = 256, .box_w = 15, .box_h = 15, .ofs_x = 0, .ofs_y = -1},
    {.bitmap_index = 20703, .adv_w = 256, .box_w = 14, .box_h = 16, .ofs_x = 1, .ofs_y = -2},
    {.bitmap_index = 20731, .adv_w = 256, .box_w = 14, .box_h = 15, .ofs_x = 1, .ofs_y = -1},
    {.bitmap_index = 20758, .adv_w = 256, .box_w = 14, .box_h = 15, .ofs_x = 1, .ofs_y = -1},
    {.bitmap_index = 20785, .adv_w = 256, .box_w = 16, .box_h = 15, .ofs_x = 0, .ofs_y = -1},
    {.bitmap_index = 20815, .adv_w = 256, .box_w = 16, .box_h = 15, .ofs_x = 0, .ofs_y = -1},
    {.bitmap_index = 20845, .adv_w = 256, .box_w = 14, .box_h = 15, .ofs_x = 1, .ofs_y = -1},
    {.bitmap_index = 20872, .adv_w = 256, .box_w = 15, .box_h = 15, .ofs_x = 0, .ofs_y = -1},
    {.bitmap_index = 20901, .adv_w = 256, .box_w = 15, .box_h = 15, .ofs_x = 1, .ofs_y = -1},
    {.bitmap_index = 20930, .adv_w = 256, .box_w = 15, .box_h = 15, .ofs_x = 0, .ofs_y = -1},
    {.bitmap_index = 20959, .adv_w = 256, .box_w = 14, .box_h = 15, .ofs_x = 1, .ofs_y = -1},
    {.bitmap_index = 20986, .adv_w = 256, .box_w = 15, .box_h = 14, .ofs_x = 1, .ofs_y = -1},
    {.bitmap_index = 21013, .adv_w = 256, .box_w = 14, .box_h = 14, .ofs_x = 1, .ofs_y = -1},
    {.bitmap_index = 21038, .adv_w = 256, .box_w = 15, .box_h = 15, .ofs_x = 1, .ofs_y = -1},
    {.bitmap_index = 21067, .adv_w = 256, .box_w = 14, .box_h = 15, .ofs_x = 1, .ofs_y = -1},
    {.bitmap_index = 21094, .adv_w = 256, .box_w = 16, .box_h = 15, .ofs_x = 0, .ofs_y = -1},
    {.bitmap_index = 21124, .adv_w = 256, .box_w = 15, .box_h = 14, .ofs_x = 0, .ofs_y = -1},
    {.bitmap_index = 21151, .adv_w = 256, .box_w = 15, .box_h = 15, .ofs_x = 0, .ofs_y = -1},
    {.bitmap_index = 21180, .adv_w = 256, .box_w = 15, .box_h = 14, .ofs_x = 0, .ofs_y = -1},
    {.bitmap_index = 21207, .adv_w = 256, .box_w = 15, .box_h = 14, .ofs_x = 1, .ofs_y = -1},
    {.bitmap_index = 21234, .adv_w = 256, .box_w = 15, .box_h = 14, .ofs_x = 0, .ofs_y = -1},
    {.bitmap_index = 21261, .adv_w = 256, .box_w = 16, .box_h = 14, .ofs_x = 0, .ofs_y = -1},
    {.bitmap_index = 21289, .adv_w = 256, .box_w = 15, .box_h = 14, .ofs_x = 1, .ofs_y = -1},
    {.bitmap_index = 21316, .adv_w = 256, .box_w = 14, .box_h = 14, .ofs_x = 1, .ofs_y = -1},
    {.bitmap_index = 21341, .adv_w = 256, .box_w = 14, .box_h = 14, .ofs_x = 1, .ofs_y = -1},
    {.bitmap_index = 21366, .adv_w = 256, .box_w = 15, .box_h = 15, .ofs_x = 1, .ofs_y = -1},
    {.bitmap_index = 21395, .adv_w = 256, .box_w = 15, .box_h = 14, .ofs_x = 0, .ofs_y = -1},
    {.bitmap_index = 21422, .adv_w = 256, .box_w = 14, .box_h = 15, .ofs_x = 1, .ofs_y = -1},
    {.bitmap_index = 21449, .adv_w = 256, .box_w = 14, .box_h = 15, .ofs_x = 1, .ofs_y = -1},
    {.bitmap_index = 21476, .adv_w = 256, .box_w = 14, .box_h = 15, .ofs_x = 1, .ofs_y = -2},
    {.bitmap_index = 21503, .adv_w = 256, .box_w = 15, .box_h = 14, .ofs_x = 1, .ofs_y = -1},
    {.bitmap_index = 21530, .adv_w = 256, .box_w = 12, .box_h = 15, .ofs_x = 2, .ofs_y = -1},
    {.bitmap_index = 21553, .adv_w = 256, .box_w = 14, .box_h = 15, .ofs_x = 1, .ofs_y = -1},
    {.bitmap_index = 21580, .adv_w = 256, .box_w = 14, .box_h = 15, .ofs_x = 1, .ofs_y = -1},
    {.bitmap_index = 21607, .adv_w = 256, .box_w = 14, .box_h = 15, .ofs_x = 1, .ofs_y = -1},
    {.bitmap_index = 21634, .adv_w = 256, .box_w = 14, .box_h = 14, .ofs_x = 1, .ofs_y = -1},
    {.bitmap_index = 21659, .adv_w = 256, .box_w = 14, .box_h = 15, .ofs_x = 1, .ofs_y = -2},
    {.bitmap_index = 21686, .adv_w = 256, .box_w = 13, .box_h = 14, .ofs_x = 1, .ofs_y = -1},
    {.bitmap_index = 21709, .adv_w = 256, .box_w = 15, .box_h = 15, .ofs_x = 0, .ofs_y = -2},
    {.bitmap_index = 21738, .adv_w = 256, .box_w = 14, .box_h = 15, .ofs_x = 1, .ofs_y = -2},
    {.bitmap_index = 21765, .adv_w = 256, .box_w = 14, .box_h = 14, .ofs_x = 1, .ofs_y = -1},
    {.bitmap_index = 21790, .adv_w = 256, .box_w = 15, .box_h = 14, .ofs_x = 0, .ofs_y = -1},
    {.bitmap_index = 21817, .adv_w = 256, .box_w = 15, .box_h = 14, .ofs_x = 0, .ofs_y = -1},
    {.bitmap_index = 21844, .adv_w = 256, .box_w = 14, .box_h = 14, .ofs_x = 0, .ofs_y = -1},
    {.bitmap_index = 21869, .adv_w = 256, .box_w = 15, .box_h = 14, .ofs_x = 0, .ofs_y = -1},
    {.bitmap_index = 21896, .adv_w = 256, .box_w = 15, .box_h = 15, .ofs_x = 0, .ofs_y = -2},
    {.bitmap_index = 21925, .adv_w = 256, .box_w = 15, .box_h = 14, .ofs_x = 0, .ofs_y = -1},
    {.bitmap_index = 21952, .adv_w = 256, .box_w = 14, .box_h = 14, .ofs_x = 0, .ofs_y = -1},
    {.bitmap_index = 21977, .adv_w = 256, .box_w = 14, .box_h = 14, .ofs_x = 0, .ofs_y = -1},
    {.bitmap_index = 22002, .adv_w = 256, .box_w = 15, .box_h = 15, .ofs_x = 0, .ofs_y = -2},
    {.bitmap_index = 22031, .adv_w = 256, .box_w = 14, .box_h = 14, .ofs_x = 0, .ofs_y = -1},
    {.bitmap_index = 22056, .adv_w = 256, .box_w = 15, .box_h = 14, .ofs_x = 0, .ofs_y = -1},
    {.bitmap_index = 22083, .adv_w = 256, .box_w = 15, .box_h = 14, .ofs_x = 0, .ofs_y = -1},
    {.bitmap_index = 22110, .adv_w = 256, .box_w = 15, .box_h = 14, .ofs_x = 0, .ofs_y = -1},
    {.bitmap_index = 22137, .adv_w = 256, .box_w = 15, .box_h = 14, .ofs_x = 0, .ofs_y = -1},
    {.bitmap_index = 22164, .adv_w = 256, .box_w = 14, .box_h = 14, .ofs_x = 0, .ofs_y = -1},
    {.bitmap_index = 22189, .adv_w = 256, .box_w = 15, .box_h = 14, .ofs_x = 0, .ofs_y = -1},
    {.bitmap_index = 22216, .adv_w = 256, .box_w = 15, .box_h = 15, .ofs_x = 0, .ofs_y = -2},
    {.bitmap_index = 22245, .adv_w = 256, .box_w = 15, .box_h = 14, .ofs_x = 0, .ofs_y = -1},
    {.bitmap_index = 22272, .adv_w = 256, .box_w = 12, .box_h = 14, .ofs_x = 2, .ofs_y = -1},
    {.bitmap_index = 22293, .adv_w = 256, .box_w = 12, .box_h = 15, .ofs_x = 2, .ofs_y = -1},
    {.bitmap_index = 22316, .adv_w = 256, .box_w = 13, .box_h = 15, .ofs_x = 2, .ofs_y = -1},
    {.bitmap_index = 22341, .adv_w = 256, .box_w = 15, .box_h = 15, .ofs_x = 0, .ofs_y = -1},
    {.bitmap_index = 22370, .adv_w = 256, .box_w = 13, .box_h = 15, .ofs_x = 2, .ofs_y = -1},
    {.bitmap_index = 22395, .adv_w = 256, .box_w = 14, .box_h = 14, .ofs_x = 1, .ofs_y = -1},
    {.bitmap_index = 22420, .adv_w = 256, .box_w = 14, .box_h = 15, .ofs_x = 1, .ofs_y = -1},
    {.bitmap_index = 22447, .adv_w = 256, .box_w = 14, .box_h = 14, .ofs_x = 1, .ofs_y = -1},
    {.bitmap_index = 22472, .adv_w = 256, .box_w = 15, .box_h = 14, .ofs_x = 1, .ofs_y = -1},
    {.bitmap_index = 22499, .adv_w = 256, .box_w = 14, .box_h = 14, .ofs_x = 1, .ofs_y = -1},
    {.bitmap_index = 22524, .adv_w = 256, .box_w = 14, .box_h = 14, .ofs_x = 1, .ofs_y = -1},
    {.bitmap_index = 22549, .adv_w = 256, .box_w = 15, .box_h = 14, .ofs_x = 0, .ofs_y = -1},
    {.bitmap_index = 22576, .adv_w = 256, .box_w = 14, .box_h = 15, .ofs_x = 1, .ofs_y = -1},
    {.bitmap_index = 22603, .adv_w = 256, .box_w = 14, .box_h = 15, .ofs_x = 1, .ofs_y = -1},
    {.bitmap_index = 22630, .adv_w = 256, .box_w = 14, .box_h = 14, .ofs_x = 1, .ofs_y = -1},
    {.bitmap_index = 22655, .adv_w = 256, .box_w = 14, .box_h = 15, .ofs_x = 1, .ofs_y = -1},
    {.bitmap_index = 22682, .adv_w = 256, .box_w = 14, .box_h = 13, .ofs_x = 0, .ofs_y = -1},
    {.bitmap_index = 22705, .adv_w = 256, .box_w = 15, .box_h = 14, .ofs_x = 1, .ofs_y = -1},
    {.bitmap_index = 22732, .adv_w = 256, .box_w = 15, .box_h = 12, .ofs_x = 0, .ofs_y = 0},
    {.bitmap_index = 22755, .adv_w = 256, .box_w = 14, .box_h = 14, .ofs_x = 1, .ofs_y = -1},
    {.bitmap_index = 22780, .adv_w = 256, .box_w = 15, .box_h = 13, .ofs_x = 0, .ofs_y = -1},
    {.bitmap_index = 22805, .adv_w = 256, .box_w = 12, .box_h = 14, .ofs_x = 3, .ofs_y = -1},
    {.bitmap_index = 22826, .adv_w = 256, .box_w = 15, .box_h = 12, .ofs_x = 0, .ofs_y = 0},
    {.bitmap_index = 22849, .adv_w = 256, .box_w = 14, .box_h = 13, .ofs_x = 1, .ofs_y = 0},
    {.bitmap_index = 22872, .adv_w = 256, .box_w = 13, .box_h = 14, .ofs_x = 2, .ofs_y = -1},
    {.bitmap_index = 22895, .adv_w = 256, .box_w = 14, .box_h = 13, .ofs_x = 1, .ofs_y = -1},
    {.bitmap_index = 22918, .adv_w = 256, .box_w = 13, .box_h = 13, .ofs_x = 2, .ofs_y = -1},
    {.bitmap_index = 22940, .adv_w = 256, .box_w = 15, .box_h = 14, .ofs_x = 1, .ofs_y = -1},
    {.bitmap_index = 22967, .adv_w = 256, .box_w = 13, .box_h = 14, .ofs_x = 1, .ofs_y = -1},
    {.bitmap_index = 22990, .adv_w = 256, .box_w = 15, .box_h = 15, .ofs_x = 0, .ofs_y = -1},
    {.bitmap_index = 23019, .adv_w = 256, .box_w = 14, .box_h = 14, .ofs_x = 1, .ofs_y = -1},
    {.bitmap_index = 23044, .adv_w = 256, .box_w = 13, .box_h = 14, .ofs_x = 1, .ofs_y = -1},
    {.bitmap_index = 23067, .adv_w = 256, .box_w = 13, .box_h = 14, .ofs_x = 2, .ofs_y = -1},
    {.bitmap_index = 23090, .adv_w = 256, .box_w = 14, .box_h = 14, .ofs_x = 1, .ofs_y = -1},
    {.bitmap_index = 23115, .adv_w = 256, .box_w = 15, .box_h = 14, .ofs_x = 1, .ofs_y = -1},
    {.bitmap_index = 23142, .adv_w = 256, .box_w = 13, .box_h = 14, .ofs_x = 1, .ofs_y = -1},
    {.bitmap_index = 23165, .adv_w = 256, .box_w = 14, .box_h = 14, .ofs_x = 1, .ofs_y = -1},
    {.bitmap_index = 23190, .adv_w = 256, .box_w = 14, .box_h = 15, .ofs_x = 1, .ofs_y = -1},
    {.bitmap_index = 23217, .adv_w = 256, .box_w = 14, .box_h = 14, .ofs_x = 1, .ofs_y = -1},
    {.bitmap_index = 23242, .adv_w = 256, .box_w = 16, .box_h = 15, .ofs_x = 0, .ofs_y = -1},
    {.bitmap_index = 23272, .adv_w = 256, .box_w = 14, .box_h = 14, .ofs_x = 1, .ofs_y = -1},
    {.bitmap_index = 23297, .adv_w = 256, .box_w = 13, .box_h = 15, .ofs_x = 1, .ofs_y = -1},
    {.bitmap_index = 23322, .adv_w = 256, .box_w = 14, .box_h = 14, .ofs_x = 1, .ofs_y = -1},
    {.bitmap_index = 23347, .adv_w = 256, .box_w = 14, .box_h = 14, .ofs_x = 1, .ofs_y = -1},
    {.bitmap_index = 23372, .adv_w = 256, .box_w = 15, .box_h = 14, .ofs_x = 1, .ofs_y = -1},
    {.bitmap_index = 23399, .adv_w = 256, .box_w = 15, .box_h = 13, .ofs_x = 0, .ofs_y = -1},
    {.bitmap_index = 23424, .adv_w = 256, .box_w = 15, .box_h = 13, .ofs_x = 0, .ofs_y = -1},
    {.bitmap_index = 23449, .adv_w = 256, .box_w = 15, .box_h = 14, .ofs_x = 0, .ofs_y = -1},
    {.bitmap_index = 23476, .adv_w = 256, .box_w = 15, .box_h = 15, .ofs_x = 1, .ofs_y = -1},
    {.bitmap_index = 23505, .adv_w = 256, .box_w = 15, .box_h = 15, .ofs_x = 0, .ofs_y = -1},
    {.bitmap_index = 23534, .adv_w = 256, .box_w = 14, .box_h = 15, .ofs_x = 1, .ofs_y = -1},
    {.bitmap_index = 23561, .adv_w = 256, .box_w = 14, .box_h = 15, .ofs_x = 0, .ofs_y = -1},
    {.bitmap_index = 23588, .adv_w = 256, .box_w = 13, .box_h = 14, .ofs_x = 1, .ofs_y = -1},
    {.bitmap_index = 23611, .adv_w = 256, .box_w = 15, .box_h = 15, .ofs_x = 0, .ofs_y = -2},
    {.bitmap_index = 23640, .adv_w = 256, .box_w = 15, .box_h = 15, .ofs_x = 0, .ofs_y = -2},
    {.bitmap_index = 23669, .adv_w = 256, .box_w = 16, .box_h = 15, .ofs_x = 0, .ofs_y = -2},
    {.bitmap_index = 23699, .adv_w = 256, .box_w = 16, .box_h = 14, .ofs_x = 0, .ofs_y = -1},
    {.bitmap_index = 23727, .adv_w = 256, .box_w = 16, .box_h = 15, .ofs_x = 0, .ofs_y = -1},
    {.bitmap_index = 23757, .adv_w = 256, .box_w = 16, .box_h = 15, .ofs_x = 0, .ofs_y = -1},
    {.bitmap_index = 23787, .adv_w = 256, .box_w = 16, .box_h = 15, .ofs_x = 0, .ofs_y = -2},
    {.bitmap_index = 23817, .adv_w = 256, .box_w = 15, .box_h = 15, .ofs_x = 0, .ofs_y = -1},
    {.bitmap_index = 23846, .adv_w = 256, .box_w = 15, .box_h = 14, .ofs_x = 0, .ofs_y = -1},
    {.bitmap_index = 23873, .adv_w = 256, .box_w = 14, .box_h = 15, .ofs_x = 1, .ofs_y = -1},
    {.bitmap_index = 23900, .adv_w = 256, .box_w = 15, .box_h = 15, .ofs_x = 0, .ofs_y = -1},
    {.bitmap_index = 23929, .adv_w = 256, .box_w = 15, .box_h = 15, .ofs_x = 1, .ofs_y = -1},
    {.bitmap_index = 23958, .adv_w = 256, .box_w = 15, .box_h = 16, .ofs_x = 0, .ofs_y = -2},
    {.bitmap_index = 23988, .adv_w = 256, .box_w = 16, .box_h = 15, .ofs_x = 0, .ofs_y = -1},
    {.bitmap_index = 24018, .adv_w = 256, .box_w = 15, .box_h = 15, .ofs_x = 1, .ofs_y = -1},
    {.bitmap_index = 24047, .adv_w = 256, .box_w = 15, .box_h = 15, .ofs_x = 0, .ofs_y = -1},
    {.bitmap_index = 24076, .adv_w = 256, .box_w = 16, .box_h = 15, .ofs_x = 0, .ofs_y = -1},
    {.bitmap_index = 24106, .adv_w = 256, .box_w = 16, .box_h = 14, .ofs_x = 0, .ofs_y = -1},
    {.bitmap_index = 24134, .adv_w = 256, .box_w = 15, .box_h = 15, .ofs_x = 1, .ofs_y = -2},
    {.bitmap_index = 24163, .adv_w = 256, .box_w = 15, .box_h = 15, .ofs_x = 1, .ofs_y = -1},
    {.bitmap_index = 24192, .adv_w = 256, .box_w = 15, .box_h = 13, .ofs_x = 1, .ofs_y = -1},
    {.bitmap_index = 24217, .adv_w = 256, .box_w = 15, .box_h = 14, .ofs_x = 0, .ofs_y = -1},
    {.bitmap_index = 24244, .adv_w = 256, .box_w = 14, .box_h = 15, .ofs_x = 1, .ofs_y = -1},
    {.bitmap_index = 24271, .adv_w = 256, .box_w = 15, .box_h = 14, .ofs_x = 1, .ofs_y = -1},
    {.bitmap_index = 24298, .adv_w = 256, .box_w = 14, .box_h = 15, .ofs_x = 1, .ofs_y = -1},
    {.bitmap_index = 24325, .adv_w = 256, .box_w = 14, .box_h = 14, .ofs_x = 1, .ofs_y = -1},
    {.bitmap_index = 24350, .adv_w = 256, .box_w = 12, .box_h = 14, .ofs_x = 2, .ofs_y = -1},
    {.bitmap_index = 24371, .adv_w = 256, .box_w = 12, .box_h = 14, .ofs_x = 2, .ofs_y = -1},
    {.bitmap_index = 24392, .adv_w = 256, .box_w = 14, .box_h = 14, .ofs_x = 1, .ofs_y = -1},
    {.bitmap_index = 24417, .adv_w = 256, .box_w = 13, .box_h = 15, .ofs_x = 2, .ofs_y = -1},
    {.bitmap_index = 24442, .adv_w = 256, .box_w = 14, .box_h = 14, .ofs_x = 2, .ofs_y = -1},
    {.bitmap_index = 24467, .adv_w = 256, .box_w = 14, .box_h = 15, .ofs_x = 1, .ofs_y = -1},
    {.bitmap_index = 24494, .adv_w = 256, .box_w = 14, .box_h = 15, .ofs_x = 1, .ofs_y = -1},
    {.bitmap_index = 24521, .adv_w = 256, .box_w = 14, .box_h = 15, .ofs_x = 1, .ofs_y = -1},
    {.bitmap_index = 24548, .adv_w = 256, .box_w = 15, .box_h = 15, .ofs_x = 1, .ofs_y = -1},
    {.bitmap_index = 24577, .adv_w = 256, .box_w = 14, .box_h = 14, .ofs_x = 1, .ofs_y = -1},
    {.bitmap_index = 24602, .adv_w = 256, .box_w = 15, .box_h = 15, .ofs_x = 0, .ofs_y = -1},
    {.bitmap_index = 24631, .adv_w = 256, .box_w = 15, .box_h = 14, .ofs_x = 1, .ofs_y = -1},
    {.bitmap_index = 24658, .adv_w = 256, .box_w = 13, .box_h = 14, .ofs_x = 2, .ofs_y = -1},
    {.bitmap_index = 24681, .adv_w = 256, .box_w = 12, .box_h = 15, .ofs_x = 1, .ofs_y = -1},
    {.bitmap_index = 24704, .adv_w = 256, .box_w = 15, .box_h = 14, .ofs_x = 1, .ofs_y = -1},
    {.bitmap_index = 24731, .adv_w = 256, .box_w = 15, .box_h = 14, .ofs_x = 1, .ofs_y = -1},
    {.bitmap_index = 24758, .adv_w = 256, .box_w = 15, .box_h = 15, .ofs_x = 0, .ofs_y = -1},
    {.bitmap_index = 24787, .adv_w = 256, .box_w = 16, .box_h = 14, .ofs_x = 0, .ofs_y = -1},
    {.bitmap_index = 24815, .adv_w = 256, .box_w = 15, .box_h = 14, .ofs_x = 1, .ofs_y = -1},
    {.bitmap_index = 24842, .adv_w = 256, .box_w = 15, .box_h = 15, .ofs_x = 1, .ofs_y = -1},
    {.bitmap_index = 24871, .adv_w = 256, .box_w = 14, .box_h = 14, .ofs_x = 1, .ofs_y = -1},
    {.bitmap_index = 24896, .adv_w = 256, .box_w = 15, .box_h = 14, .ofs_x = 0, .ofs_y = -1},
    {.bitmap_index = 24923, .adv_w = 256, .box_w = 14, .box_h = 15, .ofs_x = 1, .ofs_y = -1},
    {.bitmap_index = 24950, .adv_w = 256, .box_w = 16, .box_h = 14, .ofs_x = 0, .ofs_y = -1},
    {.bitmap_index = 24978, .adv_w = 256, .box_w = 16, .box_h = 14, .ofs_x = 0, .ofs_y = -1},
    {.bitmap_index = 25006, .adv_w = 256, .box_w = 14, .box_h = 15, .ofs_x = 1, .ofs_y = -1},
    {.bitmap_index = 25033, .adv_w = 256, .box_w = 16, .box_h = 14, .ofs_x = 0, .ofs_y = -1},
    {.bitmap_index = 25061, .adv_w = 256, .box_w = 15, .box_h = 15, .ofs_x = 0, .ofs_y = -1},
    {.bitmap_index = 25090, .adv_w = 256, .box_w = 14, .box_h = 15, .ofs_x = 1, .ofs_y = -1},
    {.bitmap_index = 25117, .adv_w = 256, .box_w = 15, .box_h = 15, .ofs_x = 0, .ofs_y = -1},
    {.bitmap_index = 25146, .adv_w = 256, .box_w = 16, .box_h = 14, .ofs_x = 0, .ofs_y = -1},
    {.bitmap_index = 25174, .adv_w = 256, .box_w = 16, .box_h = 14, .ofs_x = 0, .ofs_y = -1},
    {.bitmap_index = 25202, .adv_w = 256, .box_w = 15, .box_h = 15, .ofs_x = 1, .ofs_y = -1},
    {.bitmap_index = 25231, .adv_w = 256, .box_w = 15, .box_h = 15, .ofs_x = 0, .ofs_y = -1},
    {.bitmap_index = 25260, .adv_w = 256, .box_w = 15, .box_h = 14, .ofs_x = 1, .ofs_y = -1},
    {.bitmap_index = 25287, .adv_w = 256, .box_w = 15, .box_h = 14, .ofs_x = 0, .ofs_y = -1},
    {.bitmap_index = 25314, .adv_w = 256, .box_w = 15, .box_h = 15, .ofs_x = 0, .ofs_y = -1},
    {.bitmap_index = 25343, .adv_w = 256, .box_w = 16, .box_h = 15, .ofs_x = 0, .ofs_y = -1},
    {.bitmap_index = 25373, .adv_w = 256, .box_w = 15, .box_h = 14, .ofs_x = 0, .ofs_y = -1},
    {.bitmap_index = 25400, .adv_w = 256, .box_w = 16, .box_h = 15, .ofs_x = 0, .ofs_y = -1},
    {.bitmap_index = 25430, .adv_w = 256, .box_w = 14, .box_h = 14, .ofs_x = 1, .ofs_y = -1},
    {.bitmap_index = 25455, .adv_w = 256, .box_w = 14, .box_h = 14, .ofs_x = 1, .ofs_y = -1},
    {.bitmap_index = 25480, .adv_w = 256, .box_w = 14, .box_h = 14, .ofs_x = 1, .ofs_y = -1},
    {.bitmap_index = 25505, .adv_w = 256, .box_w = 14, .box_h = 14, .ofs_x = 1, .ofs_y = -1},
    {.bitmap_index = 25530, .adv_w = 256, .box_w = 15, .box_h = 15, .ofs_x = 1, .ofs_y = -1},
    {.bitmap_index = 25559, .adv_w = 256, .box_w = 14, .box_h = 13, .ofs_x = 1, .ofs_y = -1},
    {.bitmap_index = 25582, .adv_w = 256, .box_w = 15, .box_h = 15, .ofs_x = 0, .ofs_y = -1},
    {.bitmap_index = 25611, .adv_w = 256, .box_w = 14, .box_h = 15, .ofs_x = 1, .ofs_y = -1},
    {.bitmap_index = 25638, .adv_w = 256, .box_w = 14, .box_h = 14, .ofs_x = 1, .ofs_y = -1},
    {.bitmap_index = 25663, .adv_w = 256, .box_w = 14, .box_h = 15, .ofs_x = 1, .ofs_y = -1},
    {.bitmap_index = 25690, .adv_w = 256, .box_w = 15, .box_h = 15, .ofs_x = 1, .ofs_y = -1},
    {.bitmap_index = 25719, .adv_w = 256, .box_w = 15, .box_h = 14, .ofs_x = 1, .ofs_y = -1},
    {.bitmap_index = 25746, .adv_w = 256, .box_w = 14, .box_h = 15, .ofs_x = 1, .ofs_y = -1},
    {.bitmap_index = 25773, .adv_w = 256, .box_w = 15, .box_h = 15, .ofs_x = 1, .ofs_y = -1},
    {.bitmap_index = 25802, .adv_w = 256, .box_w = 14, .box_h = 14, .ofs_x = 1, .ofs_y = -1},
    {.bitmap_index = 25827, .adv_w = 256, .box_w = 14, .box_h = 14, .ofs_x = 1, .ofs_y = -1},
    {.bitmap_index = 25852, .adv_w = 256, .box_w = 15, .box_h = 14, .ofs_x = 0, .ofs_y = -1},
    {.bitmap_index = 25879, .adv_w = 256, .box_w = 14, .box_h = 15, .ofs_x = 1, .ofs_y = -1},
    {.bitmap_index = 25906, .adv_w = 256, .box_w = 15, .box_h = 15, .ofs_x = 1, .ofs_y = -1},
    {.bitmap_index = 25935, .adv_w = 256, .box_w = 14, .box_h = 14, .ofs_x = 1, .ofs_y = -1},
    {.bitmap_index = 25960, .adv_w = 256, .box_w = 14, .box_h = 14, .ofs_x = 1, .ofs_y = -1},
    {.bitmap_index = 25985, .adv_w = 256, .box_w = 15, .box_h = 14, .ofs_x = 0, .ofs_y = -1},
    {.bitmap_index = 26012, .adv_w = 256, .box_w = 15, .box_h = 14, .ofs_x = 0, .ofs_y = -1},
    {.bitmap_index = 26039, .adv_w = 256, .box_w = 15, .box_h = 14, .ofs_x = 1, .ofs_y = -1},
    {.bitmap_index = 26066, .adv_w = 256, .box_w = 15, .box_h = 14, .ofs_x = 0, .ofs_y = -1},
    {.bitmap_index = 26093, .adv_w = 256, .box_w = 14, .box_h = 14, .ofs_x = 1, .ofs_y = -1},
    {.bitmap_index = 26118, .adv_w = 256, .box_w = 15, .box_h = 15, .ofs_x = 1, .ofs_y = -1},
    {.bitmap_index = 26147, .adv_w = 256, .box_w = 15, .box_h = 14, .ofs_x = 0, .ofs_y = -1},
    {.bitmap_index = 26174, .adv_w = 256, .box_w = 15, .box_h = 14, .ofs_x = 1, .ofs_y = -1},
    {.bitmap_index = 26201, .adv_w = 256, .box_w = 15, .box_h = 14, .ofs_x = 1, .ofs_y = -1},
    {.bitmap_index = 26228, .adv_w = 256, .box_w = 14, .box_h = 14, .ofs_x = 1, .ofs_y = -1},
    {.bitmap_index = 26253, .adv_w = 256, .box_w = 14, .box_h = 14, .ofs_x = 1, .ofs_y = -1},
    {.bitmap_index = 26278, .adv_w = 256, .box_w = 14, .box_h = 14, .ofs_x = 1, .ofs_y = -1},
    {.bitmap_index = 26303, .adv_w = 256, .box_w = 15, .box_h = 14, .ofs_x = 1, .ofs_y = -1},
    {.bitmap_index = 26330, .adv_w = 256, .box_w = 15, .box_h = 14, .ofs_x = 1, .ofs_y = -1},
    {.bitmap_index = 26357, .adv_w = 256, .box_w = 14, .box_h = 15, .ofs_x = 1, .ofs_y = -1},
    {.bitmap_index = 26384, .adv_w = 256, .box_w = 15, .box_h = 15, .ofs_x = 1, .ofs_y = -1},
    {.bitmap_index = 26413, .adv_w = 256, .box_w = 15, .box_h = 14, .ofs_x = 1, .ofs_y = -1},
    {.bitmap_index = 26440, .adv_w = 256, .box_w = 15, .box_h = 14, .ofs_x = 0, .ofs_y = -1},
    {.bitmap_index = 26467, .adv_w = 256, .box_w = 14, .box_h = 14, .ofs_x = 1, .ofs_y = -1},
    {.bitmap_index = 26492, .adv_w = 256, .box_w = 13, .box_h = 14, .ofs_x = 1, .ofs_y = -1},
    {.bitmap_index = 26515, .adv_w = 256, .box_w = 15, .box_h = 14, .ofs_x = 1, .ofs_y = -1},
    {.bitmap_index = 26542, .adv_w = 256, .box_w = 14, .box_h = 15, .ofs_x = 1, .ofs_y = -1},
    {.bitmap_index = 26569, .adv_w = 256, .box_w = 14, .box_h = 14, .ofs_x = 1, .ofs_y = -1},
    {.bitmap_index = 26594, .adv_w = 256, .box_w = 14, .box_h = 14, .ofs_x = 1, .ofs_y = -1},
    {.bitmap_index = 26619, .adv_w = 256, .box_w = 14, .box_h = 14, .ofs_x = 1, .ofs_y = -1},
    {.bitmap_index = 26644, .adv_w = 256, .box_w = 14, .box_h = 14, .ofs_x = 1, .ofs_y = -1},
    {.bitmap_index = 26669, .adv_w = 256, .box_w = 15, .box_h = 14, .ofs_x = 1, .ofs_y = -1},
    {.bitmap_index = 26696, .adv_w = 256, .box_w = 15, .box_h = 14, .ofs_x = 1, .ofs_y = -1},
    {.bitmap_index = 26723, .adv_w = 256, .box_w = 15, .box_h = 14, .ofs_x = 1, .ofs_y = -1},
    {.bitmap_index = 26750, .adv_w = 256, .box_w = 15, .box_h = 14, .ofs_x = 0, .ofs_y = -1},
    {.bitmap_index = 26777, .adv_w = 256, .box_w = 15, .box_h = 14, .ofs_x = 1, .ofs_y = -1},
    {.bitmap_index = 26804, .adv_w = 256, .box_w = 15, .box_h = 14, .ofs_x = 1, .ofs_y = -1},
    {.bitmap_index = 26831, .adv_w = 256, .box_w = 15, .box_h = 14, .ofs_x = 0, .ofs_y = -1},
    {.bitmap_index = 26858, .adv_w = 256, .box_w = 14, .box_h = 14, .ofs_x = 1, .ofs_y = -1},
    {.bitmap_index = 26883, .adv_w = 256, .box_w = 15, .box_h = 14, .ofs_x = 1, .ofs_y = -1},
    {.bitmap_index = 26910, .adv_w = 256, .box_w = 14, .box_h = 15, .ofs_x = 1, .ofs_y = -1},
    {.bitmap_index = 26937, .adv_w = 256, .box_w = 15, .box_h = 14, .ofs_x = 0, .ofs_y = -1},
    {.bitmap_index = 26964, .adv_w = 256, .box_w = 15, .box_h = 14, .ofs_x = 0, .ofs_y = -1},
    {.bitmap_index = 26991, .adv_w = 256, .box_w = 14, .box_h = 15, .ofs_x = 1, .ofs_y = -1},
    {.bitmap_index = 27018, .adv_w = 256, .box_w = 14, .box_h = 14, .ofs_x = 1, .ofs_y = -1},
    {.bitmap_index = 27043, .adv_w = 256, .box_w = 14, .box_h = 15, .ofs_x = 1, .ofs_y = -1},
    {.bitmap_index = 27070, .adv_w = 256, .box_w = 15, .box_h = 14, .ofs_x = 0, .ofs_y = -1},
    {.bitmap_index = 27097, .adv_w = 256, .box_w = 14, .box_h = 14, .ofs_x = 1, .ofs_y = -1},
    {.bitmap_index = 27122, .adv_w = 256, .box_w = 14, .box_h = 14, .ofs_x = 1, .ofs_y = -1},
    {.bitmap_index = 27147, .adv_w = 256, .box_w = 14, .box_h = 14, .ofs_x = 1, .ofs_y = -1},
    {.bitmap_index = 27172, .adv_w = 256, .box_w = 15, .box_h = 14, .ofs_x = 1, .ofs_y = -1},
    {.bitmap_index = 27199, .adv_w = 256, .box_w = 15, .box_h = 14, .ofs_x = 1, .ofs_y = -1},
    {.bitmap_index = 27226, .adv_w = 256, .box_w = 15, .box_h = 14, .ofs_x = 0, .ofs_y = -1},
    {.bitmap_index = 27253, .adv_w = 256, .box_w = 15, .box_h = 14, .ofs_x = 0, .ofs_y = -1},
    {.bitmap_index = 27280, .adv_w = 256, .box_w = 16, .box_h = 15, .ofs_x = 0, .ofs_y = -2},
    {.bitmap_index = 27310, .adv_w = 256, .box_w = 15, .box_h = 14, .ofs_x = 0, .ofs_y = -1},
    {.bitmap_index = 27337, .adv_w = 256, .box_w = 14, .box_h = 14, .ofs_x = 1, .ofs_y = -1},
    {.bitmap_index = 27362, .adv_w = 256, .box_w = 14, .box_h = 14, .ofs_x = 1, .ofs_y = -1},
    {.bitmap_index = 27387, .adv_w = 256, .box_w = 16, .box_h = 14, .ofs_x = 0, .ofs_y = -1},
    {.bitmap_index = 27415, .adv_w = 256, .box_w = 14, .box_h = 14, .ofs_x = 1, .ofs_y = -1},
    {.bitmap_index = 27440, .adv_w = 256, .box_w = 15, .box_h = 15, .ofs_x = 1, .ofs_y = -1},
    {.bitmap_index = 27469, .adv_w = 256, .box_w = 15, .box_h = 15, .ofs_x = 0, .ofs_y = -1},
    {.bitmap_index = 27498, .adv_w = 256, .box_w = 15, .box_h = 14, .ofs_x = 1, .ofs_y = -1},
    {.bitmap_index = 27525, .adv_w = 256, .box_w = 14, .box_h = 15, .ofs_x = 1, .ofs_y = -1},
    {.bitmap_index = 27552, .adv_w = 256, .box_w = 14, .box_h = 14, .ofs_x = 1, .ofs_y = -1},
    {.bitmap_index = 27577, .adv_w = 256, .box_w = 15, .box_h = 15, .ofs_x = 0, .ofs_y = -1},
    {.bitmap_index = 27606, .adv_w = 256, .box_w = 15, .box_h = 14, .ofs_x = 1, .ofs_y = -1},
    {.bitmap_index = 27633, .adv_w = 256, .box_w = 15, .box_h = 14, .ofs_x = 1, .ofs_y = -1},
    {.bitmap_index = 27660, .adv_w = 256, .box_w = 15, .box_h = 14, .ofs_x = 0, .ofs_y = -1},
    {.bitmap_index = 27687, .adv_w = 256, .box_w = 15, .box_h = 14, .ofs_x = 0, .ofs_y = -1},
    {.bitmap_index = 27714, .adv_w = 256, .box_w = 15, .box_h = 14, .ofs_x = 0, .ofs_y = -1},
    {.bitmap_index = 27741, .adv_w = 256, .box_w = 15, .box_h = 14, .ofs_x = 1, .ofs_y = -1},
    {.bitmap_index = 27768, .adv_w = 256, .box_w = 14, .box_h = 14, .ofs_x = 1, .ofs_y = -1},
    {.bitmap_index = 27793, .adv_w = 256, .box_w = 14, .box_h = 14, .ofs_x = 1, .ofs_y = -1},
    {.bitmap_index = 27818, .adv_w = 256, .box_w = 14, .box_h = 14, .ofs_x = 1, .ofs_y = -1},
    {.bitmap_index = 27843, .adv_w = 256, .box_w = 14, .box_h = 14, .ofs_x = 1, .ofs_y = -1},
    {.bitmap_index = 27868, .adv_w = 256, .box_w = 15, .box_h = 14, .ofs_x = 0, .ofs_y = -1},
    {.bitmap_index = 27895, .adv_w = 256, .box_w = 14, .box_h = 15, .ofs_x = 1, .ofs_y = -1},
    {.bitmap_index = 27922, .adv_w = 256, .box_w = 16, .box_h = 14, .ofs_x = 0, .ofs_y = -1},
    {.bitmap_index = 27950, .adv_w = 256, .box_w = 15, .box_h = 15, .ofs_x = 1, .ofs_y = -1},
    {.bitmap_index = 27979, .adv_w = 256, .box_w = 14, .box_h = 14, .ofs_x = 1, .ofs_y = -1},
    {.bitmap_index = 28004, .adv_w = 256, .box_w = 15, .box_h = 14, .ofs_x = 0, .ofs_y = -1},
    {.bitmap_index = 28031, .adv_w = 256, .box_w = 16, .box_h = 14, .ofs_x = 0, .ofs_y = -1},
    {.bitmap_index = 28059, .adv_w = 256, .box_w = 15, .box_h = 14, .ofs_x = 0, .ofs_y = -1},
    {.bitmap_index = 28086, .adv_w = 256, .box_w = 15, .box_h = 14, .ofs_x = 1, .ofs_y = -1},
    {.bitmap_index = 28113, .adv_w = 256, .box_w = 15, .box_h = 15, .ofs_x = 0, .ofs_y = -1},
    {.bitmap_index = 28142, .adv_w = 256, .box_w = 14, .box_h = 14, .ofs_x = 1, .ofs_y = -1},
    {.bitmap_index = 28167, .adv_w = 256, .box_w = 16, .box_h = 14, .ofs_x = 0, .ofs_y = -1},
    {.bitmap_index = 28195, .adv_w = 256, .box_w = 15, .box_h = 15, .ofs_x = 0, .ofs_y = -1},
    {.bitmap_index = 28224, .adv_w = 256, .box_w = 15, .box_h = 15, .ofs_x = 0, .ofs_y = -1},
    {.bitmap_index = 28253, .adv_w = 256, .box_w = 15, .box_h = 15, .ofs_x = 1, .ofs_y = -1},
    {.bitmap_index = 28282, .adv_w = 256, .box_w = 14, .box_h = 15, .ofs_x = 1, .ofs_y = -1},
    {.bitmap_index = 28309, .adv_w = 256, .box_w = 15, .box_h = 15, .ofs_x = 0, .ofs_y = -1},
    {.bitmap_index = 28338, .adv_w = 256, .box_w = 13, .box_h = 15, .ofs_x = 2, .ofs_y = -1},
    {.bitmap_index = 28363, .adv_w = 256, .box_w = 15, .box_h = 14, .ofs_x = 1, .ofs_y = -1},
    {.bitmap_index = 28390, .adv_w = 256, .box_w = 15, .box_h = 15, .ofs_x = 0, .ofs_y = -1},
    {.bitmap_index = 28419, .adv_w = 256, .box_w = 16, .box_h = 15, .ofs_x = 0, .ofs_y = -1},
    {.bitmap_index = 28449, .adv_w = 256, .box_w = 14, .box_h = 15, .ofs_x = 1, .ofs_y = -1},
    {.bitmap_index = 28476, .adv_w = 256, .box_w = 13, .box_h = 15, .ofs_x = 0, .ofs_y = -1},
    {.bitmap_index = 28501, .adv_w = 256, .box_w = 14, .box_h = 15, .ofs_x = 0, .ofs_y = -1},
    {.bitmap_index = 28528, .adv_w = 256, .box_w = 15, .box_h = 14, .ofs_x = 1, .ofs_y = -1},
    {.bitmap_index = 28555, .adv_w = 256, .box_w = 14, .box_h = 15, .ofs_x = 0, .ofs_y = -1},
    {.bitmap_index = 28582, .adv_w = 256, .box_w = 14, .box_h = 15, .ofs_x = 0, .ofs_y = -1},
    {.bitmap_index = 28609, .adv_w = 256, .box_w = 15, .box_h = 15, .ofs_x = 1, .ofs_y = -1},
    {.bitmap_index = 28638, .adv_w = 256, .box_w = 15, .box_h = 14, .ofs_x = 0, .ofs_y = -1},
    {.bitmap_index = 28665, .adv_w = 256, .box_w = 15, .box_h = 14, .ofs_x = 1, .ofs_y = -1},
    {.bitmap_index = 28692, .adv_w = 256, .box_w = 15, .box_h = 14, .ofs_x = 1, .ofs_y = -1},
    {.bitmap_index = 28719, .adv_w = 256, .box_w = 15, .box_h = 14, .ofs_x = 0, .ofs_y = -1},
    {.bitmap_index = 28746, .adv_w = 256, .box_w = 15, .box_h = 14, .ofs_x = 0, .ofs_y = -1},
    {.bitmap_index = 28773, .adv_w = 256, .box_w = 15, .box_h = 14, .ofs_x = 0, .ofs_y = -1},
    {.bitmap_index = 28800, .adv_w = 256, .box_w = 16, .box_h = 14, .ofs_x = 0, .ofs_y = -1},
    {.bitmap_index = 28828, .adv_w = 256, .box_w = 15, .box_h = 14, .ofs_x = 0, .ofs_y = -1},
    {.bitmap_index = 28855, .adv_w = 256, .box_w = 14, .box_h = 14, .ofs_x = 0, .ofs_y = -1},
    {.bitmap_index = 28880, .adv_w = 256, .box_w = 15, .box_h = 15, .ofs_x = 0, .ofs_y = -1},
    {.bitmap_index = 28909, .adv_w = 256, .box_w = 15, .box_h = 14, .ofs_x = 1, .ofs_y = -1},
    {.bitmap_index = 28936, .adv_w = 256, .box_w = 14, .box_h = 14, .ofs_x = 0, .ofs_y = -1},
    {.bitmap_index = 28961, .adv_w = 256, .box_w = 15, .box_h = 14, .ofs_x = 0, .ofs_y = -1},
    {.bitmap_index = 28988, .adv_w = 256, .box_w = 14, .box_h = 14, .ofs_x = 1, .ofs_y = -1},
    {.bitmap_index = 29013, .adv_w = 256, .box_w = 16, .box_h = 14, .ofs_x = 0, .ofs_y = -1},
    {.bitmap_index = 29041, .adv_w = 256, .box_w = 16, .box_h = 15, .ofs_x = 0, .ofs_y = -1},
    {.bitmap_index = 29071, .adv_w = 256, .box_w = 15, .box_h = 14, .ofs_x = 0, .ofs_y = -1},
    {.bitmap_index = 29098, .adv_w = 256, .box_w = 14, .box_h = 14, .ofs_x = 1, .ofs_y = -1},
    {.bitmap_index = 29123, .adv_w = 256, .box_w = 15, .box_h = 14, .ofs_x = 0, .ofs_y = -1},
    {.bitmap_index = 29150, .adv_w = 256, .box_w = 15, .box_h = 14, .ofs_x = 0, .ofs_y = -1},
    {.bitmap_index = 29177, .adv_w = 256, .box_w = 14, .box_h = 14, .ofs_x = 1, .ofs_y = -1},
    {.bitmap_index = 29202, .adv_w = 256, .box_w = 14, .box_h = 14, .ofs_x = 1, .ofs_y = -1},
    {.bitmap_index = 29227, .adv_w = 256, .box_w = 15, .box_h = 14, .ofs_x = 0, .ofs_y = -1},
    {.bitmap_index = 29254, .adv_w = 256, .box_w = 15, .box_h = 14, .ofs_x = 1, .ofs_y = -1},
    {.bitmap_index = 29281, .adv_w = 256, .box_w = 14, .box_h = 14, .ofs_x = 1, .ofs_y = -1},
    {.bitmap_index = 29306, .adv_w = 256, .box_w = 14, .box_h = 14, .ofs_x = 1, .ofs_y = -1},
    {.bitmap_index = 29331, .adv_w = 256, .box_w = 15, .box_h = 15, .ofs_x = 0, .ofs_y = -2},
    {.bitmap_index = 29360, .adv_w = 256, .box_w = 16, .box_h = 14, .ofs_x = 0, .ofs_y = -1},
    {.bitmap_index = 29388, .adv_w = 256, .box_w = 15, .box_h = 15, .ofs_x = 0, .ofs_y = -1},
    {.bitmap_index = 29417, .adv_w = 256, .box_w = 15, .box_h = 14, .ofs_x = 0, .ofs_y = -1},
    {.bitmap_index = 29444, .adv_w = 256, .box_w = 15, .box_h = 14, .ofs_x = 1, .ofs_y = -1},
    {.bitmap_index = 29471, .adv_w = 256, .box_w = 15, .box_h = 14, .ofs_x = 0, .ofs_y = -1},
    {.bitmap_index = 29498, .adv_w = 256, .box_w = 15, .box_h = 14, .ofs_x = 0, .ofs_y = -1},
    {.bitmap_index = 29525, .adv_w = 256, .box_w = 14, .box_h = 14, .ofs_x = 1, .ofs_y = -1},
    {.bitmap_index = 29550, .adv_w = 256, .box_w = 15, .box_h = 14, .ofs_x = 0, .ofs_y = -1},
    {.bitmap_index = 29577, .adv_w = 256, .box_w = 15, .box_h = 14, .ofs_x = 0, .ofs_y = -1},
    {.bitmap_index = 29604, .adv_w = 256, .box_w = 15, .box_h = 14, .ofs_x = 0, .ofs_y = -1},
    {.bitmap_index = 29631, .adv_w = 256, .box_w = 15, .box_h = 14, .ofs_x = 0, .ofs_y = -1},
    {.bitmap_index = 29658, .adv_w = 256, .box_w = 15, .box_h = 14, .ofs_x = 1, .ofs_y = -1},
    {.bitmap_index = 29685, .adv_w = 256, .box_w = 16, .box_h = 14, .ofs_x = 0, .ofs_y = -1},
    {.bitmap_index = 29713, .adv_w = 256, .box_w = 16, .box_h = 14, .ofs_x = 0, .ofs_y = -1},
    {.bitmap_index = 29741, .adv_w = 256, .box_w = 16, .box_h = 14, .ofs_x = 0, .ofs_y = -1},
    {.bitmap_index = 29769, .adv_w = 256, .box_w = 14, .box_h = 14, .ofs_x = 1, .ofs_y = -1},
    {.bitmap_index = 29794, .adv_w = 256, .box_w = 15, .box_h = 14, .ofs_x = 0, .ofs_y = -1},
    {.bitmap_index = 29821, .adv_w = 256, .box_w = 14, .box_h = 14, .ofs_x = 1, .ofs_y = -1},
    {.bitmap_index = 29846, .adv_w = 256, .box_w = 15, .box_h = 14, .ofs_x = 0, .ofs_y = -1},
    {.bitmap_index = 29873, .adv_w = 256, .box_w = 15, .box_h = 14, .ofs_x = 0, .ofs_y = -1},
    {.bitmap_index = 29900, .adv_w = 256, .box_w = 15, .box_h = 14, .ofs_x = 1, .ofs_y = -1},
    {.bitmap_index = 29927, .adv_w = 256, .box_w = 16, .box_h = 14, .ofs_x = 0, .ofs_y = -1},
    {.bitmap_index = 29955, .adv_w = 256, .box_w = 14, .box_h = 14, .ofs_x = 0, .ofs_y = -1},
    {.bitmap_index = 29980, .adv_w = 256, .box_w = 14, .box_h = 14, .ofs_x = 1, .ofs_y = -1},
    {.bitmap_index = 30005, .adv_w = 256, .box_w = 15, .box_h = 14, .ofs_x = 0, .ofs_y = -1},
    {.bitmap_index = 30032, .adv_w = 256, .box_w = 16, .box_h = 14, .ofs_x = 0, .ofs_y = -1},
    {.bitmap_index = 30060, .adv_w = 256, .box_w = 15, .box_h = 14, .ofs_x = 0, .ofs_y = -1},
    {.bitmap_index = 30087, .adv_w = 256, .box_w = 15, .box_h = 14, .ofs_x = 0, .ofs_y = -1},
    {.bitmap_index = 30114, .adv_w = 256, .box_w = 15, .box_h = 14, .ofs_x = 1, .ofs_y = -1},
    {.bitmap_index = 30141, .adv_w = 256, .box_w = 14, .box_h = 14, .ofs_x = 0, .ofs_y = -1},
    {.bitmap_index = 30166, .adv_w = 256, .box_w = 14, .box_h = 15, .ofs_x = 1, .ofs_y = -1},
    {.bitmap_index = 30193, .adv_w = 256, .box_w = 14, .box_h = 14, .ofs_x = 1, .ofs_y = -1},
    {.bitmap_index = 30218, .adv_w = 256, .box_w = 15, .box_h = 14, .ofs_x = 1, .ofs_y = -1},
    {.bitmap_index = 30245, .adv_w = 256, .box_w = 16, .box_h = 14, .ofs_x = 0, .ofs_y = -1},
    {.bitmap_index = 30273, .adv_w = 256, .box_w = 15, .box_h = 14, .ofs_x = 1, .ofs_y = -1},
    {.bitmap_index = 30300, .adv_w = 256, .box_w = 14, .box_h = 14, .ofs_x = 1, .ofs_y = -1},
    {.bitmap_index = 30325, .adv_w = 256, .box_w = 14, .box_h = 14, .ofs_x = 1, .ofs_y = -1},
    {.bitmap_index = 30350, .adv_w = 256, .box_w = 14, .box_h = 14, .ofs_x = 1, .ofs_y = -1},
    {.bitmap_index = 30375, .adv_w = 256, .box_w = 15, .box_h = 14, .ofs_x = 0, .ofs_y = -1},
    {.bitmap_index = 30402, .adv_w = 256, .box_w = 15, .box_h = 14, .ofs_x = 0, .ofs_y = -1},
    {.bitmap_index = 30429, .adv_w = 256, .box_w = 15, .box_h = 14, .ofs_x = 1, .ofs_y = -1},
    {.bitmap_index = 30456, .adv_w = 256, .box_w = 15, .box_h = 14, .ofs_x = 1, .ofs_y = -1},
    {.bitmap_index = 30483, .adv_w = 256, .box_w = 14, .box_h = 14, .ofs_x = 1, .ofs_y = -1},
    {.bitmap_index = 30508, .adv_w = 256, .box_w = 16, .box_h = 15, .ofs_x = 0, .ofs_y = -1},
    {.bitmap_index = 30538, .adv_w = 256, .box_w = 15, .box_h = 14, .ofs_x = 1, .ofs_y = -1},
    {.bitmap_index = 30565, .adv_w = 256, .box_w = 15, .box_h = 14, .ofs_x = 1, .ofs_y = -1},
    {.bitmap_index = 30592, .adv_w = 256, .box_w = 15, .box_h = 14, .ofs_x = 1, .ofs_y = -1},
    {.bitmap_index = 30619, .adv_w = 256, .box_w = 15, .box_h = 14, .ofs_x = 0, .ofs_y = -1},
    {.bitmap_index = 30646, .adv_w = 256, .box_w = 15, .box_h = 15, .ofs_x = 0, .ofs_y = -1},
    {.bitmap_index = 30675, .adv_w = 256, .box_w = 15, .box_h = 14, .ofs_x = 0, .ofs_y = -1},
    {.bitmap_index = 30702, .adv_w = 256, .box_w = 15, .box_h = 14, .ofs_x = 1, .ofs_y = -1},
    {.bitmap_index = 30729, .adv_w = 256, .box_w = 16, .box_h = 14, .ofs_x = 0, .ofs_y = -1},
    {.bitmap_index = 30757, .adv_w = 256, .box_w = 15, .box_h = 14, .ofs_x = 0, .ofs_y = -1},
    {.bitmap_index = 30784, .adv_w = 256, .box_w = 16, .box_h = 14, .ofs_x = 0, .ofs_y = -1},
    {.bitmap_index = 30812, .adv_w = 256, .box_w = 14, .box_h = 15, .ofs_x = 1, .ofs_y = -1},
    {.bitmap_index = 30839, .adv_w = 256, .box_w = 15, .box_h = 15, .ofs_x = 1, .ofs_y = -1},
    {.bitmap_index = 30868, .adv_w = 256, .box_w = 14, .box_h = 15, .ofs_x = 1, .ofs_y = -1},
    {.bitmap_index = 30895, .adv_w = 256, .box_w = 15, .box_h = 14, .ofs_x = 0, .ofs_y = -1},
    {.bitmap_index = 30922, .adv_w = 256, .box_w = 14, .box_h = 14, .ofs_x = 1, .ofs_y = -1},
    {.bitmap_index = 30947, .adv_w = 256, .box_w = 15, .box_h = 14, .ofs_x = 1, .ofs_y = -1},
    {.bitmap_index = 30974, .adv_w = 256, .box_w = 14, .box_h = 14, .ofs_x = 1, .ofs_y = -1},
    {.bitmap_index = 30999, .adv_w = 256, .box_w = 15, .box_h = 14, .ofs_x = 1, .ofs_y = -1},
    {.bitmap_index = 31026, .adv_w = 256, .box_w = 15, .box_h = 14, .ofs_x = 0, .ofs_y = -1},
    {.bitmap_index = 31053, .adv_w = 256, .box_w = 15, .box_h = 14, .ofs_x = 1, .ofs_y = -1},
    {.bitmap_index = 31080, .adv_w = 256, .box_w = 15, .box_h = 14, .ofs_x = 1, .ofs_y = -1},
    {.bitmap_index = 31107, .adv_w = 256, .box_w = 15, .box_h = 14, .ofs_x = 1, .ofs_y = -1},
    {.bitmap_index = 31134, .adv_w = 256, .box_w = 15, .box_h = 14, .ofs_x = 1, .ofs_y = -1},
    {.bitmap_index = 31161, .adv_w = 256, .box_w = 14, .box_h = 14, .ofs_x = 0, .ofs_y = -1},
    {.bitmap_index = 31186, .adv_w = 256, .box_w = 14, .box_h = 14, .ofs_x = 1, .ofs_y = -1},
    {.bitmap_index = 31211, .adv_w = 256, .box_w = 15, .box_h = 14, .ofs_x = 1, .ofs_y = -1},
    {.bitmap_index = 31238, .adv_w = 256, .box_w = 14, .box_h = 14, .ofs_x = 1, .ofs_y = -1},
    {.bitmap_index = 31263, .adv_w = 256, .box_w = 16, .box_h = 14, .ofs_x = 0, .ofs_y = -1},
    {.bitmap_index = 31291, .adv_w = 256, .box_w = 16, .box_h = 14, .ofs_x = 0, .ofs_y = -1},
    {.bitmap_index = 31319, .adv_w = 256, .box_w = 15, .box_h = 14, .ofs_x = 0, .ofs_y = -1},
    {.bitmap_index = 31346, .adv_w = 256, .box_w = 15, .box_h = 15, .ofs_x = 1, .ofs_y = -1},
    {.bitmap_index = 31375, .adv_w = 256, .box_w = 16, .box_h = 14, .ofs_x = 0, .ofs_y = -1},
    {.bitmap_index = 31403, .adv_w = 256, .box_w = 15, .box_h = 14, .ofs_x = 1, .ofs_y = -1},
    {.bitmap_index = 31430, .adv_w = 256, .box_w = 15, .box_h = 14, .ofs_x = 1, .ofs_y = -1},
    {.bitmap_index = 31457, .adv_w = 256, .box_w = 14, .box_h = 14, .ofs_x = 1, .ofs_y = -1},
    {.bitmap_index = 31482, .adv_w = 256, .box_w = 15, .box_h = 14, .ofs_x = 0, .ofs_y = -1},
    {.bitmap_index = 31509, .adv_w = 256, .box_w = 15, .box_h = 14, .ofs_x = 1, .ofs_y = -1},
    {.bitmap_index = 31536, .adv_w = 256, .box_w = 15, .box_h = 14, .ofs_x = 1, .ofs_y = -1},
    {.bitmap_index = 31563, .adv_w = 256, .box_w = 16, .box_h = 15, .ofs_x = 0, .ofs_y = -1},
    {.bitmap_index = 31593, .adv_w = 256, .box_w = 15, .box_h = 14, .ofs_x = 1, .ofs_y = -1},
    {.bitmap_index = 31620, .adv_w = 256, .box_w = 15, .box_h = 14, .ofs_x = 1, .ofs_y = -1},
    {.bitmap_index = 31647, .adv_w = 256, .box_w = 15, .box_h = 14, .ofs_x = 1, .ofs_y = -1},
    {.bitmap_index = 31674, .adv_w = 256, .box_w = 15, .box_h = 15, .ofs_x = 1, .ofs_y = -1},
    {.bitmap_index = 31703, .adv_w = 256, .box_w = 15, .box_h = 14, .ofs_x = 0, .ofs_y = -1},
    {.bitmap_index = 31730, .adv_w = 256, .box_w = 14, .box_h = 14, .ofs_x = 1, .ofs_y = -1},
    {.bitmap_index = 31755, .adv_w = 256, .box_w = 14, .box_h = 14, .ofs_x = 0, .ofs_y = -1},
    {.bitmap_index = 31780, .adv_w = 256, .box_w = 14, .box_h = 14, .ofs_x = 1, .ofs_y = -1},
    {.bitmap_index = 31805, .adv_w = 256, .box_w = 15, .box_h = 14, .ofs_x = 1, .ofs_y = -1},
    {.bitmap_index = 31832, .adv_w = 256, .box_w = 14, .box_h = 14, .ofs_x = 1, .ofs_y = -1},
    {.bitmap_index = 31857, .adv_w = 256, .box_w = 14, .box_h = 14, .ofs_x = 1, .ofs_y = -1},
    {.bitmap_index = 31882, .adv_w = 256, .box_w = 15, .box_h = 14, .ofs_x = 1, .ofs_y = -1},
    {.bitmap_index = 31909, .adv_w = 256, .box_w = 15, .box_h = 15, .ofs_x = 0, .ofs_y = -1},
    {.bitmap_index = 31938, .adv_w = 256, .box_w = 15, .box_h = 14, .ofs_x = 1, .ofs_y = -1},
    {.bitmap_index = 31965, .adv_w = 256, .box_w = 15, .box_h = 14, .ofs_x = 1, .ofs_y = -1},
    {.bitmap_index = 31992, .adv_w = 256, .box_w = 15, .box_h = 14, .ofs_x = 1, .ofs_y = -1},
    {.bitmap_index = 32019, .adv_w = 256, .box_w = 15, .box_h = 14, .ofs_x = 1, .ofs_y = -1},
    {.bitmap_index = 32046, .adv_w = 256, .box_w = 14, .box_h = 14, .ofs_x = 1, .ofs_y = -1},
    {.bitmap_index = 32071, .adv_w = 256, .box_w = 15, .box_h = 14, .ofs_x = 1, .ofs_y = -1},
    {.bitmap_index = 32098, .adv_w = 256, .box_w = 15, .box_h = 14, .ofs_x = 0, .ofs_y = -1},
    {.bitmap_index = 32125, .adv_w = 256, .box_w = 14, .box_h = 14, .ofs_x = 1, .ofs_y = -1},
    {.bitmap_index = 32150, .adv_w = 256, .box_w = 14, .box_h = 14, .ofs_x = 1, .ofs_y = -1},
    {.bitmap_index = 32175, .adv_w = 256, .box_w = 15, .box_h = 14, .ofs_x = 1, .ofs_y = -1},
    {.bitmap_index = 32202, .adv_w = 256, .box_w = 14, .box_h = 14, .ofs_x = 1, .ofs_y = -1},
    {.bitmap_index = 32227, .adv_w = 256, .box_w = 15, .box_h = 14, .ofs_x = 1, .ofs_y = -1},
    {.bitmap_index = 32254, .adv_w = 256, .box_w = 15, .box_h = 14, .ofs_x = 1, .ofs_y = -1},
    {.bitmap_index = 32281, .adv_w = 256, .box_w = 14, .box_h = 14, .ofs_x = 1, .ofs_y = -1},
    {.bitmap_index = 32306, .adv_w = 256, .box_w = 15, .box_h = 14, .ofs_x = 1, .ofs_y = -1},
    {.bitmap_index = 32333, .adv_w = 256, .box_w = 14, .box_h = 14, .ofs_x = 1, .ofs_y = -1},
    {.bitmap_index = 32358, .adv_w = 256, .box_w = 15, .box_h = 15, .ofs_x = 1, .ofs_y = -1},
    {.bitmap_index = 32387, .adv_w = 256, .box_w = 15, .box_h = 14, .ofs_x = 1, .ofs_y = -1},
    {.bitmap_index = 32414, .adv_w = 256, .box_w = 15, .box_h = 15, .ofs_x = 1, .ofs_y = -1},
    {.bitmap_index = 32443, .adv_w = 256, .box_w = 14, .box_h = 14, .ofs_x = 1, .ofs_y = -1},
    {.bitmap_index = 32468, .adv_w = 256, .box_w = 15, .box_h = 14, .ofs_x = 1, .ofs_y = -1},
    {.bitmap_index = 32495, .adv_w = 256, .box_w = 16, .box_h = 15, .ofs_x = 0, .ofs_y = -1},
    {.bitmap_index = 32525, .adv_w = 256, .box_w = 14, .box_h = 15, .ofs_x = 1, .ofs_y = -1},
    {.bitmap_index = 32552, .adv_w = 256, .box_w = 15, .box_h = 14, .ofs_x = 1, .ofs_y = -1},
    {.bitmap_index = 32579, .adv_w = 256, .box_w = 15, .box_h = 14, .ofs_x = 1, .ofs_y = -1},
    {.bitmap_index = 32606, .adv_w = 256, .box_w = 15, .box_h = 14, .ofs_x = 0, .ofs_y = -1},
    {.bitmap_index = 32633, .adv_w = 256, .box_w = 15, .box_h = 15, .ofs_x = 0, .ofs_y = -1},
    {.bitmap_index = 32662, .adv_w = 256, .box_w = 15, .box_h = 14, .ofs_x = 1, .ofs_y = -1},
    {.bitmap_index = 32689, .adv_w = 256, .box_w = 14, .box_h = 14, .ofs_x = 1, .ofs_y = -1},
    {.bitmap_index = 32714, .adv_w = 256, .box_w = 14, .box_h = 14, .ofs_x = 1, .ofs_y = -1},
    {.bitmap_index = 32739, .adv_w = 256, .box_w = 14, .box_h = 14, .ofs_x = 1, .ofs_y = -1},
    {.bitmap_index = 32764, .adv_w = 256, .box_w = 15, .box_h = 14, .ofs_x = 1, .ofs_y = -1},
    {.bitmap_index = 32791, .adv_w = 256, .box_w = 15, .box_h = 14, .ofs_x = 0, .ofs_y = -1},
    {.bitmap_index = 32818, .adv_w = 256, .box_w = 14, .box_h = 14, .ofs_x = 1, .ofs_y = -1},
    {.bitmap_index = 32843, .adv_w = 256, .box_w = 14, .box_h = 14, .ofs_x = 1, .ofs_y = -1},
    {.bitmap_index = 32868, .adv_w = 256, .box_w = 15, .box_h = 14, .ofs_x = 1, .ofs_y = -1},
    {.bitmap_index = 32895, .adv_w = 256, .box_w = 15, .box_h = 14, .ofs_x = 1, .ofs_y = -1},
    {.bitmap_index = 32922, .adv_w = 256, .box_w = 14, .box_h = 14, .ofs_x = 1, .ofs_y = -1},
    {.bitmap_index = 32947, .adv_w = 256, .box_w = 16, .box_h = 14, .ofs_x = 0, .ofs_y = -1},
    {.bitmap_index = 32975, .adv_w = 256, .box_w = 14, .box_h = 15, .ofs_x = 1, .ofs_y = -1},
    {.bitmap_index = 33002, .adv_w = 256, .box_w = 15, .box_h = 14, .ofs_x = 1, .ofs_y = -1},
    {.bitmap_index = 33029, .adv_w = 256, .box_w = 15, .box_h = 14, .ofs_x = 0, .ofs_y = -1},
    {.bitmap_index = 33056, .adv_w = 256, .box_w = 15, .box_h = 14, .ofs_x = 1, .ofs_y = -1},
    {.bitmap_index = 33083, .adv_w = 256, .box_w = 16, .box_h = 15, .ofs_x = 0, .ofs_y = -1},
    {.bitmap_index = 33113, .adv_w = 256, .box_w = 15, .box_h = 14, .ofs_x = 0, .ofs_y = -1},
    {.bitmap_index = 33140, .adv_w = 256, .box_w = 15, .box_h = 14, .ofs_x = 1, .ofs_y = -1},
    {.bitmap_index = 33167, .adv_w = 256, .box_w = 15, .box_h = 15, .ofs_x = 1, .ofs_y = -1},
    {.bitmap_index = 33196, .adv_w = 256, .box_w = 16, .box_h = 14, .ofs_x = 0, .ofs_y = -1},
    {.bitmap_index = 33224, .adv_w = 256, .box_w = 14, .box_h = 14, .ofs_x = 1, .ofs_y = -1},
    {.bitmap_index = 33249, .adv_w = 256, .box_w = 15, .box_h = 14, .ofs_x = 1, .ofs_y = -1},
    {.bitmap_index = 33276, .adv_w = 256, .box_w = 14, .box_h = 15, .ofs_x = 1, .ofs_y = -1},
    {.bitmap_index = 33303, .adv_w = 256, .box_w = 14, .box_h = 14, .ofs_x = 1, .ofs_y = -1},
    {.bitmap_index = 33328, .adv_w = 256, .box_w = 15, .box_h = 14, .ofs_x = 0, .ofs_y = -1},
    {.bitmap_index = 33355, .adv_w = 256, .box_w = 15, .box_h = 14, .ofs_x = 1, .ofs_y = -1},
    {.bitmap_index = 33382, .adv_w = 256, .box_w = 14, .box_h = 15, .ofs_x = 1, .ofs_y = -1},
    {.bitmap_index = 33409, .adv_w = 256, .box_w = 14, .box_h = 14, .ofs_x = 1, .ofs_y = -1},
    {.bitmap_index = 33434, .adv_w = 256, .box_w = 14, .box_h = 16, .ofs_x = 1, .ofs_y = -2},
    {.bitmap_index = 33462, .adv_w = 256, .box_w = 15, .box_h = 14, .ofs_x = 0, .ofs_y = -1},
    {.bitmap_index = 33489, .adv_w = 256, .box_w = 15, .box_h = 14, .ofs_x = 0, .ofs_y = -1},
    {.bitmap_index = 33516, .adv_w = 256, .box_w = 15, .box_h = 14, .ofs_x = 0, .ofs_y = -1},
    {.bitmap_index = 33543, .adv_w = 256, .box_w = 16, .box_h = 14, .ofs_x = 0, .ofs_y = -1},
    {.bitmap_index = 33571, .adv_w = 256, .box_w = 15, .box_h = 14, .ofs_x = 1, .ofs_y = -1},
    {.bitmap_index = 33598, .adv_w = 256, .box_w = 15, .box_h = 14, .ofs_x = 0, .ofs_y = -1},
    {.bitmap_index = 33625, .adv_w = 256, .box_w = 14, .box_h = 15, .ofs_x = 1, .ofs_y = -1},
    {.bitmap_index = 33652, .adv_w = 256, .box_w = 14, .box_h = 15, .ofs_x = 1, .ofs_y = -1},
    {.bitmap_index = 33679, .adv_w = 256, .box_w = 14, .box_h = 15, .ofs_x = 1, .ofs_y = -1},
    {.bitmap_index = 33706, .adv_w = 256, .box_w = 15, .box_h = 14, .ofs_x = 0, .ofs_y = -1},
    {.bitmap_index = 33733, .adv_w = 256, .box_w = 14, .box_h = 15, .ofs_x = 1, .ofs_y = -1},
    {.bitmap_index = 33760, .adv_w = 256, .box_w = 14, .box_h = 14, .ofs_x = 1, .ofs_y = -1},
    {.bitmap_index = 33785, .adv_w = 256, .box_w = 14, .box_h = 15, .ofs_x = 1, .ofs_y = -1},
    {.bitmap_index = 33812, .adv_w = 256, .box_w = 15, .box_h = 15, .ofs_x = 1, .ofs_y = -1},
    {.bitmap_index = 33841, .adv_w = 256, .box_w = 15, .box_h = 14, .ofs_x = 1, .ofs_y = -1},
    {.bitmap_index = 33868, .adv_w = 256, .box_w = 14, .box_h = 15, .ofs_x = 1, .ofs_y = -1},
    {.bitmap_index = 33895, .adv_w = 256, .box_w = 16, .box_h = 15, .ofs_x = 0, .ofs_y = -1},
    {.bitmap_index = 33925, .adv_w = 256, .box_w = 14, .box_h = 14, .ofs_x = 1, .ofs_y = -1},
    {.bitmap_index = 33950, .adv_w = 256, .box_w = 15, .box_h = 14, .ofs_x = 1, .ofs_y = -1},
    {.bitmap_index = 33977, .adv_w = 256, .box_w = 15, .box_h = 14, .ofs_x = 0, .ofs_y = -1},
    {.bitmap_index = 34004, .adv_w = 256, .box_w = 14, .box_h = 15, .ofs_x = 1, .ofs_y = -1},
    {.bitmap_index = 34031, .adv_w = 256, .box_w = 14, .box_h = 14, .ofs_x = 1, .ofs_y = -1},
    {.bitmap_index = 34056, .adv_w = 256, .box_w = 15, .box_h = 14, .ofs_x = 0, .ofs_y = -1},
    {.bitmap_index = 34083, .adv_w = 256, .box_w = 16, .box_h = 14, .ofs_x = 0, .ofs_y = -1},
    {.bitmap_index = 34111, .adv_w = 256, .box_w = 14, .box_h = 14, .ofs_x = 1, .ofs_y = -1},
    {.bitmap_index = 34136, .adv_w = 256, .box_w = 14, .box_h = 14, .ofs_x = 1, .ofs_y = -1},
    {.bitmap_index = 34161, .adv_w = 256, .box_w = 15, .box_h = 14, .ofs_x = 1, .ofs_y = -1},
    {.bitmap_index = 34188, .adv_w = 256, .box_w = 14, .box_h = 14, .ofs_x = 1, .ofs_y = -1},
    {.bitmap_index = 34213, .adv_w = 256, .box_w = 14, .box_h = 14, .ofs_x = 1, .ofs_y = -1},
    {.bitmap_index = 34238, .adv_w = 256, .box_w = 15, .box_h = 14, .ofs_x = 0, .ofs_y = -1},
    {.bitmap_index = 34265, .adv_w = 256, .box_w = 14, .box_h = 15, .ofs_x = 1, .ofs_y = -1},
    {.bitmap_index = 34292, .adv_w = 256, .box_w = 14, .box_h = 14, .ofs_x = 1, .ofs_y = -1},
    {.bitmap_index = 34317, .adv_w = 256, .box_w = 15, .box_h = 15, .ofs_x = 1, .ofs_y = -1},
    {.bitmap_index = 34346, .adv_w = 256, .box_w = 14, .box_h = 15, .ofs_x = 1, .ofs_y = -1},
    {.bitmap_index = 34373, .adv_w = 256, .box_w = 14, .box_h = 15, .ofs_x = 1, .ofs_y = -1},
    {.bitmap_index = 34400, .adv_w = 256, .box_w = 15, .box_h = 15, .ofs_x = 0, .ofs_y = -1},
    {.bitmap_index = 34429, .adv_w = 256, .box_w = 15, .box_h = 15, .ofs_x = 1, .ofs_y = -1},
    {.bitmap_index = 34458, .adv_w = 256, .box_w = 15, .box_h = 15, .ofs_x = 0, .ofs_y = -1},
    {.bitmap_index = 34487, .adv_w = 256, .box_w = 14, .box_h = 13, .ofs_x = 1, .ofs_y = -1},
    {.bitmap_index = 34510, .adv_w = 256, .box_w = 15, .box_h = 13, .ofs_x = 1, .ofs_y = -1},
    {.bitmap_index = 34535, .adv_w = 256, .box_w = 10, .box_h = 13, .ofs_x = 3, .ofs_y = -1},
    {.bitmap_index = 34552, .adv_w = 256, .box_w = 14, .box_h = 14, .ofs_x = 1, .ofs_y = -1},
    {.bitmap_index = 34577, .adv_w = 256, .box_w = 12, .box_h = 13, .ofs_x = 2, .ofs_y = -1},
    {.bitmap_index = 34597, .adv_w = 256, .box_w = 15, .box_h = 14, .ofs_x = 0, .ofs_y = -1},
    {.bitmap_index = 34624, .adv_w = 256, .box_w = 14, .box_h = 14, .ofs_x = 1, .ofs_y = -1},
    {.bitmap_index = 34649, .adv_w = 256, .box_w = 15, .box_h = 14, .ofs_x = 1, .ofs_y = -1},
    {.bitmap_index = 34676, .adv_w = 256, .box_w = 13, .box_h = 14, .ofs_x = 1, .ofs_y = -1},
    {.bitmap_index = 34699, .adv_w = 256, .box_w = 13, .box_h = 13, .ofs_x = 1, .ofs_y = -1},
    {.bitmap_index = 34721, .adv_w = 256, .box_w = 13, .box_h = 15, .ofs_x = 2, .ofs_y = -1},
    {.bitmap_index = 34746, .adv_w = 256, .box_w = 13, .box_h = 14, .ofs_x = 1, .ofs_y = -1},
    {.bitmap_index = 34769, .adv_w = 256, .box_w = 15, .box_h = 14, .ofs_x = 1, .ofs_y = -1},
    {.bitmap_index = 34796, .adv_w = 256, .box_w = 14, .box_h = 15, .ofs_x = 1, .ofs_y = -1},
    {.bitmap_index = 34823, .adv_w = 256, .box_w = 14, .box_h = 14, .ofs_x = 1, .ofs_y = -1},
    {.bitmap_index = 34848, .adv_w = 256, .box_w = 14, .box_h = 15, .ofs_x = 1, .ofs_y = -1},
    {.bitmap_index = 34875, .adv_w = 256, .box_w = 13, .box_h = 13, .ofs_x = 1, .ofs_y = -1},
    {.bitmap_index = 34897, .adv_w = 256, .box_w = 15, .box_h = 14, .ofs_x = 1, .ofs_y = -1},
    {.bitmap_index = 34924, .adv_w = 256, .box_w = 15, .box_h = 14, .ofs_x = 0, .ofs_y = -1},
    {.bitmap_index = 34951, .adv_w = 256, .box_w = 14, .box_h = 13, .ofs_x = 1, .ofs_y = 0},
    {.bitmap_index = 34974, .adv_w = 256, .box_w = 15, .box_h = 14, .ofs_x = 0, .ofs_y = -1},
    {.bitmap_index = 35001, .adv_w = 256, .box_w = 14, .box_h = 15, .ofs_x = 1, .ofs_y = -1},
    {.bitmap_index = 35028, .adv_w = 256, .box_w = 14, .box_h = 14, .ofs_x = 1, .ofs_y = -1},
    {.bitmap_index = 35053, .adv_w = 256, .box_w = 14, .box_h = 14, .ofs_x = 1, .ofs_y = -1},
    {.bitmap_index = 35078, .adv_w = 256, .box_w = 14, .box_h = 15, .ofs_x = 1, .ofs_y = -1},
    {.bitmap_index = 35105, .adv_w = 256, .box_w = 15, .box_h = 15, .ofs_x = 1, .ofs_y = -2},
    {.bitmap_index = 35134, .adv_w = 256, .box_w = 14, .box_h = 14, .ofs_x = 1, .ofs_y = -1},
    {.bitmap_index = 35159, .adv_w = 256, .box_w = 14, .box_h = 14, .ofs_x = 1, .ofs_y = -1},
    {.bitmap_index = 35184, .adv_w = 256, .box_w = 15, .box_h = 15, .ofs_x = 1, .ofs_y = -1},
    {.bitmap_index = 35213, .adv_w = 256, .box_w = 12, .box_h = 14, .ofs_x = 2, .ofs_y = -1},
    {.bitmap_index = 35234, .adv_w = 256, .box_w = 14, .box_h = 15, .ofs_x = 1, .ofs_y = -1},
    {.bitmap_index = 35261, .adv_w = 256, .box_w = 14, .box_h = 14, .ofs_x = 1, .ofs_y = -1},
    {.bitmap_index = 35286, .adv_w = 256, .box_w = 14, .box_h = 15, .ofs_x = 1, .ofs_y = -1},
    {.bitmap_index = 35313, .adv_w = 256, .box_w = 15, .box_h = 14, .ofs_x = 1, .ofs_y = -1},
    {.bitmap_index = 35340, .adv_w = 256, .box_w = 15, .box_h = 14, .ofs_x = 1, .ofs_y = -1},
    {.bitmap_index = 35367, .adv_w = 256, .box_w = 14, .box_h = 14, .ofs_x = 1, .ofs_y = -1},
    {.bitmap_index = 35392, .adv_w = 256, .box_w = 14, .box_h = 14, .ofs_x = 1, .ofs_y = -1},
    {.bitmap_index = 35417, .adv_w = 256, .box_w = 15, .box_h = 14, .ofs_x = 1, .ofs_y = -1},
    {.bitmap_index = 35444, .adv_w = 256, .box_w = 14, .box_h = 13, .ofs_x = 1, .ofs_y = -1},
    {.bitmap_index = 35467, .adv_w = 256, .box_w = 12, .box_h = 13, .ofs_x = 2, .ofs_y = -1},
    {.bitmap_index = 35487, .adv_w = 256, .box_w = 13, .box_h = 14, .ofs_x = 2, .ofs_y = -1},
    {.bitmap_index = 35510, .adv_w = 256, .box_w = 15, .box_h = 13, .ofs_x = 0, .ofs_y = -1},
    {.bitmap_index = 35535, .adv_w = 256, .box_w = 14, .box_h = 14, .ofs_x = 1, .ofs_y = -1},
    {.bitmap_index = 35560, .adv_w = 256, .box_w = 14, .box_h = 14, .ofs_x = 1, .ofs_y = -1},
    {.bitmap_index = 35585, .adv_w = 256, .box_w = 12, .box_h = 15, .ofs_x = 2, .ofs_y = -1},
    {.bitmap_index = 35608, .adv_w = 256, .box_w = 14, .box_h = 15, .ofs_x = 1, .ofs_y = -1},
    {.bitmap_index = 35635, .adv_w = 256, .box_w = 15, .box_h = 14, .ofs_x = 0, .ofs_y = -1},
    {.bitmap_index = 35662, .adv_w = 256, .box_w = 12, .box_h = 14, .ofs_x = 0, .ofs_y = -1},
    {.bitmap_index = 35683, .adv_w = 256, .box_w = 14, .box_h = 14, .ofs_x = 1, .ofs_y = -1},
    {.bitmap_index = 35708, .adv_w = 256, .box_w = 14, .box_h = 14, .ofs_x = 0, .ofs_y = -1},
    {.bitmap_index = 35733, .adv_w = 256, .box_w = 16, .box_h = 14, .ofs_x = 0, .ofs_y = -1},
    {.bitmap_index = 35761, .adv_w = 256, .box_w = 14, .box_h = 15, .ofs_x = 1, .ofs_y = -1},
    {.bitmap_index = 35788, .adv_w = 256, .box_w = 15, .box_h = 15, .ofs_x = 0, .ofs_y = -1},
    {.bitmap_index = 35817, .adv_w = 256, .box_w = 13, .box_h = 15, .ofs_x = 1, .ofs_y = -1},
    {.bitmap_index = 35842, .adv_w = 256, .box_w = 15, .box_h = 14, .ofs_x = 0, .ofs_y = -1},
    {.bitmap_index = 35869, .adv_w = 256, .box_w = 15, .box_h = 14, .ofs_x = 0, .ofs_y = -1},
    {.bitmap_index = 35896, .adv_w = 256, .box_w = 15, .box_h = 15, .ofs_x = 0, .ofs_y = -1},
    {.bitmap_index = 35925, .adv_w = 256, .box_w = 15, .box_h = 15, .ofs_x = 0, .ofs_y = -1},
    {.bitmap_index = 35954, .adv_w = 256, .box_w = 15, .box_h = 15, .ofs_x = 0, .ofs_y = -1},
    {.bitmap_index = 35983, .adv_w = 256, .box_w = 15, .box_h = 15, .ofs_x = 0, .ofs_y = -1},
    {.bitmap_index = 36012, .adv_w = 256, .box_w = 14, .box_h = 14, .ofs_x = 1, .ofs_y = -1},
    {.bitmap_index = 36037, .adv_w = 256, .box_w = 15, .box_h = 14, .ofs_x = 1, .ofs_y = -1},
    {.bitmap_index = 36064, .adv_w = 256, .box_w = 15, .box_h = 14, .ofs_x = 1, .ofs_y = -1},
    {.bitmap_index = 36091, .adv_w = 256, .box_w = 16, .box_h = 15, .ofs_x = 1, .ofs_y = -1},
    {.bitmap_index = 36121, .adv_w = 256, .box_w = 15, .box_h = 14, .ofs_x = 1, .ofs_y = -1},
    {.bitmap_index = 36148, .adv_w = 256, .box_w = 15, .box_h = 14, .ofs_x = 0, .ofs_y = -1},
    {.bitmap_index = 36175, .adv_w = 256, .box_w = 15, .box_h = 15, .ofs_x = 0, .ofs_y = -1},
    {.bitmap_index = 36204, .adv_w = 256, .box_w = 15, .box_h = 15, .ofs_x = 0, .ofs_y = -1},
    {.bitmap_index = 36233, .adv_w = 256, .box_w = 15, .box_h = 15, .ofs_x = 1, .ofs_y = -1},
    {.bitmap_index = 36262, .adv_w = 256, .box_w = 14, .box_h = 15, .ofs_x = 1, .ofs_y = -1},
    {.bitmap_index = 36289, .adv_w = 256, .box_w = 16, .box_h = 15, .ofs_x = 0, .ofs_y = -1},
    {.bitmap_index = 36319, .adv_w = 256, .box_w = 16, .box_h = 15, .ofs_x = 0, .ofs_y = -1},
    {.bitmap_index = 36349, .adv_w = 256, .box_w = 15, .box_h = 14, .ofs_x = 0, .ofs_y = -1},
    {.bitmap_index = 36376, .adv_w = 256, .box_w = 15, .box_h = 14, .ofs_x = 1, .ofs_y = -1},
    {.bitmap_index = 36403, .adv_w = 256, .box_w = 15, .box_h = 15, .ofs_x = 0, .ofs_y = -1},
    {.bitmap_index = 36432, .adv_w = 256, .box_w = 15, .box_h = 14, .ofs_x = 1, .ofs_y = -1},
    {.bitmap_index = 36459, .adv_w = 256, .box_w = 14, .box_h = 15, .ofs_x = 1, .ofs_y = -1},
    {.bitmap_index = 36486, .adv_w = 256, .box_w = 15, .box_h = 14, .ofs_x = 0, .ofs_y = -1},
    {.bitmap_index = 36513, .adv_w = 256, .box_w = 15, .box_h = 15, .ofs_x = 0, .ofs_y = -1},
    {.bitmap_index = 36542, .adv_w = 256, .box_w = 15, .box_h = 15, .ofs_x = 1, .ofs_y = -1},
    {.bitmap_index = 36571, .adv_w = 256, .box_w = 15, .box_h = 15, .ofs_x = 0, .ofs_y = -1},
    {.bitmap_index = 36600, .adv_w = 256, .box_w = 15, .box_h = 14, .ofs_x = 0, .ofs_y = -1},
    {.bitmap_index = 36627, .adv_w = 256, .box_w = 15, .box_h = 14, .ofs_x = 0, .ofs_y = -1},
    {.bitmap_index = 36654, .adv_w = 256, .box_w = 15, .box_h = 14, .ofs_x = 0, .ofs_y = -1},
    {.bitmap_index = 36681, .adv_w = 256, .box_w = 15, .box_h = 14, .ofs_x = 0, .ofs_y = -1},
    {.bitmap_index = 36708, .adv_w = 256, .box_w = 15, .box_h = 15, .ofs_x = 1, .ofs_y = -1},
    {.bitmap_index = 36737, .adv_w = 256, .box_w = 16, .box_h = 14, .ofs_x = 0, .ofs_y = -1},
    {.bitmap_index = 36765, .adv_w = 256, .box_w = 16, .box_h = 15, .ofs_x = 0, .ofs_y = -1},
    {.bitmap_index = 36795, .adv_w = 256, .box_w = 15, .box_h = 15, .ofs_x = 0, .ofs_y = -1},
    {.bitmap_index = 36824, .adv_w = 256, .box_w = 15, .box_h = 14, .ofs_x = 0, .ofs_y = -1},
    {.bitmap_index = 36851, .adv_w = 256, .box_w = 15, .box_h = 14, .ofs_x = 0, .ofs_y = -1},
    {.bitmap_index = 36878, .adv_w = 256, .box_w = 15, .box_h = 14, .ofs_x = 0, .ofs_y = -1},
    {.bitmap_index = 36905, .adv_w = 256, .box_w = 15, .box_h = 15, .ofs_x = 0, .ofs_y = -1},
    {.bitmap_index = 36934, .adv_w = 256, .box_w = 14, .box_h = 15, .ofs_x = 1, .ofs_y = -1},
    {.bitmap_index = 36961, .adv_w = 256, .box_w = 16, .box_h = 14, .ofs_x = 0, .ofs_y = -1},
    {.bitmap_index = 36989, .adv_w = 256, .box_w = 14, .box_h = 15, .ofs_x = 1, .ofs_y = -1},
    {.bitmap_index = 37016, .adv_w = 256, .box_w = 15, .box_h = 14, .ofs_x = 0, .ofs_y = -1},
    {.bitmap_index = 37043, .adv_w = 256, .box_w = 16, .box_h = 15, .ofs_x = 0, .ofs_y = -1},
    {.bitmap_index = 37073, .adv_w = 256, .box_w = 15, .box_h = 15, .ofs_x = 1, .ofs_y = -1},
    {.bitmap_index = 37102, .adv_w = 256, .box_w = 14, .box_h = 14, .ofs_x = 1, .ofs_y = -1},
    {.bitmap_index = 37127, .adv_w = 256, .box_w = 14, .box_h = 14, .ofs_x = 1, .ofs_y = -1},
    {.bitmap_index = 37152, .adv_w = 256, .box_w = 15, .box_h = 14, .ofs_x = 0, .ofs_y = -1},
    {.bitmap_index = 37179, .adv_w = 256, .box_w = 14, .box_h = 15, .ofs_x = 1, .ofs_y = -1},
    {.bitmap_index = 37206, .adv_w = 256, .box_w = 15, .box_h = 14, .ofs_x = 1, .ofs_y = -1},
    {.bitmap_index = 37233, .adv_w = 256, .box_w = 15, .box_h = 14, .ofs_x = 0, .ofs_y = -1},
    {.bitmap_index = 37260, .adv_w = 256, .box_w = 14, .box_h = 15, .ofs_x = 1, .ofs_y = -1},
    {.bitmap_index = 37287, .adv_w = 256, .box_w = 15, .box_h = 15, .ofs_x = 0, .ofs_y = -1},
    {.bitmap_index = 37316, .adv_w = 256, .box_w = 15, .box_h = 15, .ofs_x = 0, .ofs_y = -1},
    {.bitmap_index = 37345, .adv_w = 256, .box_w = 15, .box_h = 14, .ofs_x = 0, .ofs_y = -1},
    {.bitmap_index = 37372, .adv_w = 256, .box_w = 14, .box_h = 14, .ofs_x = 1, .ofs_y = -1},
    {.bitmap_index = 37397, .adv_w = 256, .box_w = 16, .box_h = 14, .ofs_x = 0, .ofs_y = -1},
    {.bitmap_index = 37425, .adv_w = 256, .box_w = 15, .box_h = 14, .ofs_x = 0, .ofs_y = -1},
    {.bitmap_index = 37452, .adv_w = 256, .box_w = 14, .box_h = 14, .ofs_x = 1, .ofs_y = -1},
    {.bitmap_index = 37477, .adv_w = 256, .box_w = 15, .box_h = 15, .ofs_x = 0, .ofs_y = -1},
    {.bitmap_index = 37506, .adv_w = 256, .box_w = 15, .box_h = 14, .ofs_x = 0, .ofs_y = -1},
    {.bitmap_index = 37533, .adv_w = 256, .box_w = 15, .box_h = 15, .ofs_x = 0, .ofs_y = -2},
    {.bitmap_index = 37562, .adv_w = 256, .box_w = 15, .box_h = 14, .ofs_x = 0, .ofs_y = -1},
    {.bitmap_index = 37589, .adv_w = 256, .box_w = 16, .box_h = 15, .ofs_x = 0, .ofs_y = -1},
    {.bitmap_index = 37619, .adv_w = 256, .box_w = 15, .box_h = 15, .ofs_x = 1, .ofs_y = -1},
    {.bitmap_index = 37648, .adv_w = 256, .box_w = 15, .box_h = 14, .ofs_x = 0, .ofs_y = -1},
    {.bitmap_index = 37675, .adv_w = 256, .box_w = 16, .box_h = 14, .ofs_x = 0, .ofs_y = -1},
    {.bitmap_index = 37703, .adv_w = 256, .box_w = 15, .box_h = 15, .ofs_x = 0, .ofs_y = -1},
    {.bitmap_index = 37732, .adv_w = 256, .box_w = 14, .box_h = 14, .ofs_x = 1, .ofs_y = -1},
    {.bitmap_index = 37757, .adv_w = 256, .box_w = 15, .box_h = 14, .ofs_x = 1, .ofs_y = -1},
    {.bitmap_index = 37784, .adv_w = 256, .box_w = 15, .box_h = 14, .ofs_x = 0, .ofs_y = -1},
    {.bitmap_index = 37811, .adv_w = 256, .box_w = 14, .box_h = 15, .ofs_x = 0, .ofs_y = -1},
    {.bitmap_index = 37838, .adv_w = 256, .box_w = 15, .box_h = 14, .ofs_x = 0, .ofs_y = -1},
    {.bitmap_index = 37865, .adv_w = 256, .box_w = 15, .box_h = 14, .ofs_x = 1, .ofs_y = -1},
    {.bitmap_index = 37892, .adv_w = 256, .box_w = 16, .box_h = 14, .ofs_x = 0, .ofs_y = -1},
    {.bitmap_index = 37920, .adv_w = 256, .box_w = 14, .box_h = 14, .ofs_x = 0, .ofs_y = -1},
    {.bitmap_index = 37945, .adv_w = 256, .box_w = 15, .box_h = 15, .ofs_x = 0, .ofs_y = -1},
    {.bitmap_index = 37974, .adv_w = 256, .box_w = 14, .box_h = 14, .ofs_x = 1, .ofs_y = -1},
    {.bitmap_index = 37999, .adv_w = 256, .box_w = 15, .box_h = 14, .ofs_x = 0, .ofs_y = -1},
    {.bitmap_index = 38026, .adv_w = 256, .box_w = 15, .box_h = 15, .ofs_x = 1, .ofs_y = -1},
    {.bitmap_index = 38055, .adv_w = 256, .box_w = 15, .box_h = 14, .ofs_x = 0, .ofs_y = -1},
    {.bitmap_index = 38082, .adv_w = 256, .box_w = 15, .box_h = 14, .ofs_x = 0, .ofs_y = -1},
    {.bitmap_index = 38109, .adv_w = 256, .box_w = 14, .box_h = 14, .ofs_x = 1, .ofs_y = -1},
    {.bitmap_index = 38134, .adv_w = 256, .box_w = 15, .box_h = 14, .ofs_x = 0, .ofs_y = -1},
    {.bitmap_index = 38161, .adv_w = 256, .box_w = 15, .box_h = 15, .ofs_x = 0, .ofs_y = -1},
    {.bitmap_index = 38190, .adv_w = 256, .box_w = 15, .box_h = 14, .ofs_x = 0, .ofs_y = -1},
    {.bitmap_index = 38217, .adv_w = 256, .box_w = 15, .box_h = 14, .ofs_x = 0, .ofs_y = -1},
    {.bitmap_index = 38244, .adv_w = 256, .box_w = 15, .box_h = 14, .ofs_x = 0, .ofs_y = -1},
    {.bitmap_index = 38271, .adv_w = 256, .box_w = 14, .box_h = 14, .ofs_x = 1, .ofs_y = -1},
    {.bitmap_index = 38296, .adv_w = 256, .box_w = 16, .box_h = 15, .ofs_x = 0, .ofs_y = -1},
    {.bitmap_index = 38326, .adv_w = 256, .box_w = 15, .box_h = 14, .ofs_x = 0, .ofs_y = -1},
    {.bitmap_index = 38353, .adv_w = 256, .box_w = 15, .box_h = 14, .ofs_x = 0, .ofs_y = -1},
    {.bitmap_index = 38380, .adv_w = 256, .box_w = 15, .box_h = 14, .ofs_x = 0, .ofs_y = -1},
    {.bitmap_index = 38407, .adv_w = 256, .box_w = 15, .box_h = 15, .ofs_x = 1, .ofs_y = -1},
    {.bitmap_index = 38436, .adv_w = 256, .box_w = 15, .box_h = 15, .ofs_x = 1, .ofs_y = -1},
    {.bitmap_index = 38465, .adv_w = 256, .box_w = 14, .box_h = 14, .ofs_x = 1, .ofs_y = -1},
    {.bitmap_index = 38490, .adv_w = 256, .box_w = 15, .box_h = 14, .ofs_x = 1, .ofs_y = -1},
    {.bitmap_index = 38517, .adv_w = 256, .box_w = 15, .box_h = 14, .ofs_x = 0, .ofs_y = -1},
    {.bitmap_index = 38544, .adv_w = 256, .box_w = 16, .box_h = 15, .ofs_x = 0, .ofs_y = -1},
    {.bitmap_index = 38574, .adv_w = 256, .box_w = 14, .box_h = 15, .ofs_x = 1, .ofs_y = -1},
    {.bitmap_index = 38601, .adv_w = 256, .box_w = 16, .box_h = 15, .ofs_x = 0, .ofs_y = -1},
    {.bitmap_index = 38631, .adv_w = 256, .box_w = 15, .box_h = 14, .ofs_x = 0, .ofs_y = -1},
    {.bitmap_index = 38658, .adv_w = 256, .box_w = 15, .box_h = 15, .ofs_x = 1, .ofs_y = -1},
    {.bitmap_index = 38687, .adv_w = 256, .box_w = 15, .box_h = 15, .ofs_x = 0, .ofs_y = -1},
    {.bitmap_index = 38716, .adv_w = 256, .box_w = 15, .box_h = 14, .ofs_x = 0, .ofs_y = -1},
    {.bitmap_index = 38743, .adv_w = 256, .box_w = 14, .box_h = 14, .ofs_x = 1, .ofs_y = -1},
    {.bitmap_index = 38768, .adv_w = 256, .box_w = 15, .box_h = 15, .ofs_x = 0, .ofs_y = -1},
    {.bitmap_index = 38797, .adv_w = 256, .box_w = 15, .box_h = 15, .ofs_x = 0, .ofs_y = -1},
    {.bitmap_index = 38826, .adv_w = 256, .box_w = 15, .box_h = 15, .ofs_x = 0, .ofs_y = -1},
    {.bitmap_index = 38855, .adv_w = 256, .box_w = 15, .box_h = 15, .ofs_x = 1, .ofs_y = -2},
    {.bitmap_index = 38884, .adv_w = 256, .box_w = 14, .box_h = 16, .ofs_x = 1, .ofs_y = -2},
    {.bitmap_index = 38912, .adv_w = 256, .box_w = 15, .box_h = 15, .ofs_x = 0, .ofs_y = -1},
    {.bitmap_index = 38941, .adv_w = 256, .box_w = 15, .box_h = 14, .ofs_x = 0, .ofs_y = -1},
    {.bitmap_index = 38968, .adv_w = 256, .box_w = 14, .box_h = 15, .ofs_x = 1, .ofs_y = -1},
    {.bitmap_index = 38995, .adv_w = 256, .box_w = 14, .box_h = 15, .ofs_x = 1, .ofs_y = -1},
    {.bitmap_index = 39022, .adv_w = 256, .box_w = 16, .box_h = 15, .ofs_x = 0, .ofs_y = -1},
    {.bitmap_index = 39052, .adv_w = 256, .box_w = 15, .box_h = 15, .ofs_x = 1, .ofs_y = -1},
    {.bitmap_index = 39081, .adv_w = 256, .box_w = 14, .box_h = 14, .ofs_x = 1, .ofs_y = 0},
    {.bitmap_index = 39106, .adv_w = 256, .box_w = 15, .box_h = 12, .ofs_x = 1, .ofs_y = 0},
    {.bitmap_index = 39129, .adv_w = 256, .box_w = 15, .box_h = 14, .ofs_x = 1, .ofs_y = -1},
    {.bitmap_index = 39156, .adv_w = 256, .box_w = 15, .box_h = 14, .ofs_x = 0, .ofs_y = -1},
    {.bitmap_index = 39183, .adv_w = 256, .box_w = 15, .box_h = 14, .ofs_x = 0, .ofs_y = -1},
    {.bitmap_index = 39210, .adv_w = 256, .box_w = 14, .box_h = 14, .ofs_x = 1, .ofs_y = -1},
    {.bitmap_index = 39235, .adv_w = 256, .box_w = 13, .box_h = 13, .ofs_x = 1, .ofs_y = -1},
    {.bitmap_index = 39257, .adv_w = 256, .box_w = 16, .box_h = 13, .ofs_x = 0, .ofs_y = -1},
    {.bitmap_index = 39283, .adv_w = 256, .box_w = 14, .box_h = 15, .ofs_x = 1, .ofs_y = -1},
    {.bitmap_index = 39310, .adv_w = 256, .box_w = 14, .box_h = 15, .ofs_x = 1, .ofs_y = -1},
    {.bitmap_index = 39337, .adv_w = 256, .box_w = 15, .box_h = 14, .ofs_x = 1, .ofs_y = -1},
    {.bitmap_index = 39364, .adv_w = 256, .box_w = 15, .box_h = 15, .ofs_x = 1, .ofs_y = -1},
    {.bitmap_index = 39393, .adv_w = 256, .box_w = 15, .box_h = 16, .ofs_x = 0, .ofs_y = -2},
    {.bitmap_index = 39423, .adv_w = 256, .box_w = 16, .box_h = 15, .ofs_x = 0, .ofs_y = -1},
    {.bitmap_index = 39453, .adv_w = 256, .box_w = 16, .box_h = 15, .ofs_x = 0, .ofs_y = -2},
    {.bitmap_index = 39483, .adv_w = 256, .box_w = 14, .box_h = 14, .ofs_x = 1, .ofs_y = -1},
    {.bitmap_index = 39508, .adv_w = 256, .box_w = 15, .box_h = 15, .ofs_x = 1, .ofs_y = -1},
    {.bitmap_index = 39537, .adv_w = 256, .box_w = 14, .box_h = 14, .ofs_x = 1, .ofs_y = -1},
    {.bitmap_index = 39562, .adv_w = 256, .box_w = 14, .box_h = 15, .ofs_x = 1, .ofs_y = -1},
    {.bitmap_index = 39589, .adv_w = 256, .box_w = 16, .box_h = 14, .ofs_x = -1, .ofs_y = -1},
    {.bitmap_index = 39617, .adv_w = 256, .box_w = 14, .box_h = 14, .ofs_x = 1, .ofs_y = -1},
    {.bitmap_index = 39642, .adv_w = 256, .box_w = 15, .box_h = 15, .ofs_x = 1, .ofs_y = -1},
    {.bitmap_index = 39671, .adv_w = 256, .box_w = 14, .box_h = 15, .ofs_x = 1, .ofs_y = -1},
    {.bitmap_index = 39698, .adv_w = 256, .box_w = 14, .box_h = 14, .ofs_x = 2, .ofs_y = -1},
    {.bitmap_index = 39723, .adv_w = 256, .box_w = 14, .box_h = 15, .ofs_x = 1, .ofs_y = -1},
    {.bitmap_index = 39750, .adv_w = 256, .box_w = 14, .box_h = 14, .ofs_x = 1, .ofs_y = -1},
    {.bitmap_index = 39775, .adv_w = 256, .box_w = 15, .box_h = 15, .ofs_x = 1, .ofs_y = -1},
    {.bitmap_index = 39804, .adv_w = 256, .box_w = 14, .box_h = 15, .ofs_x = 1, .ofs_y = -1},
    {.bitmap_index = 39831, .adv_w = 256, .box_w = 14, .box_h = 14, .ofs_x = 1, .ofs_y = -1},
    {.bitmap_index = 39856, .adv_w = 256, .box_w = 14, .box_h = 14, .ofs_x = 1, .ofs_y = -1},
    {.bitmap_index = 39881, .adv_w = 256, .box_w = 15, .box_h = 14, .ofs_x = 0, .ofs_y = -1},
    {.bitmap_index = 39908, .adv_w = 256, .box_w = 15, .box_h = 14, .ofs_x = 1, .ofs_y = -1},
    {.bitmap_index = 39935, .adv_w = 256, .box_w = 15, .box_h = 14, .ofs_x = 1, .ofs_y = -1},
    {.bitmap_index = 39962, .adv_w = 256, .box_w = 15, .box_h = 15, .ofs_x = 0, .ofs_y = -1},
    {.bitmap_index = 39991, .adv_w = 256, .box_w = 15, .box_h = 15, .ofs_x = 0, .ofs_y = -1},
    {.bitmap_index = 40020, .adv_w = 256, .box_w = 14, .box_h = 15, .ofs_x = 1, .ofs_y = -2},
    {.bitmap_index = 40047, .adv_w = 256, .box_w = 15, .box_h = 14, .ofs_x = 1, .ofs_y = -1},
    {.bitmap_index = 40074, .adv_w = 256, .box_w = 15, .box_h = 15, .ofs_x = 1, .ofs_y = -1},
    {.bitmap_index = 40103, .adv_w = 256, .box_w = 15, .box_h = 14, .ofs_x = 0, .ofs_y = -1},
    {.bitmap_index = 40130, .adv_w = 256, .box_w = 14, .box_h = 14, .ofs_x = 1, .ofs_y = -1},
    {.bitmap_index = 40155, .adv_w = 256, .box_w = 15, .box_h = 15, .ofs_x = 1, .ofs_y = -2},
    {.bitmap_index = 40184, .adv_w = 256, .box_w = 14, .box_h = 14, .ofs_x = 1, .ofs_y = -1},
    {.bitmap_index = 40209, .adv_w = 256, .box_w = 15, .box_h = 14, .ofs_x = 0, .ofs_y = -1},
    {.bitmap_index = 40236, .adv_w = 256, .box_w = 15, .box_h = 15, .ofs_x = 0, .ofs_y = -2},
    {.bitmap_index = 40265, .adv_w = 256, .box_w = 16, .box_h = 15, .ofs_x = 0, .ofs_y = -1},
    {.bitmap_index = 40295, .adv_w = 256, .box_w = 15, .box_h = 14, .ofs_x = 0, .ofs_y = -1},
    {.bitmap_index = 40322, .adv_w = 256, .box_w = 15, .box_h = 15, .ofs_x = 0, .ofs_y = -2},
    {.bitmap_index = 40351, .adv_w = 256, .box_w = 15, .box_h = 15, .ofs_x = 1, .ofs_y = -1},
    {.bitmap_index = 40380, .adv_w = 256, .box_w = 15, .box_h = 15, .ofs_x = 0, .ofs_y = -1},
    {.bitmap_index = 40409, .adv_w = 256, .box_w = 15, .box_h = 15, .ofs_x = 0, .ofs_y = -1},
    {.bitmap_index = 40438, .adv_w = 256, .box_w = 15, .box_h = 15, .ofs_x = 1, .ofs_y = -1},
    {.bitmap_index = 40467, .adv_w = 256, .box_w = 15, .box_h = 14, .ofs_x = 0, .ofs_y = -1},
    {.bitmap_index = 40494, .adv_w = 256, .box_w = 15, .box_h = 14, .ofs_x = 0, .ofs_y = -1},
    {.bitmap_index = 40521, .adv_w = 256, .box_w = 14, .box_h = 15, .ofs_x = 1, .ofs_y = -1},
    {.bitmap_index = 40548, .adv_w = 256, .box_w = 13, .box_h = 15, .ofs_x = 1, .ofs_y = -1},
    {.bitmap_index = 40573, .adv_w = 256, .box_w = 15, .box_h = 15, .ofs_x = 1, .ofs_y = -1},
    {.bitmap_index = 40602, .adv_w = 256, .box_w = 15, .box_h = 14, .ofs_x = 1, .ofs_y = -1},
    {.bitmap_index = 40629, .adv_w = 256, .box_w = 14, .box_h = 15, .ofs_x = 1, .ofs_y = -1},
    {.bitmap_index = 40656, .adv_w = 256, .box_w = 14, .box_h = 15, .ofs_x = 1, .ofs_y = -1},
    {.bitmap_index = 40683, .adv_w = 256, .box_w = 15, .box_h = 14, .ofs_x = 1, .ofs_y = -1},
    {.bitmap_index = 40710, .adv_w = 256, .box_w = 15, .box_h = 14, .ofs_x = 0, .ofs_y = -1},
    {.bitmap_index = 40737, .adv_w = 256, .box_w = 15, .box_h = 14, .ofs_x = 0, .ofs_y = -1},
    {.bitmap_index = 40764, .adv_w = 256, .box_w = 15, .box_h = 16, .ofs_x = 1, .ofs_y = -2},
    {.bitmap_index = 40794, .adv_w = 256, .box_w = 14, .box_h = 15, .ofs_x = 1, .ofs_y = -2},
    {.bitmap_index = 40821, .adv_w = 256, .box_w = 16, .box_h = 15, .ofs_x = 0, .ofs_y = -1},
    {.bitmap_index = 40851, .adv_w = 256, .box_w = 15, .box_h = 14, .ofs_x = 0, .ofs_y = -1},
    {.bitmap_index = 40878, .adv_w = 256, .box_w = 14, .box_h = 15, .ofs_x = 0, .ofs_y = -1},
    {.bitmap_index = 40905, .adv_w = 256, .box_w = 14, .box_h = 14, .ofs_x = 1, .ofs_y = -1},
    {.bitmap_index = 40930, .adv_w = 256, .box_w = 15, .box_h = 14, .ofs_x = 0, .ofs_y = -1},
    {.bitmap_index = 40957, .adv_w = 256, .box_w = 15, .box_h = 16, .ofs_x = 0, .ofs_y = -2},
    {.bitmap_index = 40987, .adv_w = 256, .box_w = 14, .box_h = 14, .ofs_x = 1, .ofs_y = -1},
    {.bitmap_index = 41012, .adv_w = 256, .box_w = 15, .box_h = 15, .ofs_x = 0, .ofs_y = -1},
    {.bitmap_index = 41041, .adv_w = 256, .box_w = 15, .box_h = 14, .ofs_x = 1, .ofs_y = -1},
    {.bitmap_index = 41068, .adv_w = 256, .box_w = 15, .box_h = 15, .ofs_x = 0, .ofs_y = -1},
    {.bitmap_index = 41097, .adv_w = 256, .box_w = 15, .box_h = 15, .ofs_x = 1, .ofs_y = -1},
    {.bitmap_index = 41126, .adv_w = 256, .box_w = 16, .box_h = 15, .ofs_x = 0, .ofs_y = -1},
    {.bitmap_index = 41156, .adv_w = 256, .box_w = 15, .box_h = 14, .ofs_x = 0, .ofs_y = -1},
    {.bitmap_index = 41183, .adv_w = 256, .box_w = 15, .box_h = 14, .ofs_x = 0, .ofs_y = -1},
    {.bitmap_index = 41210, .adv_w = 256, .box_w = 14, .box_h = 14, .ofs_x = 1, .ofs_y = -1},
    {.bitmap_index = 41235, .adv_w = 256, .box_w = 15, .box_h = 15, .ofs_x = 1, .ofs_y = -1},
    {.bitmap_index = 41264, .adv_w = 256, .box_w = 15, .box_h = 14, .ofs_x = 1, .ofs_y = -1},
    {.bitmap_index = 41291, .adv_w = 256, .box_w = 14, .box_h = 14, .ofs_x = 1, .ofs_y = -1},
    {.bitmap_index = 41316, .adv_w = 256, .box_w = 15, .box_h = 15, .ofs_x = 0, .ofs_y = -1},
    {.bitmap_index = 41345, .adv_w = 256, .box_w = 15, .box_h = 14, .ofs_x = 1, .ofs_y = -1},
    {.bitmap_index = 41372, .adv_w = 256, .box_w = 14, .box_h = 14, .ofs_x = 1, .ofs_y = -1},
    {.bitmap_index = 41397, .adv_w = 256, .box_w = 14, .box_h = 15, .ofs_x = 1, .ofs_y = -1},
    {.bitmap_index = 41424, .adv_w = 256, .box_w = 15, .box_h = 15, .ofs_x = 1, .ofs_y = -1},
    {.bitmap_index = 41453, .adv_w = 256, .box_w = 14, .box_h = 14, .ofs_x = 1, .ofs_y = -1},
    {.bitmap_index = 41478, .adv_w = 256, .box_w = 14, .box_h = 16, .ofs_x = 1, .ofs_y = -2},
    {.bitmap_index = 41506, .adv_w = 256, .box_w = 14, .box_h = 14, .ofs_x = 1, .ofs_y = -1},
    {.bitmap_index = 41531, .adv_w = 256, .box_w = 14, .box_h = 15, .ofs_x = 1, .ofs_y = -1},
    {.bitmap_index = 41558, .adv_w = 256, .box_w = 15, .box_h = 15, .ofs_x = 0, .ofs_y = -1},
    {.bitmap_index = 41587, .adv_w = 256, .box_w = 15, .box_h = 15, .ofs_x = 0, .ofs_y = -1},
    {.bitmap_index = 41616, .adv_w = 256, .box_w = 15, .box_h = 14, .ofs_x = 1, .ofs_y = -1},
    {.bitmap_index = 41643, .adv_w = 256, .box_w = 13, .box_h = 14, .ofs_x = 1, .ofs_y = -1},
    {.bitmap_index = 41666, .adv_w = 256, .box_w = 14, .box_h = 15, .ofs_x = 1, .ofs_y = -1},
    {.bitmap_index = 41693, .adv_w = 256, .box_w = 15, .box_h = 15, .ofs_x = 0, .ofs_y = -1},
    {.bitmap_index = 41722, .adv_w = 256, .box_w = 14, .box_h = 14, .ofs_x = 1, .ofs_y = -1},
    {.bitmap_index = 41747, .adv_w = 256, .box_w = 14, .box_h = 14, .ofs_x = 0, .ofs_y = -1},
    {.bitmap_index = 41772, .adv_w = 256, .box_w = 14, .box_h = 15, .ofs_x = 1, .ofs_y = -1},
    {.bitmap_index = 41799, .adv_w = 256, .box_w = 16, .box_h = 14, .ofs_x = 1, .ofs_y = -1},
    {.bitmap_index = 41827, .adv_w = 256, .box_w = 15, .box_h = 15, .ofs_x = 0, .ofs_y = -1},
    {.bitmap_index = 41856, .adv_w = 256, .box_w = 14, .box_h = 15, .ofs_x = 1, .ofs_y = -1},
    {.bitmap_index = 41883, .adv_w = 256, .box_w = 16, .box_h = 14, .ofs_x = 0, .ofs_y = -1},
    {.bitmap_index = 41911, .adv_w = 256, .box_w = 15, .box_h = 15, .ofs_x = 0, .ofs_y = -1},
    {.bitmap_index = 41940, .adv_w = 256, .box_w = 14, .box_h = 15, .ofs_x = 1, .ofs_y = -1},
    {.bitmap_index = 41967, .adv_w = 256, .box_w = 15, .box_h = 14, .ofs_x = 0, .ofs_y = -1},
    {.bitmap_index = 41994, .adv_w = 256, .box_w = 14, .box_h = 15, .ofs_x = 1, .ofs_y = -1},
    {.bitmap_index = 42021, .adv_w = 256, .box_w = 15, .box_h = 15, .ofs_x = 0, .ofs_y = -1},
    {.bitmap_index = 42050, .adv_w = 256, .box_w = 16, .box_h = 15, .ofs_x = 0, .ofs_y = -1},
    {.bitmap_index = 42080, .adv_w = 256, .box_w = 15, .box_h = 15, .ofs_x = 0, .ofs_y = -1},
    {.bitmap_index = 42109, .adv_w = 256, .box_w = 15, .box_h = 14, .ofs_x = 1, .ofs_y = -1},
    {.bitmap_index = 42136, .adv_w = 256, .box_w = 15, .box_h = 14, .ofs_x = 0, .ofs_y = -1},
    {.bitmap_index = 42163, .adv_w = 256, .box_w = 15, .box_h = 14, .ofs_x = 1, .ofs_y = -1},
    {.bitmap_index = 42190, .adv_w = 256, .box_w = 14, .box_h = 15, .ofs_x = 1, .ofs_y = -1},
    {.bitmap_index = 42217, .adv_w = 256, .box_w = 14, .box_h = 14, .ofs_x = 1, .ofs_y = -1},
    {.bitmap_index = 42242, .adv_w = 256, .box_w = 15, .box_h = 15, .ofs_x = 0, .ofs_y = -1},
    {.bitmap_index = 42271, .adv_w = 256, .box_w = 15, .box_h = 14, .ofs_x = 1, .ofs_y = -1},
    {.bitmap_index = 42298, .adv_w = 256, .box_w = 13, .box_h = 14, .ofs_x = 1, .ofs_y = -1},
    {.bitmap_index = 42321, .adv_w = 256, .box_w = 15, .box_h = 15, .ofs_x = 1, .ofs_y = -1},
    {.bitmap_index = 42350, .adv_w = 256, .box_w = 14, .box_h = 14, .ofs_x = 1, .ofs_y = -1},
    {.bitmap_index = 42375, .adv_w = 256, .box_w = 15, .box_h = 15, .ofs_x = 1, .ofs_y = -1},
    {.bitmap_index = 42404, .adv_w = 256, .box_w = 15, .box_h = 14, .ofs_x = 1, .ofs_y = -1},
    {.bitmap_index = 42431, .adv_w = 256, .box_w = 15, .box_h = 15, .ofs_x = 0, .ofs_y = -1},
    {.bitmap_index = 42460, .adv_w = 256, .box_w = 15, .box_h = 15, .ofs_x = 0, .ofs_y = -1},
    {.bitmap_index = 42489, .adv_w = 256, .box_w = 14, .box_h = 15, .ofs_x = 0, .ofs_y = -1},
    {.bitmap_index = 42516, .adv_w = 256, .box_w = 14, .box_h = 15, .ofs_x = 1, .ofs_y = -1},
    {.bitmap_index = 42543, .adv_w = 256, .box_w = 15, .box_h = 15, .ofs_x = 0, .ofs_y = -2},
    {.bitmap_index = 42572, .adv_w = 256, .box_w = 15, .box_h = 15, .ofs_x = 0, .ofs_y = -1},
    {.bitmap_index = 42601, .adv_w = 256, .box_w = 15, .box_h = 14, .ofs_x = 1, .ofs_y = -1},
    {.bitmap_index = 42628, .adv_w = 256, .box_w = 14, .box_h = 14, .ofs_x = 1, .ofs_y = -1},
    {.bitmap_index = 42653, .adv_w = 256, .box_w = 14, .box_h = 15, .ofs_x = 1, .ofs_y = -1},
    {.bitmap_index = 42680, .adv_w = 256, .box_w = 15, .box_h = 14, .ofs_x = 1, .ofs_y = -1},
    {.bitmap_index = 42707, .adv_w = 256, .box_w = 14, .box_h = 14, .ofs_x = 1, .ofs_y = -1},
    {.bitmap_index = 42732, .adv_w = 256, .box_w = 15, .box_h = 15, .ofs_x = 0, .ofs_y = -1},
    {.bitmap_index = 42761, .adv_w = 256, .box_w = 14, .box_h = 15, .ofs_x = 1, .ofs_y = -1},
    {.bitmap_index = 42788, .adv_w = 256, .box_w = 15, .box_h = 15, .ofs_x = 1, .ofs_y = -1},
    {.bitmap_index = 42817, .adv_w = 256, .box_w = 15, .box_h = 15, .ofs_x = 0, .ofs_y = -1},
    {.bitmap_index = 42846, .adv_w = 256, .box_w = 15, .box_h = 14, .ofs_x = 0, .ofs_y = -1},
    {.bitmap_index = 42873, .adv_w = 256, .box_w = 15, .box_h = 15, .ofs_x = 1, .ofs_y = -1},
    {.bitmap_index = 42902, .adv_w = 256, .box_w = 15, .box_h = 16, .ofs_x = 0, .ofs_y = -2},
    {.bitmap_index = 42932, .adv_w = 256, .box_w = 15, .box_h = 15, .ofs_x = 0, .ofs_y = -1},
    {.bitmap_index = 42961, .adv_w = 256, .box_w = 14, .box_h = 14, .ofs_x = 1, .ofs_y = -1},
    {.bitmap_index = 42986, .adv_w = 256, .box_w = 15, .box_h = 14, .ofs_x = 0, .ofs_y = -1},
    {.bitmap_index = 43013, .adv_w = 256, .box_w = 15, .box_h = 15, .ofs_x = 1, .ofs_y = -1},
    {.bitmap_index = 43042, .adv_w = 256, .box_w = 14, .box_h = 15, .ofs_x = 1, .ofs_y = -1},
    {.bitmap_index = 43069, .adv_w = 256, .box_w = 15, .box_h = 15, .ofs_x = 0, .ofs_y = -1},
    {.bitmap_index = 43098, .adv_w = 256, .box_w = 14, .box_h = 15, .ofs_x = 0, .ofs_y = -1},
    {.bitmap_index = 43125, .adv_w = 256, .box_w = 14, .box_h = 14, .ofs_x = 1, .ofs_y = -1},
    {.bitmap_index = 43150, .adv_w = 256, .box_w = 14, .box_h = 15, .ofs_x = 1, .ofs_y = -1},
    {.bitmap_index = 43177, .adv_w = 256, .box_w = 15, .box_h = 14, .ofs_x = 0, .ofs_y = -1},
    {.bitmap_index = 43204, .adv_w = 256, .box_w = 15, .box_h = 14, .ofs_x = 0, .ofs_y = -1},
    {.bitmap_index = 43231, .adv_w = 256, .box_w = 15, .box_h = 14, .ofs_x = 0, .ofs_y = -1},
    {.bitmap_index = 43258, .adv_w = 256, .box_w = 14, .box_h = 14, .ofs_x = 1, .ofs_y = -2},
    {.bitmap_index = 43283, .adv_w = 256, .box_w = 15, .box_h = 15, .ofs_x = 1, .ofs_y = -1},
    {.bitmap_index = 43312, .adv_w = 256, .box_w = 13, .box_h = 15, .ofs_x = 1, .ofs_y = -2},
    {.bitmap_index = 43337, .adv_w = 256, .box_w = 16, .box_h = 14, .ofs_x = 0, .ofs_y = -1},
    {.bitmap_index = 43365, .adv_w = 256, .box_w = 14, .box_h = 15, .ofs_x = 1, .ofs_y = -1},
    {.bitmap_index = 43392, .adv_w = 256, .box_w = 15, .box_h = 15, .ofs_x = 0, .ofs_y = -1},
    {.bitmap_index = 43421, .adv_w = 256, .box_w = 15, .box_h = 15, .ofs_x = 0, .ofs_y = -1},
    {.bitmap_index = 43450, .adv_w = 256, .box_w = 15, .box_h = 15, .ofs_x = 0, .ofs_y = -2},
    {.bitmap_index = 43479, .adv_w = 256, .box_w = 14, .box_h = 16, .ofs_x = 1, .ofs_y = -2},
    {.bitmap_index = 43507, .adv_w = 256, .box_w = 15, .box_h = 14, .ofs_x = 1, .ofs_y = -1},
    {.bitmap_index = 43534, .adv_w = 256, .box_w = 14, .box_h = 14, .ofs_x = 1, .ofs_y = -1},
    {.bitmap_index = 43559, .adv_w = 256, .box_w = 15, .box_h = 15, .ofs_x = 0, .ofs_y = -1},
    {.bitmap_index = 43588, .adv_w = 256, .box_w = 15, .box_h = 16, .ofs_x = 1, .ofs_y = -2},
    {.bitmap_index = 43618, .adv_w = 256, .box_w = 14, .box_h = 14, .ofs_x = 1, .ofs_y = -1},
    {.bitmap_index = 43643, .adv_w = 256, .box_w = 14, .box_h = 14, .ofs_x = 1, .ofs_y = -1},
    {.bitmap_index = 43668, .adv_w = 256, .box_w = 14, .box_h = 15, .ofs_x = 1, .ofs_y = -1},
    {.bitmap_index = 43695, .adv_w = 256, .box_w = 14, .box_h = 14, .ofs_x = 2, .ofs_y = -1},
    {.bitmap_index = 43720, .adv_w = 256, .box_w = 16, .box_h = 15, .ofs_x = 0, .ofs_y = -1},
    {.bitmap_index = 43750, .adv_w = 256, .box_w = 15, .box_h = 15, .ofs_x = 0, .ofs_y = -1},
    {.bitmap_index = 43779, .adv_w = 256, .box_w = 15, .box_h = 14, .ofs_x = 0, .ofs_y = -1},
    {.bitmap_index = 43806, .adv_w = 256, .box_w = 14, .box_h = 15, .ofs_x = 0, .ofs_y = -1},
    {.bitmap_index = 43833, .adv_w = 256, .box_w = 14, .box_h = 15, .ofs_x = 1, .ofs_y = -1},
    {.bitmap_index = 43860, .adv_w = 256, .box_w = 15, .box_h = 15, .ofs_x = 1, .ofs_y = -2},
    {.bitmap_index = 43889, .adv_w = 256, .box_w = 16, .box_h = 15, .ofs_x = 1, .ofs_y = -1},
    {.bitmap_index = 43919, .adv_w = 256, .box_w = 15, .box_h = 15, .ofs_x = 0, .ofs_y = -1},
    {.bitmap_index = 43948, .adv_w = 256, .box_w = 15, .box_h = 15, .ofs_x = 1, .ofs_y = -2},
    {.bitmap_index = 43977, .adv_w = 256, .box_w = 15, .box_h = 15, .ofs_x = 0, .ofs_y = -1},
    {.bitmap_index = 44006, .adv_w = 256, .box_w = 15, .box_h = 15, .ofs_x = 0, .ofs_y = -1},
    {.bitmap_index = 44035, .adv_w = 256, .box_w = 15, .box_h = 15, .ofs_x = 1, .ofs_y = -1},
    {.bitmap_index = 44064, .adv_w = 256, .box_w = 14, .box_h = 14, .ofs_x = 1, .ofs_y = -1},
    {.bitmap_index = 44089, .adv_w = 256, .box_w = 14, .box_h = 14, .ofs_x = 1, .ofs_y = -1},
    {.bitmap_index = 44114, .adv_w = 256, .box_w = 15, .box_h = 15, .ofs_x = 1, .ofs_y = -1},
    {.bitmap_index = 44143, .adv_w = 256, .box_w = 14, .box_h = 14, .ofs_x = 1, .ofs_y = -1},
    {.bitmap_index = 44168, .adv_w = 256, .box_w = 16, .box_h = 15, .ofs_x = 0, .ofs_y = -1},
    {.bitmap_index = 44198, .adv_w = 256, .box_w = 15, .box_h = 15, .ofs_x = 1, .ofs_y = -2},
    {.bitmap_index = 44227, .adv_w = 256, .box_w = 15, .box_h = 14, .ofs_x = 0, .ofs_y = -1},
    {.bitmap_index = 44254, .adv_w = 256, .box_w = 15, .box_h = 15, .ofs_x = 1, .ofs_y = -1},
    {.bitmap_index = 44283, .adv_w = 256, .box_w = 14, .box_h = 14, .ofs_x = 1, .ofs_y = -1},
    {.bitmap_index = 44308, .adv_w = 256, .box_w = 15, .box_h = 15, .ofs_x = 1, .ofs_y = -1},
    {.bitmap_index = 44337, .adv_w = 256, .box_w = 16, .box_h = 14, .ofs_x = 1, .ofs_y = -2},
    {.bitmap_index = 44365, .adv_w = 256, .box_w = 16, .box_h = 14, .ofs_x = 0, .ofs_y = -1},
    {.bitmap_index = 44393, .adv_w = 256, .box_w = 14, .box_h = 16, .ofs_x = 0, .ofs_y = -2},
    {.bitmap_index = 44421, .adv_w = 256, .box_w = 14, .box_h = 14, .ofs_x = 1, .ofs_y = -1},
    {.bitmap_index = 44446, .adv_w = 256, .box_w = 14, .box_h = 14, .ofs_x = 1, .ofs_y = -1},
    {.bitmap_index = 44471, .adv_w = 256, .box_w = 14, .box_h = 14, .ofs_x = 1, .ofs_y = -1},
    {.bitmap_index = 44496, .adv_w = 256, .box_w = 14, .box_h = 14, .ofs_x = 1, .ofs_y = -1},
    {.bitmap_index = 44521, .adv_w = 256, .box_w = 15, .box_h = 15, .ofs_x = 0, .ofs_y = -2},
    {.bitmap_index = 44550, .adv_w = 256, .box_w = 15, .box_h = 14, .ofs_x = 0, .ofs_y = -1},
    {.bitmap_index = 44577, .adv_w = 256, .box_w = 16, .box_h = 15, .ofs_x = 0, .ofs_y = -1},
    {.bitmap_index = 44607, .adv_w = 256, .box_w = 14, .box_h = 15, .ofs_x = 1, .ofs_y = -1},
    {.bitmap_index = 44634, .adv_w = 256, .box_w = 15, .box_h = 13, .ofs_x = 0, .ofs_y = -1},
    {.bitmap_index = 44659, .adv_w = 256, .box_w = 15, .box_h = 14, .ofs_x = 1, .ofs_y = -1},
    {.bitmap_index = 44686, .adv_w = 256, .box_w = 15, .box_h = 15, .ofs_x = 0, .ofs_y = -1},
    {.bitmap_index = 44715, .adv_w = 256, .box_w = 15, .box_h = 14, .ofs_x = 1, .ofs_y = -1},
    {.bitmap_index = 44742, .adv_w = 256, .box_w = 14, .box_h = 14, .ofs_x = 1, .ofs_y = -1},
    {.bitmap_index = 44767, .adv_w = 256, .box_w = 15, .box_h = 14, .ofs_x = 1, .ofs_y = -1},
    {.bitmap_index = 44794, .adv_w = 256, .box_w = 15, .box_h = 14, .ofs_x = 0, .ofs_y = -1},
    {.bitmap_index = 44821, .adv_w = 256, .box_w = 15, .box_h = 14, .ofs_x = 0, .ofs_y = -1},
    {.bitmap_index = 44848, .adv_w = 256, .box_w = 15, .box_h = 14, .ofs_x = 0, .ofs_y = -1},
    {.bitmap_index = 44875, .adv_w = 256, .box_w = 15, .box_h = 14, .ofs_x = 0, .ofs_y = -1},
    {.bitmap_index = 44902, .adv_w = 256, .box_w = 15, .box_h = 14, .ofs_x = 0, .ofs_y = -1},
    {.bitmap_index = 44929, .adv_w = 256, .box_w = 14, .box_h = 14, .ofs_x = 1, .ofs_y = -1},
    {.bitmap_index = 44954, .adv_w = 256, .box_w = 14, .box_h = 15, .ofs_x = 1, .ofs_y = -1},
    {.bitmap_index = 44981, .adv_w = 256, .box_w = 15, .box_h = 14, .ofs_x = 1, .ofs_y = -1},
    {.bitmap_index = 45008, .adv_w = 256, .box_w = 15, .box_h = 14, .ofs_x = 0, .ofs_y = -1},
    {.bitmap_index = 45035, .adv_w = 256, .box_w = 16, .box_h = 15, .ofs_x = 0, .ofs_y = -1},
    {.bitmap_index = 45065, .adv_w = 256, .box_w = 15, .box_h = 14, .ofs_x = 1, .ofs_y = -1},
    {.bitmap_index = 45092, .adv_w = 256, .box_w = 14, .box_h = 14, .ofs_x = 1, .ofs_y = -1},
    {.bitmap_index = 45117, .adv_w = 256, .box_w = 15, .box_h = 15, .ofs_x = 0, .ofs_y = -1},
    {.bitmap_index = 45146, .adv_w = 256, .box_w = 14, .box_h = 14, .ofs_x = 1, .ofs_y = -1},
    {.bitmap_index = 45171, .adv_w = 256, .box_w = 15, .box_h = 15, .ofs_x = 0, .ofs_y = -1},
    {.bitmap_index = 45200, .adv_w = 256, .box_w = 15, .box_h = 15, .ofs_x = 0, .ofs_y = -1},
    {.bitmap_index = 45229, .adv_w = 256, .box_w = 15, .box_h = 15, .ofs_x = 0, .ofs_y = -1},
    {.bitmap_index = 45258, .adv_w = 256, .box_w = 14, .box_h = 15, .ofs_x = 1, .ofs_y = -1},
    {.bitmap_index = 45285, .adv_w = 256, .box_w = 15, .box_h = 14, .ofs_x = 1, .ofs_y = -1},
    {.bitmap_index = 45312, .adv_w = 256, .box_w = 16, .box_h = 14, .ofs_x = 0, .ofs_y = -1},
    {.bitmap_index = 45340, .adv_w = 256, .box_w = 15, .box_h = 14, .ofs_x = 1, .ofs_y = -1},
    {.bitmap_index = 45367, .adv_w = 256, .box_w = 15, .box_h = 14, .ofs_x = 0, .ofs_y = -1},
    {.bitmap_index = 45394, .adv_w = 256, .box_w = 15, .box_h = 14, .ofs_x = 0, .ofs_y = -1},
    {.bitmap_index = 45421, .adv_w = 256, .box_w = 15, .box_h = 14, .ofs_x = 1, .ofs_y = -1},
    {.bitmap_index = 45448, .adv_w = 256, .box_w = 14, .box_h = 15, .ofs_x = 1, .ofs_y = -1},
    {.bitmap_index = 45475, .adv_w = 256, .box_w = 16, .box_h = 14, .ofs_x = 0, .ofs_y = -1},
    {.bitmap_index = 45503, .adv_w = 256, .box_w = 14, .box_h = 15, .ofs_x = 1, .ofs_y = -1},
    {.bitmap_index = 45530, .adv_w = 256, .box_w = 16, .box_h = 14, .ofs_x = 0, .ofs_y = -1},
    {.bitmap_index = 45558, .adv_w = 256, .box_w = 16, .box_h = 14, .ofs_x = 0, .ofs_y = -1},
    {.bitmap_index = 45586, .adv_w = 256, .box_w = 15, .box_h = 14, .ofs_x = 0, .ofs_y = -1},
    {.bitmap_index = 45613, .adv_w = 256, .box_w = 15, .box_h = 15, .ofs_x = 1, .ofs_y = -1},
    {.bitmap_index = 45642, .adv_w = 256, .box_w = 15, .box_h = 15, .ofs_x = 0, .ofs_y = -1},
    {.bitmap_index = 45671, .adv_w = 256, .box_w = 15, .box_h = 15, .ofs_x = 0, .ofs_y = -1},
    {.bitmap_index = 45700, .adv_w = 256, .box_w = 15, .box_h = 14, .ofs_x = 0, .ofs_y = -1},
    {.bitmap_index = 45727, .adv_w = 256, .box_w = 15, .box_h = 15, .ofs_x = 0, .ofs_y = -1},
    {.bitmap_index = 45756, .adv_w = 256, .box_w = 15, .box_h = 14, .ofs_x = 1, .ofs_y = -1},
    {.bitmap_index = 45783, .adv_w = 256, .box_w = 15, .box_h = 15, .ofs_x = 1, .ofs_y = -1},
    {.bitmap_index = 45812, .adv_w = 256, .box_w = 15, .box_h = 15, .ofs_x = 0, .ofs_y = -1},
    {.bitmap_index = 45841, .adv_w = 256, .box_w = 14, .box_h = 15, .ofs_x = 1, .ofs_y = -1},
    {.bitmap_index = 45868, .adv_w = 256, .box_w = 15, .box_h = 13, .ofs_x = 0, .ofs_y = -1},
    {.bitmap_index = 45893, .adv_w = 256, .box_w = 15, .box_h = 13, .ofs_x = 0, .ofs_y = -1},
    {.bitmap_index = 45918, .adv_w = 256, .box_w = 14, .box_h = 13, .ofs_x = 1, .ofs_y = -1},
    {.bitmap_index = 45941, .adv_w = 256, .box_w = 14, .box_h = 13, .ofs_x = 1, .ofs_y = -1},
    {.bitmap_index = 45964, .adv_w = 256, .box_w = 14, .box_h = 15, .ofs_x = 1, .ofs_y = -1},
    {.bitmap_index = 45991, .adv_w = 256, .box_w = 14, .box_h = 13, .ofs_x = 1, .ofs_y = -1},
    {.bitmap_index = 46014, .adv_w = 256, .box_w = 14, .box_h = 15, .ofs_x = 1, .ofs_y = -2},
    {.bitmap_index = 46041, .adv_w = 256, .box_w = 14, .box_h = 15, .ofs_x = 1, .ofs_y = -1},
    {.bitmap_index = 46068, .adv_w = 256, .box_w = 14, .box_h = 16, .ofs_x = 1, .ofs_y = -2},
    {.bitmap_index = 46096, .adv_w = 256, .box_w = 15, .box_h = 15, .ofs_x = 1, .ofs_y = -1},
    {.bitmap_index = 46125, .adv_w = 256, .box_w = 14, .box_h = 14, .ofs_x = 1, .ofs_y = -1},
    {.bitmap_index = 46150, .adv_w = 256, .box_w = 15, .box_h = 14, .ofs_x = 1, .ofs_y = -1},
    {.bitmap_index = 46177, .adv_w = 256, .box_w = 15, .box_h = 15, .ofs_x = 1, .ofs_y = -2},
    {.bitmap_index = 46206, .adv_w = 256, .box_w = 15, .box_h = 15, .ofs_x = 1, .ofs_y = -1},
    {.bitmap_index = 46235, .adv_w = 256, .box_w = 15, .box_h = 13, .ofs_x = 1, .ofs_y = -1},
    {.bitmap_index = 46260, .adv_w = 256, .box_w = 14, .box_h = 15, .ofs_x = 1, .ofs_y = -1},
    {.bitmap_index = 46287, .adv_w = 256, .box_w = 15, .box_h = 13, .ofs_x = 1, .ofs_y = -1},
    {.bitmap_index = 46312, .adv_w = 256, .box_w = 15, .box_h = 15, .ofs_x = 1, .ofs_y = -1},
    {.bitmap_index = 46341, .adv_w = 256, .box_w = 15, .box_h = 15, .ofs_x = 1, .ofs_y = -2},
    {.bitmap_index = 46370, .adv_w = 256, .box_w = 15, .box_h = 14, .ofs_x = 1, .ofs_y = -1},
    {.bitmap_index = 46397, .adv_w = 256, .box_w = 14, .box_h = 14, .ofs_x = 1, .ofs_y = -1},
    {.bitmap_index = 46422, .adv_w = 256, .box_w = 15, .box_h = 14, .ofs_x = 1, .ofs_y = -1},
    {.bitmap_index = 46449, .adv_w = 256, .box_w = 15, .box_h = 14, .ofs_x = 1, .ofs_y = -1},
    {.bitmap_index = 46476, .adv_w = 256, .box_w = 14, .box_h = 14, .ofs_x = 1, .ofs_y = -1},
    {.bitmap_index = 46501, .adv_w = 256, .box_w = 13, .box_h = 13, .ofs_x = 1, .ofs_y = -1},
    {.bitmap_index = 46523, .adv_w = 256, .box_w = 15, .box_h = 15, .ofs_x = 1, .ofs_y = -1},
    {.bitmap_index = 46552, .adv_w = 256, .box_w = 15, .box_h = 15, .ofs_x = 0, .ofs_y = -1},
    {.bitmap_index = 46581, .adv_w = 256, .box_w = 14, .box_h = 14, .ofs_x = 1, .ofs_y = -1},
    {.bitmap_index = 46606, .adv_w = 256, .box_w = 14, .box_h = 14, .ofs_x = 1, .ofs_y = -1},
    {.bitmap_index = 46631, .adv_w = 256, .box_w = 15, .box_h = 14, .ofs_x = 0, .ofs_y = -1},
    {.bitmap_index = 46658, .adv_w = 256, .box_w = 15, .box_h = 14, .ofs_x = 1, .ofs_y = -1},
    {.bitmap_index = 46685, .adv_w = 256, .box_w = 14, .box_h = 13, .ofs_x = 1, .ofs_y = -1},
    {.bitmap_index = 46708, .adv_w = 256, .box_w = 16, .box_h = 14, .ofs_x = 0, .ofs_y = -1},
    {.bitmap_index = 46736, .adv_w = 256, .box_w = 13, .box_h = 13, .ofs_x = 2, .ofs_y = -1},
    {.bitmap_index = 46758, .adv_w = 256, .box_w = 12, .box_h = 14, .ofs_x = 2, .ofs_y = -1},
    {.bitmap_index = 46779, .adv_w = 256, .box_w = 12, .box_h = 13, .ofs_x = 2, .ofs_y = -1},
    {.bitmap_index = 46799, .adv_w = 256, .box_w = 12, .box_h = 14, .ofs_x = 2, .ofs_y = -1},
    {.bitmap_index = 46820, .adv_w = 256, .box_w = 14, .box_h = 14, .ofs_x = 2, .ofs_y = -1},
    {.bitmap_index = 46845, .adv_w = 256, .box_w = 12, .box_h = 14, .ofs_x = 1, .ofs_y = -1},
    {.bitmap_index = 46866, .adv_w = 256, .box_w = 14, .box_h = 15, .ofs_x = 0, .ofs_y = -1},
    {.bitmap_index = 46893, .adv_w = 256, .box_w = 13, .box_h = 13, .ofs_x = 1, .ofs_y = -1},
    {.bitmap_index = 46915, .adv_w = 256, .box_w = 14, .box_h = 14, .ofs_x = 1, .ofs_y = -1},
    {.bitmap_index = 46940, .adv_w = 256, .box_w = 15, .box_h = 14, .ofs_x = 0, .ofs_y = -1},
    {.bitmap_index = 46967, .adv_w = 256, .box_w = 14, .box_h = 14, .ofs_x = 1, .ofs_y = -1},
    {.bitmap_index = 46992, .adv_w = 256, .box_w = 14, .box_h = 14, .ofs_x = 1, .ofs_y = -1},
    {.bitmap_index = 47017, .adv_w = 256, .box_w = 12, .box_h = 14, .ofs_x = 2, .ofs_y = -1},
    {.bitmap_index = 47038, .adv_w = 256, .box_w = 14, .box_h = 15, .ofs_x = 1, .ofs_y = -1},
    {.bitmap_index = 47065, .adv_w = 256, .box_w = 15, .box_h = 14, .ofs_x = 1, .ofs_y = -1},
    {.bitmap_index = 47092, .adv_w = 256, .box_w = 15, .box_h = 14, .ofs_x = 0, .ofs_y = -1},
    {.bitmap_index = 47119, .adv_w = 256, .box_w = 15, .box_h = 14, .ofs_x = 0, .ofs_y = -1},
    {.bitmap_index = 47146, .adv_w = 256, .box_w = 15, .box_h = 15, .ofs_x = 0, .ofs_y = -1},
    {.bitmap_index = 47175, .adv_w = 256, .box_w = 15, .box_h = 14, .ofs_x = 0, .ofs_y = -1},
    {.bitmap_index = 47202, .adv_w = 256, .box_w = 15, .box_h = 15, .ofs_x = 0, .ofs_y = -1},
    {.bitmap_index = 47231, .adv_w = 256, .box_w = 15, .box_h = 15, .ofs_x = 0, .ofs_y = -1},
    {.bitmap_index = 47260, .adv_w = 256, .box_w = 16, .box_h = 15, .ofs_x = 0, .ofs_y = -1},
    {.bitmap_index = 47290, .adv_w = 256, .box_w = 15, .box_h = 15, .ofs_x = 0, .ofs_y = -1},
    {.bitmap_index = 47319, .adv_w = 256, .box_w = 15, .box_h = 16, .ofs_x = 0, .ofs_y = -2},
    {.bitmap_index = 47349, .adv_w = 256, .box_w = 15, .box_h = 15, .ofs_x = 0, .ofs_y = -1},
    {.bitmap_index = 47378, .adv_w = 256, .box_w = 15, .box_h = 15, .ofs_x = 0, .ofs_y = -1},
    {.bitmap_index = 47407, .adv_w = 256, .box_w = 15, .box_h = 16, .ofs_x = 0, .ofs_y = -2},
    {.bitmap_index = 47437, .adv_w = 256, .box_w = 15, .box_h = 15, .ofs_x = 0, .ofs_y = -1},
    {.bitmap_index = 47466, .adv_w = 256, .box_w = 16, .box_h = 15, .ofs_x = 0, .ofs_y = -1},
    {.bitmap_index = 47496, .adv_w = 256, .box_w = 16, .box_h = 15, .ofs_x = 0, .ofs_y = -1},
    {.bitmap_index = 47526, .adv_w = 256, .box_w = 15, .box_h = 15, .ofs_x = 0, .ofs_y = -1},
    {.bitmap_index = 47555, .adv_w = 256, .box_w = 16, .box_h = 15, .ofs_x = 0, .ofs_y = -1},
    {.bitmap_index = 47585, .adv_w = 256, .box_w = 16, .box_h = 15, .ofs_x = 0, .ofs_y = -1},
    {.bitmap_index = 47615, .adv_w = 256, .box_w = 15, .box_h = 15, .ofs_x = 0, .ofs_y = -1},
    {.bitmap_index = 47644, .adv_w = 256, .box_w = 15, .box_h = 15, .ofs_x = 0, .ofs_y = -1},
    {.bitmap_index = 47673, .adv_w = 256, .box_w = 16, .box_h = 15, .ofs_x = 0, .ofs_y = -2},
    {.bitmap_index = 47703, .adv_w = 256, .box_w = 16, .box_h = 15, .ofs_x = 0, .ofs_y = -1},
    {.bitmap_index = 47733, .adv_w = 256, .box_w = 15, .box_h = 15, .ofs_x = 0, .ofs_y = -1},
    {.bitmap_index = 47762, .adv_w = 256, .box_w = 16, .box_h = 15, .ofs_x = 0, .ofs_y = -1},
    {.bitmap_index = 47792, .adv_w = 256, .box_w = 16, .box_h = 15, .ofs_x = 0, .ofs_y = -1},
    {.bitmap_index = 47822, .adv_w = 256, .box_w = 16, .box_h = 16, .ofs_x = 0, .ofs_y = -2},
    {.bitmap_index = 47854, .adv_w = 256, .box_w = 14, .box_h = 15, .ofs_x = 1, .ofs_y = -1},
    {.bitmap_index = 47881, .adv_w = 256, .box_w = 11, .box_h = 15, .ofs_x = 2, .ofs_y = -1},
    {.bitmap_index = 47902, .adv_w = 256, .box_w = 14, .box_h = 14, .ofs_x = 1, .ofs_y = -1},
    {.bitmap_index = 47927, .adv_w = 256, .box_w = 13, .box_h = 15, .ofs_x = 1, .ofs_y = -1},
    {.bitmap_index = 47952, .adv_w = 256, .box_w = 13, .box_h = 14, .ofs_x = 2, .ofs_y = -1},
    {.bitmap_index = 47975, .adv_w = 256, .box_w = 15, .box_h = 15, .ofs_x = 1, .ofs_y = -1},
    {.bitmap_index = 48004, .adv_w = 256, .box_w = 14, .box_h = 15, .ofs_x = 1, .ofs_y = -1},
    {.bitmap_index = 48031, .adv_w = 256, .box_w = 15, .box_h = 15, .ofs_x = 1, .ofs_y = -2},
    {.bitmap_index = 48060, .adv_w = 256, .box_w = 15, .box_h = 14, .ofs_x = 1, .ofs_y = -1},
    {.bitmap_index = 48087, .adv_w = 256, .box_w = 15, .box_h = 15, .ofs_x = 0, .ofs_y = -1},
    {.bitmap_index = 48116, .adv_w = 256, .box_w = 15, .box_h = 14, .ofs_x = 0, .ofs_y = -1},
    {.bitmap_index = 48143, .adv_w = 256, .box_w = 14, .box_h = 14, .ofs_x = 1, .ofs_y = -1},
    {.bitmap_index = 48168, .adv_w = 256, .box_w = 14, .box_h = 15, .ofs_x = 1, .ofs_y = -1},
    {.bitmap_index = 48195, .adv_w = 256, .box_w = 15, .box_h = 15, .ofs_x = 1, .ofs_y = -1},
    {.bitmap_index = 48224, .adv_w = 256, .box_w = 15, .box_h = 14, .ofs_x = 0, .ofs_y = -1},
    {.bitmap_index = 48251, .adv_w = 256, .box_w = 14, .box_h = 14, .ofs_x = 1, .ofs_y = -1},
    {.bitmap_index = 48276, .adv_w = 256, .box_w = 16, .box_h = 14, .ofs_x = 0, .ofs_y = -1},
    {.bitmap_index = 48304, .adv_w = 256, .box_w = 15, .box_h = 15, .ofs_x = 0, .ofs_y = -1},
    {.bitmap_index = 48333, .adv_w = 256, .box_w = 15, .box_h = 14, .ofs_x = 0, .ofs_y = -1},
    {.bitmap_index = 48360, .adv_w = 256, .box_w = 14, .box_h = 15, .ofs_x = 1, .ofs_y = -1},
    {.bitmap_index = 48387, .adv_w = 256, .box_w = 15, .box_h = 14, .ofs_x = 1, .ofs_y = -1},
    {.bitmap_index = 48414, .adv_w = 256, .box_w = 11, .box_h = 13, .ofs_x = 3, .ofs_y = -1},
    {.bitmap_index = 48432, .adv_w = 256, .box_w = 14, .box_h = 14, .ofs_x = 1, .ofs_y = -1},
    {.bitmap_index = 48457, .adv_w = 256, .box_w = 14, .box_h = 15, .ofs_x = 1, .ofs_y = -1},
    {.bitmap_index = 48484, .adv_w = 256, .box_w = 14, .box_h = 15, .ofs_x = 1, .ofs_y = -1},
    {.bitmap_index = 48511, .adv_w = 256, .box_w = 14, .box_h = 14, .ofs_x = 1, .ofs_y = -1},
    {.bitmap_index = 48536, .adv_w = 256, .box_w = 15, .box_h = 15, .ofs_x = 1, .ofs_y = -1},
    {.bitmap_index = 48565, .adv_w = 256, .box_w = 15, .box_h = 14, .ofs_x = 0, .ofs_y = -1},
    {.bitmap_index = 48592, .adv_w = 256, .box_w = 15, .box_h = 14, .ofs_x = 0, .ofs_y = -1},
    {.bitmap_index = 48619, .adv_w = 256, .box_w = 14, .box_h = 14, .ofs_x = 0, .ofs_y = -1},
    {.bitmap_index = 48644, .adv_w = 256, .box_w = 14, .box_h = 15, .ofs_x = 1, .ofs_y = -1},
    {.bitmap_index = 48671, .adv_w = 256, .box_w = 14, .box_h = 15, .ofs_x = 1, .ofs_y = -1},
    {.bitmap_index = 48698, .adv_w = 256, .box_w = 14, .box_h = 13, .ofs_x = 1, .ofs_y = -1},
    {.bitmap_index = 48721, .adv_w = 256, .box_w = 14, .box_h = 14, .ofs_x = 1, .ofs_y = -1},
    {.bitmap_index = 48746, .adv_w = 256, .box_w = 14, .box_h = 15, .ofs_x = 1, .ofs_y = -1},
    {.bitmap_index = 48773, .adv_w = 256, .box_w = 14, .box_h = 14, .ofs_x = 1, .ofs_y = -1},
    {.bitmap_index = 48798, .adv_w = 256, .box_w = 15, .box_h = 14, .ofs_x = 1, .ofs_y = -1},
    {.bitmap_index = 48825, .adv_w = 256, .box_w = 14, .box_h = 14, .ofs_x = 1, .ofs_y = -2},
    {.bitmap_index = 48850, .adv_w = 256, .box_w = 14, .box_h = 15, .ofs_x = 1, .ofs_y = -1},
    {.bitmap_index = 48877, .adv_w = 256, .box_w = 14, .box_h = 14, .ofs_x = 1, .ofs_y = -1},
    {.bitmap_index = 48902, .adv_w = 256, .box_w = 14, .box_h = 14, .ofs_x = 1, .ofs_y = -1},
    {.bitmap_index = 48927, .adv_w = 256, .box_w = 14, .box_h = 14, .ofs_x = 1, .ofs_y = -1},
    {.bitmap_index = 48952, .adv_w = 256, .box_w = 14, .box_h = 14, .ofs_x = 1, .ofs_y = -1},
    {.bitmap_index = 48977, .adv_w = 256, .box_w = 15, .box_h = 14, .ofs_x = 1, .ofs_y = -1},
    {.bitmap_index = 49004, .adv_w = 256, .box_w = 14, .box_h = 14, .ofs_x = 1, .ofs_y = -1},
    {.bitmap_index = 49029, .adv_w = 256, .box_w = 15, .box_h = 15, .ofs_x = 1, .ofs_y = -2},
    {.bitmap_index = 49058, .adv_w = 256, .box_w = 15, .box_h = 14, .ofs_x = 1, .ofs_y = -1},
    {.bitmap_index = 49085, .adv_w = 256, .box_w = 14, .box_h = 14, .ofs_x = 1, .ofs_y = -1},
    {.bitmap_index = 49110, .adv_w = 256, .box_w = 14, .box_h = 15, .ofs_x = 1, .ofs_y = -1},
    {.bitmap_index = 49137, .adv_w = 256, .box_w = 14, .box_h = 15, .ofs_x = 1, .ofs_y = -1},
    {.bitmap_index = 49164, .adv_w = 256, .box_w = 14, .box_h = 14, .ofs_x = 1, .ofs_y = -2},
    {.bitmap_index = 49189, .adv_w = 256, .box_w = 14, .box_h = 14, .ofs_x = 1, .ofs_y = -1},
    {.bitmap_index = 49214, .adv_w = 256, .box_w = 14, .box_h = 14, .ofs_x = 1, .ofs_y = -1},
    {.bitmap_index = 49239, .adv_w = 256, .box_w = 15, .box_h = 16, .ofs_x = 1, .ofs_y = -2},
    {.bitmap_index = 49269, .adv_w = 256, .box_w = 14, .box_h = 14, .ofs_x = 1, .ofs_y = -1},
    {.bitmap_index = 49294, .adv_w = 256, .box_w = 14, .box_h = 14, .ofs_x = 1, .ofs_y = -1},
    {.bitmap_index = 49319, .adv_w = 256, .box_w = 14, .box_h = 15, .ofs_x = 1, .ofs_y = -1},
    {.bitmap_index = 49346, .adv_w = 256, .box_w = 14, .box_h = 14, .ofs_x = 1, .ofs_y = -1},
    {.bitmap_index = 49371, .adv_w = 256, .box_w = 14, .box_h = 14, .ofs_x = 1, .ofs_y = -1},
    {.bitmap_index = 49396, .adv_w = 256, .box_w = 14, .box_h = 15, .ofs_x = 0, .ofs_y = -1},
    {.bitmap_index = 49423, .adv_w = 256, .box_w = 14, .box_h = 15, .ofs_x = 1, .ofs_y = -1},
    {.bitmap_index = 49450, .adv_w = 256, .box_w = 15, .box_h = 14, .ofs_x = 0, .ofs_y = -1},
    {.bitmap_index = 49477, .adv_w = 256, .box_w = 15, .box_h = 15, .ofs_x = 0, .ofs_y = -1},
    {.bitmap_index = 49506, .adv_w = 256, .box_w = 15, .box_h = 14, .ofs_x = 0, .ofs_y = -1},
    {.bitmap_index = 49533, .adv_w = 256, .box_w = 14, .box_h = 13, .ofs_x = 1, .ofs_y = -1},
    {.bitmap_index = 49556, .adv_w = 256, .box_w = 15, .box_h = 14, .ofs_x = 1, .ofs_y = -1},
    {.bitmap_index = 49583, .adv_w = 256, .box_w = 14, .box_h = 13, .ofs_x = 1, .ofs_y = -1},
    {.bitmap_index = 49606, .adv_w = 256, .box_w = 14, .box_h = 15, .ofs_x = 1, .ofs_y = -1},
    {.bitmap_index = 49633, .adv_w = 256, .box_w = 14, .box_h = 14, .ofs_x = 1, .ofs_y = -1},
    {.bitmap_index = 49658, .adv_w = 256, .box_w = 14, .box_h = 13, .ofs_x = 1, .ofs_y = -1},
    {.bitmap_index = 49681, .adv_w = 256, .box_w = 14, .box_h = 15, .ofs_x = 1, .ofs_y = -1},
    {.bitmap_index = 49708, .adv_w = 256, .box_w = 14, .box_h = 14, .ofs_x = 1, .ofs_y = -1},
    {.bitmap_index = 49733, .adv_w = 256, .box_w = 14, .box_h = 14, .ofs_x = 1, .ofs_y = -1},
    {.bitmap_index = 49758, .adv_w = 256, .box_w = 15, .box_h = 15, .ofs_x = 1, .ofs_y = -1},
    {.bitmap_index = 49787, .adv_w = 256, .box_w = 14, .box_h = 14, .ofs_x = 1, .ofs_y = -1},
    {.bitmap_index = 49812, .adv_w = 256, .box_w = 15, .box_h = 14, .ofs_x = 1, .ofs_y = -1},
    {.bitmap_index = 49839, .adv_w = 256, .box_w = 15, .box_h = 14, .ofs_x = 1, .ofs_y = -1},
    {.bitmap_index = 49866, .adv_w = 256, .box_w = 14, .box_h = 14, .ofs_x = 1, .ofs_y = -1},
    {.bitmap_index = 49891, .adv_w = 256, .box_w = 14, .box_h = 14, .ofs_x = 1, .ofs_y = -1},
    {.bitmap_index = 49916, .adv_w = 256, .box_w = 14, .box_h = 14, .ofs_x = 1, .ofs_y = -1},
    {.bitmap_index = 49941, .adv_w = 256, .box_w = 14, .box_h = 14, .ofs_x = 1, .ofs_y = -1},
    {.bitmap_index = 49966, .adv_w = 256, .box_w = 14, .box_h = 14, .ofs_x = 1, .ofs_y = -1},
    {.bitmap_index = 49991, .adv_w = 256, .box_w = 15, .box_h = 15, .ofs_x = 1, .ofs_y = -1},
    {.bitmap_index = 50020, .adv_w = 256, .box_w = 14, .box_h = 15, .ofs_x = 1, .ofs_y = -1},
    {.bitmap_index = 50047, .adv_w = 256, .box_w = 15, .box_h = 14, .ofs_x = 1, .ofs_y = -1},
    {.bitmap_index = 50074, .adv_w = 256, .box_w = 14, .box_h = 14, .ofs_x = 1, .ofs_y = -1},
    {.bitmap_index = 50099, .adv_w = 256, .box_w = 15, .box_h = 15, .ofs_x = 1, .ofs_y = -1},
    {.bitmap_index = 50128, .adv_w = 256, .box_w = 14, .box_h = 14, .ofs_x = 1, .ofs_y = -1},
    {.bitmap_index = 50153, .adv_w = 256, .box_w = 15, .box_h = 15, .ofs_x = 1, .ofs_y = -1},
    {.bitmap_index = 50182, .adv_w = 256, .box_w = 15, .box_h = 14, .ofs_x = 0, .ofs_y = -1},
    {.bitmap_index = 50209, .adv_w = 256, .box_w = 15, .box_h = 15, .ofs_x = 1, .ofs_y = -1},
    {.bitmap_index = 50238, .adv_w = 256, .box_w = 15, .box_h = 15, .ofs_x = 1, .ofs_y = -1},
    {.bitmap_index = 50267, .adv_w = 256, .box_w = 14, .box_h = 13, .ofs_x = 1, .ofs_y = -1},
    {.bitmap_index = 50290, .adv_w = 256, .box_w = 16, .box_h = 15, .ofs_x = 0, .ofs_y = -1},
    {.bitmap_index = 50320, .adv_w = 256, .box_w = 15, .box_h = 14, .ofs_x = 0, .ofs_y = -1},
    {.bitmap_index = 50347, .adv_w = 256, .box_w = 16, .box_h = 15, .ofs_x = -1, .ofs_y = -1},
    {.bitmap_index = 50377, .adv_w = 256, .box_w = 15, .box_h = 14, .ofs_x = 0, .ofs_y = -1},
    {.bitmap_index = 50404, .adv_w = 256, .box_w = 15, .box_h = 15, .ofs_x = 0, .ofs_y = -1},
    {.bitmap_index = 50433, .adv_w = 256, .box_w = 15, .box_h = 15, .ofs_x = 0, .ofs_y = -1},
    {.bitmap_index = 50462, .adv_w = 256, .box_w = 15, .box_h = 14, .ofs_x = 0, .ofs_y = -1},
    {.bitmap_index = 50489, .adv_w = 256, .box_w = 14, .box_h = 14, .ofs_x = 1, .ofs_y = -1},
    {.bitmap_index = 50514, .adv_w = 256, .box_w = 15, .box_h = 14, .ofs_x = 0, .ofs_y = -1},
    {.bitmap_index = 50541, .adv_w = 256, .box_w = 15, .box_h = 14, .ofs_x = 1, .ofs_y = -1},
    {.bitmap_index = 50568, .adv_w = 256, .box_w = 14, .box_h = 14, .ofs_x = 1, .ofs_y = -1},
    {.bitmap_index = 50593, .adv_w = 256, .box_w = 16, .box_h = 14, .ofs_x = 0, .ofs_y = -1},
    {.bitmap_index = 50621, .adv_w = 256, .box_w = 15, .box_h = 15, .ofs_x = 0, .ofs_y = -1},
    {.bitmap_index = 50650, .adv_w = 256, .box_w = 14, .box_h = 15, .ofs_x = 1, .ofs_y = -1},
    {.bitmap_index = 50677, .adv_w = 256, .box_w = 15, .box_h = 15, .ofs_x = 0, .ofs_y = -1},
    {.bitmap_index = 50706, .adv_w = 256, .box_w = 14, .box_h = 15, .ofs_x = 1, .ofs_y = -1},
    {.bitmap_index = 50733, .adv_w = 256, .box_w = 15, .box_h = 14, .ofs_x = 0, .ofs_y = -1},
    {.bitmap_index = 50760, .adv_w = 256, .box_w = 15, .box_h = 14, .ofs_x = 0, .ofs_y = -1},
    {.bitmap_index = 50787, .adv_w = 256, .box_w = 15, .box_h = 15, .ofs_x = 1, .ofs_y = -1},
    {.bitmap_index = 50816, .adv_w = 256, .box_w = 15, .box_h = 14, .ofs_x = 0, .ofs_y = -1},
    {.bitmap_index = 50843, .adv_w = 256, .box_w = 15, .box_h = 14, .ofs_x = 1, .ofs_y = -1},
    {.bitmap_index = 50870, .adv_w = 256, .box_w = 15, .box_h = 14, .ofs_x = 1, .ofs_y = -1},
    {.bitmap_index = 50897, .adv_w = 256, .box_w = 16, .box_h = 15, .ofs_x = 0, .ofs_y = -1},
    {.bitmap_index = 50927, .adv_w = 256, .box_w = 15, .box_h = 15, .ofs_x = 0, .ofs_y = -1},
    {.bitmap_index = 50956, .adv_w = 256, .box_w = 15, .box_h = 14, .ofs_x = 1, .ofs_y = -1},
    {.bitmap_index = 50983, .adv_w = 256, .box_w = 15, .box_h = 15, .ofs_x = 1, .ofs_y = -1},
    {.bitmap_index = 51012, .adv_w = 256, .box_w = 15, .box_h = 15, .ofs_x = 0, .ofs_y = -1},
    {.bitmap_index = 51041, .adv_w = 256, .box_w = 15, .box_h = 14, .ofs_x = 0, .ofs_y = -1},
    {.bitmap_index = 51068, .adv_w = 256, .box_w = 15, .box_h = 14, .ofs_x = 1, .ofs_y = -1},
    {.bitmap_index = 51095, .adv_w = 256, .box_w = 16, .box_h = 15, .ofs_x = 0, .ofs_y = -1},
    {.bitmap_index = 51125, .adv_w = 256, .box_w = 15, .box_h = 15, .ofs_x = 1, .ofs_y = -1},
    {.bitmap_index = 51154, .adv_w = 256, .box_w = 15, .box_h = 14, .ofs_x = 0, .ofs_y = -1},
    {.bitmap_index = 51181, .adv_w = 256, .box_w = 15, .box_h = 14, .ofs_x = 0, .ofs_y = -1},
    {.bitmap_index = 51208, .adv_w = 256, .box_w = 15, .box_h = 14, .ofs_x = 0, .ofs_y = -1},
    {.bitmap_index = 51235, .adv_w = 256, .box_w = 15, .box_h = 15, .ofs_x = 0, .ofs_y = -1},
    {.bitmap_index = 51264, .adv_w = 256, .box_w = 15, .box_h = 14, .ofs_x = 0, .ofs_y = -1},
    {.bitmap_index = 51291, .adv_w = 256, .box_w = 15, .box_h = 15, .ofs_x = 0, .ofs_y = -1},
    {.bitmap_index = 51320, .adv_w = 256, .box_w = 15, .box_h = 15, .ofs_x = 1, .ofs_y = -1},
    {.bitmap_index = 51349, .adv_w = 256, .box_w = 14, .box_h = 15, .ofs_x = 1, .ofs_y = -1},
    {.bitmap_index = 51376, .adv_w = 256, .box_w = 14, .box_h = 14, .ofs_x = 1, .ofs_y = -1},
    {.bitmap_index = 51401, .adv_w = 256, .box_w = 14, .box_h = 15, .ofs_x = 1, .ofs_y = -1},
    {.bitmap_index = 51428, .adv_w = 256, .box_w = 14, .box_h = 16, .ofs_x = 1, .ofs_y = -2},
    {.bitmap_index = 51456, .adv_w = 256, .box_w = 14, .box_h = 15, .ofs_x = 1, .ofs_y = -1},
    {.bitmap_index = 51483, .adv_w = 256, .box_w = 15, .box_h = 15, .ofs_x = 0, .ofs_y = -1},
    {.bitmap_index = 51512, .adv_w = 256, .box_w = 14, .box_h = 15, .ofs_x = 1, .ofs_y = -1},
    {.bitmap_index = 51539, .adv_w = 256, .box_w = 15, .box_h = 14, .ofs_x = 0, .ofs_y = -1},
    {.bitmap_index = 51566, .adv_w = 256, .box_w = 14, .box_h = 15, .ofs_x = 1, .ofs_y = -1},
    {.bitmap_index = 51593, .adv_w = 256, .box_w = 15, .box_h = 15, .ofs_x = 0, .ofs_y = -1},
    {.bitmap_index = 51622, .adv_w = 256, .box_w = 15, .box_h = 15, .ofs_x = 1, .ofs_y = -1},
    {.bitmap_index = 51651, .adv_w = 256, .box_w = 15, .box_h = 14, .ofs_x = 1, .ofs_y = -1},
    {.bitmap_index = 51678, .adv_w = 256, .box_w = 14, .box_h = 14, .ofs_x = 1, .ofs_y = -1},
    {.bitmap_index = 51703, .adv_w = 256, .box_w = 14, .box_h = 14, .ofs_x = 1, .ofs_y = -1},
    {.bitmap_index = 51728, .adv_w = 256, .box_w = 14, .box_h = 15, .ofs_x = 1, .ofs_y = -1},
    {.bitmap_index = 51755, .adv_w = 256, .box_w = 14, .box_h = 15, .ofs_x = 1, .ofs_y = -1},
    {.bitmap_index = 51782, .adv_w = 256, .box_w = 14, .box_h = 14, .ofs_x = 1, .ofs_y = -1},
    {.bitmap_index = 51807, .adv_w = 256, .box_w = 14, .box_h = 15, .ofs_x = 1, .ofs_y = -1},
    {.bitmap_index = 51834, .adv_w = 256, .box_w = 14, .box_h = 15, .ofs_x = 1, .ofs_y = -1},
    {.bitmap_index = 51861, .adv_w = 256, .box_w = 14, .box_h = 15, .ofs_x = 1, .ofs_y = -1},
    {.bitmap_index = 51888, .adv_w = 256, .box_w = 15, .box_h = 15, .ofs_x = 1, .ofs_y = -1},
    {.bitmap_index = 51917, .adv_w = 256, .box_w = 16, .box_h = 15, .ofs_x = 0, .ofs_y = -1},
    {.bitmap_index = 51947, .adv_w = 256, .box_w = 14, .box_h = 15, .ofs_x = 1, .ofs_y = -1},
    {.bitmap_index = 51974, .adv_w = 256, .box_w = 14, .box_h = 15, .ofs_x = 1, .ofs_y = -1},
    {.bitmap_index = 52001, .adv_w = 256, .box_w = 14, .box_h = 15, .ofs_x = 1, .ofs_y = -1},
    {.bitmap_index = 52028, .adv_w = 256, .box_w = 15, .box_h = 15, .ofs_x = 1, .ofs_y = -1},
    {.bitmap_index = 52057, .adv_w = 256, .box_w = 14, .box_h = 15, .ofs_x = 1, .ofs_y = -1},
    {.bitmap_index = 52084, .adv_w = 256, .box_w = 14, .box_h = 15, .ofs_x = 1, .ofs_y = -1},
    {.bitmap_index = 52111, .adv_w = 256, .box_w = 14, .box_h = 15, .ofs_x = 1, .ofs_y = -1},
    {.bitmap_index = 52138, .adv_w = 256, .box_w = 15, .box_h = 15, .ofs_x = 1, .ofs_y = -1},
    {.bitmap_index = 52167, .adv_w = 256, .box_w = 15, .box_h = 15, .ofs_x = 0, .ofs_y = -1},
    {.bitmap_index = 52196, .adv_w = 256, .box_w = 15, .box_h = 15, .ofs_x = 1, .ofs_y = -1},
    {.bitmap_index = 52225, .adv_w = 256, .box_w = 14, .box_h = 15, .ofs_x = 1, .ofs_y = -1},
    {.bitmap_index = 52252, .adv_w = 256, .box_w = 15, .box_h = 15, .ofs_x = 1, .ofs_y = -1},
    {.bitmap_index = 52281, .adv_w = 256, .box_w = 15, .box_h = 15, .ofs_x = 0, .ofs_y = -1},
    {.bitmap_index = 52310, .adv_w = 256, .box_w = 15, .box_h = 14, .ofs_x = 1, .ofs_y = -1},
    {.bitmap_index = 52337, .adv_w = 256, .box_w = 14, .box_h = 15, .ofs_x = 1, .ofs_y = -1},
    {.bitmap_index = 52364, .adv_w = 256, .box_w = 14, .box_h = 15, .ofs_x = 1, .ofs_y = -1},
    {.bitmap_index = 52391, .adv_w = 256, .box_w = 14, .box_h = 15, .ofs_x = 1, .ofs_y = -1},
    {.bitmap_index = 52418, .adv_w = 256, .box_w = 14, .box_h = 15, .ofs_x = 1, .ofs_y = -1},
    {.bitmap_index = 52445, .adv_w = 256, .box_w = 15, .box_h = 14, .ofs_x = 1, .ofs_y = -1},
    {.bitmap_index = 52472, .adv_w = 256, .box_w = 14, .box_h = 14, .ofs_x = 1, .ofs_y = -1},
    {.bitmap_index = 52497, .adv_w = 256, .box_w = 14, .box_h = 14, .ofs_x = 1, .ofs_y = -1},
    {.bitmap_index = 52522, .adv_w = 256, .box_w = 15, .box_h = 15, .ofs_x = 1, .ofs_y = -1},
    {.bitmap_index = 52551, .adv_w = 256, .box_w = 14, .box_h = 14, .ofs_x = 1, .ofs_y = -1},
    {.bitmap_index = 52576, .adv_w = 256, .box_w = 14, .box_h = 14, .ofs_x = 1, .ofs_y = -1},
    {.bitmap_index = 52601, .adv_w = 256, .box_w = 14, .box_h = 15, .ofs_x = 1, .ofs_y = -2},
    {.bitmap_index = 52628, .adv_w = 256, .box_w = 14, .box_h = 14, .ofs_x = 1, .ofs_y = -1},
    {.bitmap_index = 52653, .adv_w = 256, .box_w = 15, .box_h = 14, .ofs_x = 1, .ofs_y = -1},
    {.bitmap_index = 52680, .adv_w = 256, .box_w = 14, .box_h = 15, .ofs_x = 1, .ofs_y = -2},
    {.bitmap_index = 52707, .adv_w = 256, .box_w = 14, .box_h = 15, .ofs_x = 1, .ofs_y = -1},
    {.bitmap_index = 52734, .adv_w = 256, .box_w = 15, .box_h = 14, .ofs_x = 0, .ofs_y = -1},
    {.bitmap_index = 52761, .adv_w = 256, .box_w = 14, .box_h = 14, .ofs_x = 1, .ofs_y = -1},
    {.bitmap_index = 52786, .adv_w = 256, .box_w = 16, .box_h = 14, .ofs_x = 0, .ofs_y = -1},
    {.bitmap_index = 52814, .adv_w = 256, .box_w = 15, .box_h = 14, .ofs_x = 0, .ofs_y = -1},
    {.bitmap_index = 52841, .adv_w = 256, .box_w = 15, .box_h = 14, .ofs_x = 1, .ofs_y = -1},
    {.bitmap_index = 52868, .adv_w = 256, .box_w = 15, .box_h = 14, .ofs_x = 1, .ofs_y = -1},
    {.bitmap_index = 52895, .adv_w = 256, .box_w = 15, .box_h = 14, .ofs_x = 0, .ofs_y = -1},
    {.bitmap_index = 52922, .adv_w = 256, .box_w = 15, .box_h = 15, .ofs_x = 0, .ofs_y = -1},
    {.bitmap_index = 52951, .adv_w = 256, .box_w = 15, .box_h = 14, .ofs_x = 0, .ofs_y = -1},
    {.bitmap_index = 52978, .adv_w = 256, .box_w = 14, .box_h = 14, .ofs_x = 1, .ofs_y = -1},
    {.bitmap_index = 53003, .adv_w = 256, .box_w = 15, .box_h = 14, .ofs_x = 0, .ofs_y = -1},
    {.bitmap_index = 53030, .adv_w = 256, .box_w = 15, .box_h = 14, .ofs_x = 0, .ofs_y = -1},
    {.bitmap_index = 53057, .adv_w = 256, .box_w = 14, .box_h = 14, .ofs_x = 1, .ofs_y = -1},
    {.bitmap_index = 53082, .adv_w = 256, .box_w = 15, .box_h = 14, .ofs_x = 0, .ofs_y = -1},
    {.bitmap_index = 53109, .adv_w = 256, .box_w = 13, .box_h = 14, .ofs_x = 2, .ofs_y = -1},
    {.bitmap_index = 53132, .adv_w = 256, .box_w = 14, .box_h = 15, .ofs_x = 1, .ofs_y = -1},
    {.bitmap_index = 53159, .adv_w = 256, .box_w = 15, .box_h = 15, .ofs_x = 1, .ofs_y = -1},
    {.bitmap_index = 53188, .adv_w = 256, .box_w = 14, .box_h = 15, .ofs_x = 1, .ofs_y = -1},
    {.bitmap_index = 53215, .adv_w = 256, .box_w = 13, .box_h = 14, .ofs_x = 2, .ofs_y = -1},
    {.bitmap_index = 53238, .adv_w = 256, .box_w = 15, .box_h = 15, .ofs_x = 1, .ofs_y = -1},
    {.bitmap_index = 53267, .adv_w = 256, .box_w = 14, .box_h = 14, .ofs_x = 1, .ofs_y = -1},
    {.bitmap_index = 53292, .adv_w = 256, .box_w = 15, .box_h = 15, .ofs_x = 1, .ofs_y = -1},
    {.bitmap_index = 53321, .adv_w = 256, .box_w = 14, .box_h = 14, .ofs_x = 0, .ofs_y = -1},
    {.bitmap_index = 53346, .adv_w = 256, .box_w = 15, .box_h = 14, .ofs_x = 0, .ofs_y = 0},
    {.bitmap_index = 53373, .adv_w = 256, .box_w = 15, .box_h = 14, .ofs_x = 0, .ofs_y = -1},
    {.bitmap_index = 53400, .adv_w = 256, .box_w = 14, .box_h = 15, .ofs_x = 1, .ofs_y = -1},
    {.bitmap_index = 53427, .adv_w = 256, .box_w = 15, .box_h = 14, .ofs_x = 0, .ofs_y = -1},
    {.bitmap_index = 53454, .adv_w = 256, .box_w = 15, .box_h = 14, .ofs_x = 1, .ofs_y = -1},
    {.bitmap_index = 53481, .adv_w = 256, .box_w = 15, .box_h = 14, .ofs_x = 0, .ofs_y = -1},
    {.bitmap_index = 53508, .adv_w = 256, .box_w = 15, .box_h = 15, .ofs_x = 0, .ofs_y = -2},
    {.bitmap_index = 53537, .adv_w = 256, .box_w = 14, .box_h = 15, .ofs_x = 0, .ofs_y = -1},
    {.bitmap_index = 53564, .adv_w = 256, .box_w = 15, .box_h = 14, .ofs_x = 0, .ofs_y = -1},
    {.bitmap_index = 53591, .adv_w = 256, .box_w = 16, .box_h = 15, .ofs_x = 0, .ofs_y = -1},
    {.bitmap_index = 53621, .adv_w = 256, .box_w = 15, .box_h = 14, .ofs_x = 0, .ofs_y = -1},
    {.bitmap_index = 53648, .adv_w = 256, .box_w = 14, .box_h = 14, .ofs_x = 1, .ofs_y = -1},
    {.bitmap_index = 53673, .adv_w = 256, .box_w = 15, .box_h = 15, .ofs_x = 0, .ofs_y = -1},
    {.bitmap_index = 53702, .adv_w = 256, .box_w = 15, .box_h = 15, .ofs_x = 0, .ofs_y = -1},
    {.bitmap_index = 53731, .adv_w = 256, .box_w = 14, .box_h = 14, .ofs_x = 1, .ofs_y = -1},
    {.bitmap_index = 53756, .adv_w = 256, .box_w = 15, .box_h = 15, .ofs_x = 1, .ofs_y = -1},
    {.bitmap_index = 53785, .adv_w = 256, .box_w = 14, .box_h = 15, .ofs_x = 1, .ofs_y = -1},
    {.bitmap_index = 53812, .adv_w = 256, .box_w = 15, .box_h = 15, .ofs_x = 0, .ofs_y = -1},
    {.bitmap_index = 53841, .adv_w = 256, .box_w = 14, .box_h = 15, .ofs_x = 1, .ofs_y = -2},
    {.bitmap_index = 53868, .adv_w = 256, .box_w = 14, .box_h = 15, .ofs_x = 1, .ofs_y = -1},
    {.bitmap_index = 53895, .adv_w = 256, .box_w = 15, .box_h = 15, .ofs_x = 0, .ofs_y = -1},
    {.bitmap_index = 53924, .adv_w = 256, .box_w = 14, .box_h = 14, .ofs_x = 1, .ofs_y = -1},
    {.bitmap_index = 53949, .adv_w = 256, .box_w = 14, .box_h = 15, .ofs_x = 1, .ofs_y = -1},
    {.bitmap_index = 53976, .adv_w = 256, .box_w = 15, .box_h = 14, .ofs_x = 1, .ofs_y = -1},
    {.bitmap_index = 54003, .adv_w = 256, .box_w = 15, .box_h = 14, .ofs_x = 0, .ofs_y = -1},
    {.bitmap_index = 54030, .adv_w = 256, .box_w = 14, .box_h = 15, .ofs_x = 1, .ofs_y = -1},
    {.bitmap_index = 54057, .adv_w = 256, .box_w = 15, .box_h = 14, .ofs_x = 0, .ofs_y = -1},
    {.bitmap_index = 54084, .adv_w = 256, .box_w = 14, .box_h = 15, .ofs_x = 0, .ofs_y = -1},
    {.bitmap_index = 54111, .adv_w = 256, .box_w = 15, .box_h = 15, .ofs_x = 1, .ofs_y = -1},
    {.bitmap_index = 54140, .adv_w = 256, .box_w = 15, .box_h = 15, .ofs_x = 0, .ofs_y = -1},
    {.bitmap_index = 54169, .adv_w = 256, .box_w = 14, .box_h = 15, .ofs_x = 1, .ofs_y = -1},
    {.bitmap_index = 54196, .adv_w = 256, .box_w = 14, .box_h = 15, .ofs_x = 1, .ofs_y = -1},
    {.bitmap_index = 54223, .adv_w = 256, .box_w = 14, .box_h = 14, .ofs_x = 1, .ofs_y = -1},
    {.bitmap_index = 54248, .adv_w = 256, .box_w = 15, .box_h = 13, .ofs_x = 1, .ofs_y = 0},
    {.bitmap_index = 54273, .adv_w = 256, .box_w = 14, .box_h = 16, .ofs_x = 1, .ofs_y = -2},
    {.bitmap_index = 54301, .adv_w = 256, .box_w = 14, .box_h = 14, .ofs_x = 1, .ofs_y = -1},
    {.bitmap_index = 54326, .adv_w = 256, .box_w = 14, .box_h = 15, .ofs_x = 1, .ofs_y = -1},
    {.bitmap_index = 54353, .adv_w = 256, .box_w = 14, .box_h = 15, .ofs_x = 1, .ofs_y = -1},
    {.bitmap_index = 54380, .adv_w = 256, .box_w = 15, .box_h = 15, .ofs_x = 0, .ofs_y = -1},
    {.bitmap_index = 54409, .adv_w = 256, .box_w = 14, .box_h = 15, .ofs_x = 0, .ofs_y = -1},
    {.bitmap_index = 54436, .adv_w = 256, .box_w = 14, .box_h = 15, .ofs_x = 1, .ofs_y = -1},
    {.bitmap_index = 54463, .adv_w = 256, .box_w = 14, .box_h = 15, .ofs_x = 1, .ofs_y = -1},
    {.bitmap_index = 54490, .adv_w = 256, .box_w = 15, .box_h = 14, .ofs_x = 0, .ofs_y = -1},
    {.bitmap_index = 54517, .adv_w = 256, .box_w = 15, .box_h = 15, .ofs_x = 0, .ofs_y = -1},
    {.bitmap_index = 54546, .adv_w = 256, .box_w = 16, .box_h = 15, .ofs_x = 0, .ofs_y = -1},
    {.bitmap_index = 54576, .adv_w = 256, .box_w = 15, .box_h = 15, .ofs_x = 0, .ofs_y = -1},
    {.bitmap_index = 54605, .adv_w = 256, .box_w = 14, .box_h = 15, .ofs_x = 1, .ofs_y = -1},
    {.bitmap_index = 54632, .adv_w = 256, .box_w = 14, .box_h = 14, .ofs_x = 1, .ofs_y = -1},
    {.bitmap_index = 54657, .adv_w = 256, .box_w = 14, .box_h = 14, .ofs_x = 1, .ofs_y = -1},
    {.bitmap_index = 54682, .adv_w = 256, .box_w = 15, .box_h = 16, .ofs_x = 0, .ofs_y = -2},
    {.bitmap_index = 54712, .adv_w = 256, .box_w = 14, .box_h = 15, .ofs_x = 1, .ofs_y = -1},
    {.bitmap_index = 54739, .adv_w = 256, .box_w = 15, .box_h = 14, .ofs_x = 0, .ofs_y = -1},
    {.bitmap_index = 54766, .adv_w = 256, .box_w = 15, .box_h = 15, .ofs_x = 0, .ofs_y = -1},
    {.bitmap_index = 54795, .adv_w = 256, .box_w = 13, .box_h = 14, .ofs_x = 1, .ofs_y = -1},
    {.bitmap_index = 54818, .adv_w = 256, .box_w = 15, .box_h = 14, .ofs_x = 0, .ofs_y = -1},
    {.bitmap_index = 54845, .adv_w = 256, .box_w = 12, .box_h = 14, .ofs_x = 2, .ofs_y = -1},
    {.bitmap_index = 54866, .adv_w = 256, .box_w = 14, .box_h = 14, .ofs_x = 1, .ofs_y = -1},
    {.bitmap_index = 54891, .adv_w = 256, .box_w = 15, .box_h = 15, .ofs_x = 0, .ofs_y = -2},
    {.bitmap_index = 54920, .adv_w = 256, .box_w = 14, .box_h = 14, .ofs_x = 1, .ofs_y = -1},
    {.bitmap_index = 54945, .adv_w = 256, .box_w = 14, .box_h = 14, .ofs_x = 1, .ofs_y = -1},
    {.bitmap_index = 54970, .adv_w = 256, .box_w = 14, .box_h = 14, .ofs_x = 1, .ofs_y = -1},
    {.bitmap_index = 54995, .adv_w = 256, .box_w = 14, .box_h = 14, .ofs_x = 1, .ofs_y = -1},
    {.bitmap_index = 55020, .adv_w = 256, .box_w = 15, .box_h = 15, .ofs_x = 1, .ofs_y = -1},
    {.bitmap_index = 55049, .adv_w = 256, .box_w = 14, .box_h = 16, .ofs_x = 1, .ofs_y = -2},
    {.bitmap_index = 55077, .adv_w = 256, .box_w = 14, .box_h = 14, .ofs_x = 1, .ofs_y = -1},
    {.bitmap_index = 55102, .adv_w = 256, .box_w = 15, .box_h = 15, .ofs_x = 0, .ofs_y = -1},
    {.bitmap_index = 55131, .adv_w = 256, .box_w = 15, .box_h = 15, .ofs_x = 0, .ofs_y = -1},
    {.bitmap_index = 55160, .adv_w = 256, .box_w = 14, .box_h = 14, .ofs_x = 0, .ofs_y = -1},
    {.bitmap_index = 55185, .adv_w = 256, .box_w = 15, .box_h = 15, .ofs_x = 0, .ofs_y = -1},
    {.bitmap_index = 55214, .adv_w = 256, .box_w = 14, .box_h = 15, .ofs_x = 1, .ofs_y = -1},
    {.bitmap_index = 55241, .adv_w = 256, .box_w = 14, .box_h = 15, .ofs_x = 0, .ofs_y = -1},
    {.bitmap_index = 55268, .adv_w = 256, .box_w = 15, .box_h = 14, .ofs_x = 0, .ofs_y = -1},
    {.bitmap_index = 55295, .adv_w = 256, .box_w = 14, .box_h = 14, .ofs_x = 1, .ofs_y = -1},
    {.bitmap_index = 55320, .adv_w = 256, .box_w = 15, .box_h = 14, .ofs_x = 1, .ofs_y = -1},
    {.bitmap_index = 55347, .adv_w = 256, .box_w = 14, .box_h = 15, .ofs_x = 1, .ofs_y = -1},
    {.bitmap_index = 55374, .adv_w = 256, .box_w = 14, .box_h = 15, .ofs_x = 1, .ofs_y = -1},
    {.bitmap_index = 55401, .adv_w = 256, .box_w = 14, .box_h = 15, .ofs_x = 0, .ofs_y = -1},
    {.bitmap_index = 55428, .adv_w = 256, .box_w = 15, .box_h = 15, .ofs_x = 1, .ofs_y = -2},
    {.bitmap_index = 55457, .adv_w = 256, .box_w = 16, .box_h = 14, .ofs_x = 0, .ofs_y = -1},
    {.bitmap_index = 55485, .adv_w = 256, .box_w = 14, .box_h = 14, .ofs_x = 1, .ofs_y = -1},
    {.bitmap_index = 55510, .adv_w = 256, .box_w = 14, .box_h = 14, .ofs_x = 1, .ofs_y = -1},
    {.bitmap_index = 55535, .adv_w = 256, .box_w = 15, .box_h = 14, .ofs_x = 0, .ofs_y = -1},
    {.bitmap_index = 55562, .adv_w = 256, .box_w = 14, .box_h = 13, .ofs_x = 1, .ofs_y = -1},
    {.bitmap_index = 55585, .adv_w = 256, .box_w = 14, .box_h = 15, .ofs_x = 1, .ofs_y = -2},
    {.bitmap_index = 55612, .adv_w = 256, .box_w = 15, .box_h = 14, .ofs_x = 1, .ofs_y = -1},
    {.bitmap_index = 55639, .adv_w = 256, .box_w = 14, .box_h = 15, .ofs_x = 1, .ofs_y = -1},
    {.bitmap_index = 55666, .adv_w = 256, .box_w = 15, .box_h = 15, .ofs_x = 1, .ofs_y = -1},
    {.bitmap_index = 55695, .adv_w = 256, .box_w = 15, .box_h = 13, .ofs_x = 1, .ofs_y = -1},
    {.bitmap_index = 55720, .adv_w = 256, .box_w = 15, .box_h = 13, .ofs_x = 0, .ofs_y = -1},
    {.bitmap_index = 55745, .adv_w = 256, .box_w = 16, .box_h = 14, .ofs_x = 0, .ofs_y = -1},
    {.bitmap_index = 55773, .adv_w = 256, .box_w = 15, .box_h = 14, .ofs_x = 1, .ofs_y = -1},
    {.bitmap_index = 55800, .adv_w = 256, .box_w = 14, .box_h = 14, .ofs_x = 1, .ofs_y = -1},
    {.bitmap_index = 55825, .adv_w = 256, .box_w = 15, .box_h = 15, .ofs_x = 1, .ofs_y = -1},
    {.bitmap_index = 55854, .adv_w = 256, .box_w = 16, .box_h = 14, .ofs_x = 0, .ofs_y = -1},
    {.bitmap_index = 55882, .adv_w = 256, .box_w = 14, .box_h = 15, .ofs_x = 1, .ofs_y = -1},
    {.bitmap_index = 55909, .adv_w = 256, .box_w = 15, .box_h = 14, .ofs_x = 0, .ofs_y = -1},
    {.bitmap_index = 55936, .adv_w = 256, .box_w = 15, .box_h = 15, .ofs_x = 1, .ofs_y = -1},
    {.bitmap_index = 55965, .adv_w = 256, .box_w = 15, .box_h = 14, .ofs_x = 0, .ofs_y = -1},
    {.bitmap_index = 55992, .adv_w = 256, .box_w = 15, .box_h = 15, .ofs_x = 0, .ofs_y = -1},
    {.bitmap_index = 56021, .adv_w = 256, .box_w = 13, .box_h = 14, .ofs_x = 1, .ofs_y = -1},
    {.bitmap_index = 56044, .adv_w = 256, .box_w = 16, .box_h = 14, .ofs_x = 0, .ofs_y = -1},
    {.bitmap_index = 56072, .adv_w = 256, .box_w = 12, .box_h = 15, .ofs_x = 2, .ofs_y = -1},
    {.bitmap_index = 56095, .adv_w = 256, .box_w = 16, .box_h = 14, .ofs_x = 0, .ofs_y = -1},
    {.bitmap_index = 56123, .adv_w = 256, .box_w = 16, .box_h = 14, .ofs_x = 0, .ofs_y = -1},
    {.bitmap_index = 56151, .adv_w = 256, .box_w = 14, .box_h = 14, .ofs_x = 1, .ofs_y = -1},
    {.bitmap_index = 56176, .adv_w = 256, .box_w = 16, .box_h = 14, .ofs_x = 0, .ofs_y = -1},
    {.bitmap_index = 56204, .adv_w = 256, .box_w = 16, .box_h = 15, .ofs_x = 0, .ofs_y = -1},
    {.bitmap_index = 56234, .adv_w = 256, .box_w = 16, .box_h = 14, .ofs_x = 0, .ofs_y = -1},
    {.bitmap_index = 56262, .adv_w = 256, .box_w = 15, .box_h = 14, .ofs_x = 1, .ofs_y = -1},
    {.bitmap_index = 56289, .adv_w = 256, .box_w = 14, .box_h = 15, .ofs_x = 0, .ofs_y = -1},
    {.bitmap_index = 56316, .adv_w = 256, .box_w = 16, .box_h = 15, .ofs_x = 0, .ofs_y = -1},
    {.bitmap_index = 56346, .adv_w = 256, .box_w = 14, .box_h = 15, .ofs_x = 1, .ofs_y = -1},
    {.bitmap_index = 56373, .adv_w = 256, .box_w = 14, .box_h = 15, .ofs_x = 1, .ofs_y = -1},
    {.bitmap_index = 56400, .adv_w = 256, .box_w = 15, .box_h = 14, .ofs_x = 0, .ofs_y = -1},
    {.bitmap_index = 56427, .adv_w = 256, .box_w = 15, .box_h = 14, .ofs_x = 0, .ofs_y = -1},
    {.bitmap_index = 56454, .adv_w = 256, .box_w = 16, .box_h = 14, .ofs_x = 0, .ofs_y = -1},
    {.bitmap_index = 56482, .adv_w = 256, .box_w = 15, .box_h = 15, .ofs_x = 0, .ofs_y = -1},
    {.bitmap_index = 56511, .adv_w = 256, .box_w = 16, .box_h = 14, .ofs_x = 0, .ofs_y = -1},
    {.bitmap_index = 56539, .adv_w = 256, .box_w = 15, .box_h = 15, .ofs_x = 0, .ofs_y = -1},
    {.bitmap_index = 56568, .adv_w = 256, .box_w = 16, .box_h = 15, .ofs_x = 1, .ofs_y = -1},
    {.bitmap_index = 56598, .adv_w = 256, .box_w = 15, .box_h = 14, .ofs_x = 0, .ofs_y = -1},
    {.bitmap_index = 56625, .adv_w = 256, .box_w = 16, .box_h = 14, .ofs_x = 0, .ofs_y = -1},
    {.bitmap_index = 56653, .adv_w = 256, .box_w = 14, .box_h = 14, .ofs_x = 1, .ofs_y = -1},
    {.bitmap_index = 56678, .adv_w = 256, .box_w = 16, .box_h = 15, .ofs_x = 0, .ofs_y = -1},
    {.bitmap_index = 56708, .adv_w = 256, .box_w = 16, .box_h = 15, .ofs_x = 0, .ofs_y = -1},
    {.bitmap_index = 56738, .adv_w = 256, .box_w = 14, .box_h = 15, .ofs_x = 1, .ofs_y = -1},
    {.bitmap_index = 56765, .adv_w = 256, .box_w = 15, .box_h = 14, .ofs_x = 1, .ofs_y = -1},
    {.bitmap_index = 56792, .adv_w = 256, .box_w = 16, .box_h = 14, .ofs_x = 0, .ofs_y = -1},
    {.bitmap_index = 56820, .adv_w = 256, .box_w = 15, .box_h = 15, .ofs_x = 1, .ofs_y = -1},
    {.bitmap_index = 56849, .adv_w = 256, .box_w = 15, .box_h = 15, .ofs_x = 1, .ofs_y = -1},
    {.bitmap_index = 56878, .adv_w = 256, .box_w = 15, .box_h = 15, .ofs_x = 0, .ofs_y = -1},
    {.bitmap_index = 56907, .adv_w = 256, .box_w = 15, .box_h = 15, .ofs_x = 0, .ofs_y = -1},
    {.bitmap_index = 56936, .adv_w = 256, .box_w = 14, .box_h = 14, .ofs_x = 0, .ofs_y = -1},
    {.bitmap_index = 56961, .adv_w = 256, .box_w = 16, .box_h = 14, .ofs_x = 0, .ofs_y = -1},
    {.bitmap_index = 56989, .adv_w = 256, .box_w = 16, .box_h = 15, .ofs_x = 0, .ofs_y = -1},
    {.bitmap_index = 57019, .adv_w = 256, .box_w = 16, .box_h = 15, .ofs_x = 0, .ofs_y = -1},
    {.bitmap_index = 57049, .adv_w = 256, .box_w = 15, .box_h = 15, .ofs_x = 0, .ofs_y = -1},
    {.bitmap_index = 57078, .adv_w = 256, .box_w = 15, .box_h = 14, .ofs_x = 0, .ofs_y = -1},
    {.bitmap_index = 57105, .adv_w = 256, .box_w = 16, .box_h = 15, .ofs_x = -1, .ofs_y = -1},
    {.bitmap_index = 57135, .adv_w = 256, .box_w = 16, .box_h = 15, .ofs_x = 0, .ofs_y = -1},
    {.bitmap_index = 57165, .adv_w = 256, .box_w = 14, .box_h = 14, .ofs_x = 1, .ofs_y = -1},
    {.bitmap_index = 57190, .adv_w = 256, .box_w = 16, .box_h = 14, .ofs_x = 0, .ofs_y = -1},
    {.bitmap_index = 57218, .adv_w = 256, .box_w = 16, .box_h = 14, .ofs_x = -1, .ofs_y = -1},
    {.bitmap_index = 57246, .adv_w = 256, .box_w = 16, .box_h = 15, .ofs_x = 0, .ofs_y = -1},
    {.bitmap_index = 57276, .adv_w = 256, .box_w = 15, .box_h = 14, .ofs_x = 1, .ofs_y = -1},
    {.bitmap_index = 57303, .adv_w = 256, .box_w = 15, .box_h = 15, .ofs_x = 0, .ofs_y = -1},
    {.bitmap_index = 57332, .adv_w = 256, .box_w = 15, .box_h = 14, .ofs_x = 0, .ofs_y = -1},
    {.bitmap_index = 57359, .adv_w = 256, .box_w = 16, .box_h = 15, .ofs_x = -1, .ofs_y = -1},
    {.bitmap_index = 57389, .adv_w = 256, .box_w = 16, .box_h = 15, .ofs_x = 0, .ofs_y = -1},
    {.bitmap_index = 57419, .adv_w = 256, .box_w = 15, .box_h = 15, .ofs_x = 1, .ofs_y = -1},
    {.bitmap_index = 57448, .adv_w = 256, .box_w = 16, .box_h = 15, .ofs_x = 0, .ofs_y = -1},
    {.bitmap_index = 57478, .adv_w = 256, .box_w = 16, .box_h = 15, .ofs_x = 0, .ofs_y = -1},
    {.bitmap_index = 57508, .adv_w = 256, .box_w = 15, .box_h = 15, .ofs_x = 1, .ofs_y = -1},
    {.bitmap_index = 57537, .adv_w = 256, .box_w = 15, .box_h = 14, .ofs_x = 1, .ofs_y = -1},
    {.bitmap_index = 57564, .adv_w = 256, .box_w = 14, .box_h = 14, .ofs_x = 1, .ofs_y = -1},
    {.bitmap_index = 57589, .adv_w = 256, .box_w = 11, .box_h = 14, .ofs_x = 3, .ofs_y = -1},
    {.bitmap_index = 57609, .adv_w = 256, .box_w = 14, .box_h = 15, .ofs_x = 1, .ofs_y = -2},
    {.bitmap_index = 57636, .adv_w = 256, .box_w = 14, .box_h = 14, .ofs_x = 1, .ofs_y = -1},
    {.bitmap_index = 57661, .adv_w = 256, .box_w = 14, .box_h = 15, .ofs_x = 1, .ofs_y = -1},
    {.bitmap_index = 57688, .adv_w = 256, .box_w = 15, .box_h = 15, .ofs_x = 1, .ofs_y = -1},
    {.bitmap_index = 57717, .adv_w = 256, .box_w = 15, .box_h = 14, .ofs_x = 0, .ofs_y = -1},
    {.bitmap_index = 57744, .adv_w = 256, .box_w = 15, .box_h = 15, .ofs_x = 0, .ofs_y = -1},
    {.bitmap_index = 57773, .adv_w = 256, .box_w = 14, .box_h = 15, .ofs_x = 1, .ofs_y = -1},
    {.bitmap_index = 57800, .adv_w = 256, .box_w = 15, .box_h = 15, .ofs_x = 0, .ofs_y = -1},
    {.bitmap_index = 57829, .adv_w = 256, .box_w = 15, .box_h = 15, .ofs_x = 1, .ofs_y = -1},
    {.bitmap_index = 57858, .adv_w = 256, .box_w = 15, .box_h = 15, .ofs_x = 0, .ofs_y = -1},
    {.bitmap_index = 57887, .adv_w = 256, .box_w = 15, .box_h = 15, .ofs_x = 0, .ofs_y = -1},
    {.bitmap_index = 57916, .adv_w = 256, .box_w = 15, .box_h = 15, .ofs_x = 1, .ofs_y = -1},
    {.bitmap_index = 57945, .adv_w = 256, .box_w = 14, .box_h = 14, .ofs_x = 1, .ofs_y = -1},
    {.bitmap_index = 57970, .adv_w = 256, .box_w = 15, .box_h = 15, .ofs_x = 1, .ofs_y = -1},
    {.bitmap_index = 57999, .adv_w = 256, .box_w = 15, .box_h = 14, .ofs_x = 1, .ofs_y = -1},
    {.bitmap_index = 58026, .adv_w = 256, .box_w = 15, .box_h = 15, .ofs_x = 1, .ofs_y = -1},
    {.bitmap_index = 58055, .adv_w = 256, .box_w = 13, .box_h = 15, .ofs_x = 2, .ofs_y = -1},
    {.bitmap_index = 58080, .adv_w = 256, .box_w = 15, .box_h = 14, .ofs_x = 1, .ofs_y = -1},
    {.bitmap_index = 58107, .adv_w = 256, .box_w = 15, .box_h = 15, .ofs_x = 1, .ofs_y = -1},
    {.bitmap_index = 58136, .adv_w = 256, .box_w = 15, .box_h = 15, .ofs_x = 1, .ofs_y = -1},
    {.bitmap_index = 58165, .adv_w = 256, .box_w = 14, .box_h = 15, .ofs_x = 1, .ofs_y = -1},
    {.bitmap_index = 58192, .adv_w = 256, .box_w = 14, .box_h = 15, .ofs_x = 1, .ofs_y = -1},
    {.bitmap_index = 58219, .adv_w = 256, .box_w = 14, .box_h = 15, .ofs_x = 1, .ofs_y = -1},
    {.bitmap_index = 58246, .adv_w = 256, .box_w = 14, .box_h = 14, .ofs_x = 1, .ofs_y = 0},
    {.bitmap_index = 58271, .adv_w = 256, .box_w = 14, .box_h = 15, .ofs_x = 1, .ofs_y = -1},
    {.bitmap_index = 58298, .adv_w = 256, .box_w = 14, .box_h = 15, .ofs_x = 1, .ofs_y = -1},
    {.bitmap_index = 58325, .adv_w = 256, .box_w = 14, .box_h = 15, .ofs_x = 1, .ofs_y = -1},
    {.bitmap_index = 58352, .adv_w = 256, .box_w = 15, .box_h = 15, .ofs_x = 0, .ofs_y = -1},
    {.bitmap_index = 58381, .adv_w = 256, .box_w = 14, .box_h = 15, .ofs_x = 1, .ofs_y = -1},
    {.bitmap_index = 58408, .adv_w = 256, .box_w = 14, .box_h = 15, .ofs_x = 1, .ofs_y = -1},
    {.bitmap_index = 58435, .adv_w = 256, .box_w = 15, .box_h = 15, .ofs_x = 1, .ofs_y = -1},
    {.bitmap_index = 58464, .adv_w = 256, .box_w = 14, .box_h = 15, .ofs_x = 1, .ofs_y = -1},
    {.bitmap_index = 58491, .adv_w = 256, .box_w = 15, .box_h = 14, .ofs_x = 0, .ofs_y = -1},
    {.bitmap_index = 58518, .adv_w = 256, .box_w = 14, .box_h = 15, .ofs_x = 1, .ofs_y = -1},
    {.bitmap_index = 58545, .adv_w = 256, .box_w = 14, .box_h = 15, .ofs_x = 1, .ofs_y = -1},
    {.bitmap_index = 58572, .adv_w = 256, .box_w = 14, .box_h = 15, .ofs_x = 1, .ofs_y = -1},
    {.bitmap_index = 58599, .adv_w = 256, .box_w = 15, .box_h = 15, .ofs_x = 1, .ofs_y = -1},
    {.bitmap_index = 58628, .adv_w = 256, .box_w = 15, .box_h = 15, .ofs_x = 1, .ofs_y = -1},
    {.bitmap_index = 58657, .adv_w = 256, .box_w = 15, .box_h = 15, .ofs_x = 1, .ofs_y = -1},
    {.bitmap_index = 58686, .adv_w = 256, .box_w = 15, .box_h = 15, .ofs_x = 1, .ofs_y = -1},
    {.bitmap_index = 58715, .adv_w = 256, .box_w = 15, .box_h = 16, .ofs_x = 1, .ofs_y = -2},
    {.bitmap_index = 58745, .adv_w = 256, .box_w = 15, .box_h = 16, .ofs_x = 1, .ofs_y = -2},
    {.bitmap_index = 58775, .adv_w = 256, .box_w = 14, .box_h = 15, .ofs_x = 1, .ofs_y = -1},
    {.bitmap_index = 58802, .adv_w = 256, .box_w = 15, .box_h = 15, .ofs_x = 1, .ofs_y = -1},
    {.bitmap_index = 58831, .adv_w = 256, .box_w = 15, .box_h = 14, .ofs_x = 1, .ofs_y = -1},
    {.bitmap_index = 58858, .adv_w = 256, .box_w = 14, .box_h = 15, .ofs_x = 1, .ofs_y = -1},
    {.bitmap_index = 58885, .adv_w = 256, .box_w = 15, .box_h = 15, .ofs_x = 0, .ofs_y = -1},
    {.bitmap_index = 58914, .adv_w = 256, .box_w = 14, .box_h = 14, .ofs_x = 1, .ofs_y = -1},
    {.bitmap_index = 58939, .adv_w = 256, .box_w = 14, .box_h = 14, .ofs_x = 1, .ofs_y = -1},
    {.bitmap_index = 58964, .adv_w = 256, .box_w = 16, .box_h = 14, .ofs_x = 0, .ofs_y = -1},
    {.bitmap_index = 58992, .adv_w = 256, .box_w = 15, .box_h = 14, .ofs_x = 0, .ofs_y = -1},
    {.bitmap_index = 59019, .adv_w = 256, .box_w = 14, .box_h = 15, .ofs_x = 1, .ofs_y = -1},
    {.bitmap_index = 59046, .adv_w = 256, .box_w = 16, .box_h = 15, .ofs_x = 0, .ofs_y = -1},
    {.bitmap_index = 59076, .adv_w = 256, .box_w = 14, .box_h = 14, .ofs_x = 1, .ofs_y = -1},
    {.bitmap_index = 59101, .adv_w = 256, .box_w = 14, .box_h = 15, .ofs_x = 1, .ofs_y = -1},
    {.bitmap_index = 59128, .adv_w = 256, .box_w = 14, .box_h = 15, .ofs_x = 1, .ofs_y = -2},
    {.bitmap_index = 59155, .adv_w = 256, .box_w = 15, .box_h = 14, .ofs_x = 1, .ofs_y = -1},
    {.bitmap_index = 59182, .adv_w = 256, .box_w = 14, .box_h = 14, .ofs_x = 1, .ofs_y = -1},
    {.bitmap_index = 59207, .adv_w = 256, .box_w = 14, .box_h = 14, .ofs_x = 1, .ofs_y = -1},
    {.bitmap_index = 59232, .adv_w = 256, .box_w = 14, .box_h = 15, .ofs_x = 1, .ofs_y = -1},
    {.bitmap_index = 59259, .adv_w = 256, .box_w = 14, .box_h = 14, .ofs_x = 1, .ofs_y = -1},
    {.bitmap_index = 59284, .adv_w = 256, .box_w = 14, .box_h = 15, .ofs_x = 1, .ofs_y = -1},
    {.bitmap_index = 59311, .adv_w = 256, .box_w = 15, .box_h = 14, .ofs_x = 1, .ofs_y = -1},
    {.bitmap_index = 59338, .adv_w = 256, .box_w = 15, .box_h = 14, .ofs_x = 1, .ofs_y = -1},
    {.bitmap_index = 59365, .adv_w = 256, .box_w = 14, .box_h = 15, .ofs_x = 1, .ofs_y = -1},
    {.bitmap_index = 59392, .adv_w = 256, .box_w = 14, .box_h = 15, .ofs_x = 1, .ofs_y = -1},
    {.bitmap_index = 59419, .adv_w = 256, .box_w = 14, .box_h = 14, .ofs_x = 1, .ofs_y = -1},
    {.bitmap_index = 59444, .adv_w = 256, .box_w = 14, .box_h = 15, .ofs_x = 1, .ofs_y = -1},
    {.bitmap_index = 59471, .adv_w = 256, .box_w = 15, .box_h = 15, .ofs_x = 0, .ofs_y = -1},
    {.bitmap_index = 59500, .adv_w = 256, .box_w = 15, .box_h = 14, .ofs_x = 1, .ofs_y = -1},
    {.bitmap_index = 59527, .adv_w = 256, .box_w = 14, .box_h = 14, .ofs_x = 1, .ofs_y = -1},
    {.bitmap_index = 59552, .adv_w = 256, .box_w = 14, .box_h = 14, .ofs_x = 1, .ofs_y = -1},
    {.bitmap_index = 59577, .adv_w = 256, .box_w = 14, .box_h = 14, .ofs_x = 1, .ofs_y = -1},
    {.bitmap_index = 59602, .adv_w = 256, .box_w = 15, .box_h = 14, .ofs_x = 1, .ofs_y = -1},
    {.bitmap_index = 59629, .adv_w = 256, .box_w = 14, .box_h = 14, .ofs_x = 1, .ofs_y = -1},
    {.bitmap_index = 59654, .adv_w = 256, .box_w = 14, .box_h = 14, .ofs_x = 1, .ofs_y = -1},
    {.bitmap_index = 59679, .adv_w = 256, .box_w = 14, .box_h = 14, .ofs_x = 1, .ofs_y = -1},
    {.bitmap_index = 59704, .adv_w = 256, .box_w = 14, .box_h = 14, .ofs_x = 1, .ofs_y = -1},
    {.bitmap_index = 59729, .adv_w = 256, .box_w = 14, .box_h = 14, .ofs_x = 1, .ofs_y = -1},
    {.bitmap_index = 59754, .adv_w = 256, .box_w = 14, .box_h = 15, .ofs_x = 1, .ofs_y = -2},
    {.bitmap_index = 59781, .adv_w = 256, .box_w = 14, .box_h = 14, .ofs_x = 1, .ofs_y = -1},
    {.bitmap_index = 59806, .adv_w = 256, .box_w = 14, .box_h = 14, .ofs_x = 1, .ofs_y = -1},
    {.bitmap_index = 59831, .adv_w = 256, .box_w = 14, .box_h = 14, .ofs_x = 1, .ofs_y = -1},
    {.bitmap_index = 59856, .adv_w = 256, .box_w = 14, .box_h = 15, .ofs_x = 1, .ofs_y = -2},
    {.bitmap_index = 59883, .adv_w = 256, .box_w = 14, .box_h = 15, .ofs_x = 1, .ofs_y = -2},
    {.bitmap_index = 59910, .adv_w = 256, .box_w = 14, .box_h = 14, .ofs_x = 1, .ofs_y = -1},
    {.bitmap_index = 59935, .adv_w = 256, .box_w = 14, .box_h = 14, .ofs_x = 1, .ofs_y = -1},
    {.bitmap_index = 59960, .adv_w = 256, .box_w = 14, .box_h = 14, .ofs_x = 1, .ofs_y = -1},
    {.bitmap_index = 59985, .adv_w = 256, .box_w = 14, .box_h = 14, .ofs_x = 1, .ofs_y = -1},
    {.bitmap_index = 60010, .adv_w = 256, .box_w = 15, .box_h = 14, .ofs_x = 1, .ofs_y = -1},
    {.bitmap_index = 60037, .adv_w = 256, .box_w = 15, .box_h = 14, .ofs_x = 1, .ofs_y = -1},
    {.bitmap_index = 60064, .adv_w = 256, .box_w = 15, .box_h = 14, .ofs_x = 1, .ofs_y = -1},
    {.bitmap_index = 60091, .adv_w = 256, .box_w = 14, .box_h = 14, .ofs_x = 1, .ofs_y = -1},
    {.bitmap_index = 60116, .adv_w = 256, .box_w = 15, .box_h = 15, .ofs_x = 0, .ofs_y = -1},
    {.bitmap_index = 60145, .adv_w = 256, .box_w = 15, .box_h = 14, .ofs_x = 0, .ofs_y = -1},
    {.bitmap_index = 60172, .adv_w = 256, .box_w = 16, .box_h = 14, .ofs_x = 0, .ofs_y = -1},
    {.bitmap_index = 60200, .adv_w = 256, .box_w = 15, .box_h = 15, .ofs_x = 0, .ofs_y = -1},
    {.bitmap_index = 60229, .adv_w = 256, .box_w = 15, .box_h = 14, .ofs_x = 0, .ofs_y = -1},
    {.bitmap_index = 60256, .adv_w = 256, .box_w = 15, .box_h = 14, .ofs_x = 0, .ofs_y = -1},
    {.bitmap_index = 60283, .adv_w = 256, .box_w = 14, .box_h = 16, .ofs_x = 1, .ofs_y = -2},
    {.bitmap_index = 60311, .adv_w = 256, .box_w = 15, .box_h = 14, .ofs_x = 0, .ofs_y = 0},
    {.bitmap_index = 60338, .adv_w = 256, .box_w = 15, .box_h = 14, .ofs_x = 0, .ofs_y = -1},
    {.bitmap_index = 60365, .adv_w = 256, .box_w = 15, .box_h = 15, .ofs_x = 0, .ofs_y = -1},
    {.bitmap_index = 60394, .adv_w = 256, .box_w = 15, .box_h = 15, .ofs_x = 0, .ofs_y = -1},
    {.bitmap_index = 60423, .adv_w = 256, .box_w = 15, .box_h = 15, .ofs_x = 0, .ofs_y = -1},
    {.bitmap_index = 60452, .adv_w = 256, .box_w = 15, .box_h = 14, .ofs_x = 0, .ofs_y = -1},
    {.bitmap_index = 60479, .adv_w = 256, .box_w = 15, .box_h = 14, .ofs_x = 0, .ofs_y = -1},
    {.bitmap_index = 60506, .adv_w = 256, .box_w = 15, .box_h = 15, .ofs_x = 0, .ofs_y = -1},
    {.bitmap_index = 60535, .adv_w = 256, .box_w = 15, .box_h = 15, .ofs_x = 0, .ofs_y = -1},
    {.bitmap_index = 60564, .adv_w = 256, .box_w = 15, .box_h = 15, .ofs_x = 0, .ofs_y = -1},
    {.bitmap_index = 60593, .adv_w = 256, .box_w = 15, .box_h = 14, .ofs_x = 0, .ofs_y = -1},
    {.bitmap_index = 60620, .adv_w = 256, .box_w = 15, .box_h = 15, .ofs_x = 0, .ofs_y = -1},
    {.bitmap_index = 60649, .adv_w = 256, .box_w = 14, .box_h = 15, .ofs_x = 1, .ofs_y = -2},
    {.bitmap_index = 60676, .adv_w = 256, .box_w = 15, .box_h = 15, .ofs_x = 0, .ofs_y = -1},
    {.bitmap_index = 60705, .adv_w = 256, .box_w = 16, .box_h = 15, .ofs_x = 0, .ofs_y = -1},
    {.bitmap_index = 60735, .adv_w = 256, .box_w = 15, .box_h = 14, .ofs_x = 0, .ofs_y = -1},
    {.bitmap_index = 60762, .adv_w = 256, .box_w = 15, .box_h = 14, .ofs_x = 0, .ofs_y = -1},
    {.bitmap_index = 60789, .adv_w = 256, .box_w = 15, .box_h = 15, .ofs_x = 0, .ofs_y = -1},
    {.bitmap_index = 60818, .adv_w = 256, .box_w = 15, .box_h = 15, .ofs_x = 0, .ofs_y = -1},
    {.bitmap_index = 60847, .adv_w = 256, .box_w = 15, .box_h = 15, .ofs_x = 0, .ofs_y = -1},
    {.bitmap_index = 60876, .adv_w = 256, .box_w = 15, .box_h = 15, .ofs_x = 0, .ofs_y = -1},
    {.bitmap_index = 60905, .adv_w = 256, .box_w = 15, .box_h = 14, .ofs_x = 0, .ofs_y = -1},
    {.bitmap_index = 60932, .adv_w = 256, .box_w = 15, .box_h = 15, .ofs_x = 0, .ofs_y = -1},
    {.bitmap_index = 60961, .adv_w = 256, .box_w = 15, .box_h = 15, .ofs_x = 1, .ofs_y = -1},
    {.bitmap_index = 60990, .adv_w = 256, .box_w = 15, .box_h = 15, .ofs_x = 0, .ofs_y = -1},
    {.bitmap_index = 61019, .adv_w = 256, .box_w = 16, .box_h = 15, .ofs_x = 0, .ofs_y = -1},
    {.bitmap_index = 61049, .adv_w = 256, .box_w = 14, .box_h = 16, .ofs_x = 1, .ofs_y = -2},
    {.bitmap_index = 61077, .adv_w = 256, .box_w = 16, .box_h = 15, .ofs_x = 0, .ofs_y = -1},
    {.bitmap_index = 61107, .adv_w = 256, .box_w = 14, .box_h = 14, .ofs_x = 1, .ofs_y = -1},
    {.bitmap_index = 61132, .adv_w = 256, .box_w = 16, .box_h = 13, .ofs_x = 0, .ofs_y = 0},
    {.bitmap_index = 61158, .adv_w = 256, .box_w = 16, .box_h = 14, .ofs_x = 0, .ofs_y = -1},
    {.bitmap_index = 61186, .adv_w = 256, .box_w = 15, .box_h = 15, .ofs_x = 0, .ofs_y = -1},
    {.bitmap_index = 61215, .adv_w = 256, .box_w = 14, .box_h = 14, .ofs_x = 1, .ofs_y = -1},
    {.bitmap_index = 61240, .adv_w = 256, .box_w = 15, .box_h = 14, .ofs_x = 0, .ofs_y = -1},
    {.bitmap_index = 61267, .adv_w = 256, .box_w = 15, .box_h = 14, .ofs_x = 0, .ofs_y = -1},
    {.bitmap_index = 61294, .adv_w = 256, .box_w = 14, .box_h = 15, .ofs_x = 1, .ofs_y = -1},
    {.bitmap_index = 61321, .adv_w = 256, .box_w = 16, .box_h = 14, .ofs_x = 0, .ofs_y = -1},
    {.bitmap_index = 61349, .adv_w = 256, .box_w = 15, .box_h = 16, .ofs_x = 0, .ofs_y = -2},
    {.bitmap_index = 61379, .adv_w = 256, .box_w = 15, .box_h = 15, .ofs_x = 0, .ofs_y = -1},
    {.bitmap_index = 61408, .adv_w = 256, .box_w = 15, .box_h = 15, .ofs_x = 0, .ofs_y = -1},
    {.bitmap_index = 61437, .adv_w = 256, .box_w = 15, .box_h = 15, .ofs_x = 0, .ofs_y = -1},
    {.bitmap_index = 61466, .adv_w = 256, .box_w = 14, .box_h = 15, .ofs_x = 1, .ofs_y = -1},
    {.bitmap_index = 61493, .adv_w = 256, .box_w = 14, .box_h = 15, .ofs_x = 1, .ofs_y = -1},
    {.bitmap_index = 61520, .adv_w = 256, .box_w = 15, .box_h = 16, .ofs_x = 1, .ofs_y = -2},
    {.bitmap_index = 61550, .adv_w = 256, .box_w = 14, .box_h = 15, .ofs_x = 1, .ofs_y = -1},
    {.bitmap_index = 61577, .adv_w = 256, .box_w = 14, .box_h = 15, .ofs_x = 1, .ofs_y = -1},
    {.bitmap_index = 61604, .adv_w = 256, .box_w = 15, .box_h = 14, .ofs_x = 0, .ofs_y = -1},
    {.bitmap_index = 61631, .adv_w = 256, .box_w = 15, .box_h = 15, .ofs_x = 1, .ofs_y = -1},
    {.bitmap_index = 61660, .adv_w = 256, .box_w = 15, .box_h = 14, .ofs_x = 0, .ofs_y = -1},
    {.bitmap_index = 61687, .adv_w = 256, .box_w = 14, .box_h = 15, .ofs_x = 1, .ofs_y = -2},
    {.bitmap_index = 61714, .adv_w = 256, .box_w = 14, .box_h = 15, .ofs_x = 1, .ofs_y = -1},
    {.bitmap_index = 61741, .adv_w = 256, .box_w = 14, .box_h = 15, .ofs_x = 1, .ofs_y = -2},
    {.bitmap_index = 61768, .adv_w = 256, .box_w = 14, .box_h = 15, .ofs_x = 1, .ofs_y = -1},
    {.bitmap_index = 61795, .adv_w = 256, .box_w = 16, .box_h = 15, .ofs_x = 0, .ofs_y = -1},
    {.bitmap_index = 61825, .adv_w = 256, .box_w = 15, .box_h = 15, .ofs_x = 0, .ofs_y = -1},
    {.bitmap_index = 61854, .adv_w = 256, .box_w = 15, .box_h = 15, .ofs_x = 1, .ofs_y = -1},
    {.bitmap_index = 61883, .adv_w = 256, .box_w = 15, .box_h = 15, .ofs_x = 0, .ofs_y = -1},
    {.bitmap_index = 61912, .adv_w = 256, .box_w = 14, .box_h = 15, .ofs_x = 1, .ofs_y = -1},
    {.bitmap_index = 61939, .adv_w = 256, .box_w = 15, .box_h = 15, .ofs_x = 0, .ofs_y = -1},
    {.bitmap_index = 61968, .adv_w = 256, .box_w = 15, .box_h = 14, .ofs_x = 0, .ofs_y = -1},
    {.bitmap_index = 61995, .adv_w = 256, .box_w = 14, .box_h = 13, .ofs_x = 1, .ofs_y = -1},
    {.bitmap_index = 62018, .adv_w = 256, .box_w = 14, .box_h = 14, .ofs_x = 1, .ofs_y = -1},
    {.bitmap_index = 62043, .adv_w = 256, .box_w = 15, .box_h = 14, .ofs_x = 1, .ofs_y = -1},
    {.bitmap_index = 62070, .adv_w = 256, .box_w = 14, .box_h = 14, .ofs_x = 1, .ofs_y = -1},
    {.bitmap_index = 62095, .adv_w = 256, .box_w = 15, .box_h = 13, .ofs_x = 0, .ofs_y = -1},
    {.bitmap_index = 62120, .adv_w = 256, .box_w = 15, .box_h = 15, .ofs_x = 0, .ofs_y = -1},
    {.bitmap_index = 62149, .adv_w = 256, .box_w = 15, .box_h = 15, .ofs_x = 0, .ofs_y = -1},
    {.bitmap_index = 62178, .adv_w = 256, .box_w = 14, .box_h = 16, .ofs_x = 1, .ofs_y = -2},
    {.bitmap_index = 62206, .adv_w = 256, .box_w = 15, .box_h = 14, .ofs_x = 0, .ofs_y = -1},
    {.bitmap_index = 62233, .adv_w = 256, .box_w = 13, .box_h = 14, .ofs_x = 1, .ofs_y = -1},
    {.bitmap_index = 62256, .adv_w = 256, .box_w = 15, .box_h = 14, .ofs_x = 1, .ofs_y = -1},
    {.bitmap_index = 62283, .adv_w = 256, .box_w = 15, .box_h = 14, .ofs_x = 1, .ofs_y = -1},
    {.bitmap_index = 62310, .adv_w = 256, .box_w = 14, .box_h = 15, .ofs_x = 1, .ofs_y = -1},
    {.bitmap_index = 62337, .adv_w = 256, .box_w = 14, .box_h = 15, .ofs_x = 1, .ofs_y = -1},
    {.bitmap_index = 62364, .adv_w = 256, .box_w = 14, .box_h = 15, .ofs_x = 1, .ofs_y = -1},
    {.bitmap_index = 62391, .adv_w = 256, .box_w = 14, .box_h = 15, .ofs_x = 1, .ofs_y = -1},
    {.bitmap_index = 62418, .adv_w = 256, .box_w = 14, .box_h = 14, .ofs_x = 1, .ofs_y = -1},
    {.bitmap_index = 62443, .adv_w = 256, .box_w = 15, .box_h = 15, .ofs_x = 0, .ofs_y = -1},
    {.bitmap_index = 62472, .adv_w = 256, .box_w = 15, .box_h = 14, .ofs_x = 1, .ofs_y = -1},
    {.bitmap_index = 62499, .adv_w = 256, .box_w = 16, .box_h = 15, .ofs_x = 0, .ofs_y = -2},
    {.bitmap_index = 62529, .adv_w = 256, .box_w = 15, .box_h = 15, .ofs_x = 0, .ofs_y = -1},
    {.bitmap_index = 62558, .adv_w = 256, .box_w = 15, .box_h = 15, .ofs_x = 0, .ofs_y = -1},
    {.bitmap_index = 62587, .adv_w = 256, .box_w = 15, .box_h = 14, .ofs_x = 0, .ofs_y = -1},
    {.bitmap_index = 62614, .adv_w = 256, .box_w = 15, .box_h = 15, .ofs_x = 0, .ofs_y = -1},
    {.bitmap_index = 62643, .adv_w = 256, .box_w = 15, .box_h = 14, .ofs_x = 0, .ofs_y = -1},
    {.bitmap_index = 62670, .adv_w = 256, .box_w = 15, .box_h = 14, .ofs_x = 0, .ofs_y = -1},
    {.bitmap_index = 62697, .adv_w = 256, .box_w = 16, .box_h = 14, .ofs_x = 0, .ofs_y = -1},
    {.bitmap_index = 62725, .adv_w = 256, .box_w = 15, .box_h = 14, .ofs_x = 0, .ofs_y = -1},
    {.bitmap_index = 62752, .adv_w = 256, .box_w = 15, .box_h = 14, .ofs_x = 1, .ofs_y = -1},
    {.bitmap_index = 62779, .adv_w = 256, .box_w = 15, .box_h = 14, .ofs_x = 0, .ofs_y = -1},
    {.bitmap_index = 62806, .adv_w = 256, .box_w = 15, .box_h = 15, .ofs_x = 0, .ofs_y = -1},
    {.bitmap_index = 62835, .adv_w = 256, .box_w = 15, .box_h = 15, .ofs_x = 0, .ofs_y = -1},
    {.bitmap_index = 62864, .adv_w = 256, .box_w = 15, .box_h = 14, .ofs_x = 0, .ofs_y = -1},
    {.bitmap_index = 62891, .adv_w = 256, .box_w = 15, .box_h = 14, .ofs_x = 0, .ofs_y = -1},
    {.bitmap_index = 62918, .adv_w = 256, .box_w = 15, .box_h = 14, .ofs_x = 1, .ofs_y = -1},
    {.bitmap_index = 62945, .adv_w = 256, .box_w = 15, .box_h = 15, .ofs_x = 0, .ofs_y = -2},
    {.bitmap_index = 62974, .adv_w = 256, .box_w = 15, .box_h = 15, .ofs_x = 0, .ofs_y = -1},
    {.bitmap_index = 63003, .adv_w = 256, .box_w = 15, .box_h = 16, .ofs_x = 0, .ofs_y = -2},
    {.bitmap_index = 63033, .adv_w = 256, .box_w = 15, .box_h = 14, .ofs_x = 0, .ofs_y = -1},
    {.bitmap_index = 63060, .adv_w = 256, .box_w = 16, .box_h = 14, .ofs_x = 0, .ofs_y = -1},
    {.bitmap_index = 63088, .adv_w = 256, .box_w = 15, .box_h = 14, .ofs_x = 0, .ofs_y = -1},
    {.bitmap_index = 63115, .adv_w = 256, .box_w = 15, .box_h = 15, .ofs_x = 0, .ofs_y = -2},
    {.bitmap_index = 63144, .adv_w = 256, .box_w = 15, .box_h = 15, .ofs_x = 0, .ofs_y = -1},
    {.bitmap_index = 63173, .adv_w = 256, .box_w = 16, .box_h = 14, .ofs_x = 0, .ofs_y = -1},
    {.bitmap_index = 63201, .adv_w = 256, .box_w = 14, .box_h = 15, .ofs_x = 0, .ofs_y = -1},
    {.bitmap_index = 63228, .adv_w = 256, .box_w = 15, .box_h = 14, .ofs_x = 0, .ofs_y = -1},
    {.bitmap_index = 63255, .adv_w = 256, .box_w = 16, .box_h = 15, .ofs_x = 0, .ofs_y = -1},
    {.bitmap_index = 63285, .adv_w = 256, .box_w = 15, .box_h = 14, .ofs_x = 0, .ofs_y = -1},
    {.bitmap_index = 63312, .adv_w = 256, .box_w = 16, .box_h = 14, .ofs_x = 0, .ofs_y = -1},
    {.bitmap_index = 63340, .adv_w = 256, .box_w = 16, .box_h = 14, .ofs_x = 0, .ofs_y = -1},
    {.bitmap_index = 63368, .adv_w = 256, .box_w = 15, .box_h = 15, .ofs_x = 0, .ofs_y = -1},
    {.bitmap_index = 63397, .adv_w = 256, .box_w = 15, .box_h = 16, .ofs_x = 0, .ofs_y = -2},
    {.bitmap_index = 63427, .adv_w = 256, .box_w = 15, .box_h = 14, .ofs_x = 0, .ofs_y = -1},
    {.bitmap_index = 63454, .adv_w = 256, .box_w = 15, .box_h = 14, .ofs_x = 0, .ofs_y = -1},
    {.bitmap_index = 63481, .adv_w = 256, .box_w = 15, .box_h = 14, .ofs_x = 0, .ofs_y = -1},
    {.bitmap_index = 63508, .adv_w = 256, .box_w = 15, .box_h = 15, .ofs_x = 0, .ofs_y = -2},
    {.bitmap_index = 63537, .adv_w = 256, .box_w = 16, .box_h = 14, .ofs_x = 0, .ofs_y = -1},
    {.bitmap_index = 63565, .adv_w = 256, .box_w = 16, .box_h = 14, .ofs_x = 0, .ofs_y = -1},
    {.bitmap_index = 63593, .adv_w = 256, .box_w = 15, .box_h = 15, .ofs_x = 0, .ofs_y = -2},
    {.bitmap_index = 63622, .adv_w = 256, .box_w = 16, .box_h = 14, .ofs_x = 0, .ofs_y = -1},
    {.bitmap_index = 63650, .adv_w = 256, .box_w = 15, .box_h = 14, .ofs_x = 0, .ofs_y = -1},
    {.bitmap_index = 63677, .adv_w = 256, .box_w = 14, .box_h = 15, .ofs_x = 1, .ofs_y = -1},
    {.bitmap_index = 63704, .adv_w = 256, .box_w = 15, .box_h = 15, .ofs_x = 0, .ofs_y = -1},
    {.bitmap_index = 63733, .adv_w = 256, .box_w = 16, .box_h = 15, .ofs_x = 0, .ofs_y = -1},
    {.bitmap_index = 63763, .adv_w = 256, .box_w = 16, .box_h = 15, .ofs_x = 0, .ofs_y = -1},
    {.bitmap_index = 63793, .adv_w = 256, .box_w = 15, .box_h = 14, .ofs_x = 0, .ofs_y = -1},
    {.bitmap_index = 63820, .adv_w = 256, .box_w = 14, .box_h = 15, .ofs_x = 1, .ofs_y = -1},
    {.bitmap_index = 63847, .adv_w = 256, .box_w = 15, .box_h = 15, .ofs_x = 0, .ofs_y = -1},
    {.bitmap_index = 63876, .adv_w = 256, .box_w = 15, .box_h = 15, .ofs_x = 0, .ofs_y = -2},
    {.bitmap_index = 63905, .adv_w = 256, .box_w = 14, .box_h = 15, .ofs_x = 1, .ofs_y = -1},
    {.bitmap_index = 63932, .adv_w = 256, .box_w = 15, .box_h = 15, .ofs_x = 0, .ofs_y = -1},
    {.bitmap_index = 63961, .adv_w = 256, .box_w = 15, .box_h = 14, .ofs_x = 0, .ofs_y = -1},
    {.bitmap_index = 63988, .adv_w = 256, .box_w = 15, .box_h = 14, .ofs_x = 1, .ofs_y = -1},
    {.bitmap_index = 64015, .adv_w = 256, .box_w = 15, .box_h = 14, .ofs_x = 1, .ofs_y = -1},
    {.bitmap_index = 64042, .adv_w = 256, .box_w = 15, .box_h = 15, .ofs_x = 1, .ofs_y = -1},
    {.bitmap_index = 64071, .adv_w = 256, .box_w = 16, .box_h = 15, .ofs_x = 0, .ofs_y = -1},
    {.bitmap_index = 64101, .adv_w = 256, .box_w = 16, .box_h = 14, .ofs_x = 0, .ofs_y = -1},
    {.bitmap_index = 64129, .adv_w = 256, .box_w = 15, .box_h = 14, .ofs_x = 1, .ofs_y = -1},
    {.bitmap_index = 64156, .adv_w = 256, .box_w = 14, .box_h = 15, .ofs_x = 1, .ofs_y = -1},
    {.bitmap_index = 64183, .adv_w = 256, .box_w = 14, .box_h = 14, .ofs_x = 1, .ofs_y = -1},
    {.bitmap_index = 64208, .adv_w = 256, .box_w = 15, .box_h = 14, .ofs_x = 0, .ofs_y = -1},
    {.bitmap_index = 64235, .adv_w = 256, .box_w = 14, .box_h = 15, .ofs_x = 1, .ofs_y = -1},
    {.bitmap_index = 64262, .adv_w = 256, .box_w = 15, .box_h = 15, .ofs_x = 1, .ofs_y = -1},
    {.bitmap_index = 64291, .adv_w = 256, .box_w = 15, .box_h = 15, .ofs_x = 0, .ofs_y = -1},
    {.bitmap_index = 64320, .adv_w = 256, .box_w = 15, .box_h = 15, .ofs_x = 1, .ofs_y = -1},
    {.bitmap_index = 64349, .adv_w = 256, .box_w = 14, .box_h = 14, .ofs_x = 1, .ofs_y = -1},
    {.bitmap_index = 64374, .adv_w = 256, .box_w = 14, .box_h = 14, .ofs_x = 1, .ofs_y = -1},
    {.bitmap_index = 64399, .adv_w = 256, .box_w = 15, .box_h = 14, .ofs_x = 0, .ofs_y = -2},
    {.bitmap_index = 64426, .adv_w = 256, .box_w = 15, .box_h = 14, .ofs_x = 0, .ofs_y = -1},
    {.bitmap_index = 64453, .adv_w = 256, .box_w = 15, .box_h = 14, .ofs_x = 0, .ofs_y = -1},
    {.bitmap_index = 64480, .adv_w = 256, .box_w = 15, .box_h = 15, .ofs_x = 0, .ofs_y = -1},
    {.bitmap_index = 64509, .adv_w = 256, .box_w = 15, .box_h = 14, .ofs_x = 0, .ofs_y = -1},
    {.bitmap_index = 64536, .adv_w = 256, .box_w = 15, .box_h = 15, .ofs_x = 0, .ofs_y = -1},
    {.bitmap_index = 64565, .adv_w = 256, .box_w = 16, .box_h = 14, .ofs_x = 0, .ofs_y = -1},
    {.bitmap_index = 64593, .adv_w = 256, .box_w = 14, .box_h = 16, .ofs_x = 1, .ofs_y = -2},
    {.bitmap_index = 64621, .adv_w = 256, .box_w = 15, .box_h = 16, .ofs_x = 0, .ofs_y = -2},
    {.bitmap_index = 64651, .adv_w = 256, .box_w = 14, .box_h = 15, .ofs_x = 0, .ofs_y = -1},
    {.bitmap_index = 64678, .adv_w = 256, .box_w = 14, .box_h = 14, .ofs_x = 1, .ofs_y = -1},
    {.bitmap_index = 64703, .adv_w = 256, .box_w = 15, .box_h = 15, .ofs_x = 0, .ofs_y = -1},
    {.bitmap_index = 64732, .adv_w = 256, .box_w = 15, .box_h = 14, .ofs_x = 0, .ofs_y = -1},
    {.bitmap_index = 64759, .adv_w = 256, .box_w = 15, .box_h = 14, .ofs_x = 1, .ofs_y = -1},
    {.bitmap_index = 64786, .adv_w = 256, .box_w = 15, .box_h = 15, .ofs_x = 0, .ofs_y = -1},
    {.bitmap_index = 64815, .adv_w = 256, .box_w = 15, .box_h = 14, .ofs_x = 1, .ofs_y = -1},
    {.bitmap_index = 64842, .adv_w = 256, .box_w = 15, .box_h = 14, .ofs_x = 0, .ofs_y = -1},
    {.bitmap_index = 64869, .adv_w = 256, .box_w = 15, .box_h = 14, .ofs_x = 0, .ofs_y = -1},
    {.bitmap_index = 64896, .adv_w = 256, .box_w = 15, .box_h = 14, .ofs_x = 0, .ofs_y = -1},
    {.bitmap_index = 64923, .adv_w = 256, .box_w = 14, .box_h = 16, .ofs_x = 1, .ofs_y = -2},
    {.bitmap_index = 64951, .adv_w = 256, .box_w = 15, .box_h = 15, .ofs_x = 0, .ofs_y = -1},
    {.bitmap_index = 64980, .adv_w = 256, .box_w = 15, .box_h = 15, .ofs_x = 0, .ofs_y = -1},
    {.bitmap_index = 65009, .adv_w = 256, .box_w = 15, .box_h = 15, .ofs_x = 0, .ofs_y = -2},
    {.bitmap_index = 65038, .adv_w = 256, .box_w = 15, .box_h = 14, .ofs_x = 0, .ofs_y = -1},
    {.bitmap_index = 65065, .adv_w = 256, .box_w = 16, .box_h = 14, .ofs_x = 0, .ofs_y = -1},
    {.bitmap_index = 65093, .adv_w = 256, .box_w = 14, .box_h = 15, .ofs_x = 1, .ofs_y = -1},
    {.bitmap_index = 65120, .adv_w = 256, .box_w = 15, .box_h = 15, .ofs_x = 0, .ofs_y = -1},
    {.bitmap_index = 65149, .adv_w = 256, .box_w = 16, .box_h = 15, .ofs_x = 0, .ofs_y = -1},
    {.bitmap_index = 65179, .adv_w = 256, .box_w = 14, .box_h = 14, .ofs_x = 1, .ofs_y = -1},
    {.bitmap_index = 65204, .adv_w = 256, .box_w = 15, .box_h = 14, .ofs_x = 0, .ofs_y = -1},
    {.bitmap_index = 65231, .adv_w = 256, .box_w = 14, .box_h = 14, .ofs_x = 1, .ofs_y = -1},
    {.bitmap_index = 65256, .adv_w = 256, .box_w = 15, .box_h = 14, .ofs_x = 1, .ofs_y = -1},
    {.bitmap_index = 65283, .adv_w = 256, .box_w = 15, .box_h = 14, .ofs_x = 0, .ofs_y = -1},
    {.bitmap_index = 65310, .adv_w = 256, .box_w = 15, .box_h = 14, .ofs_x = 1, .ofs_y = -1},
    {.bitmap_index = 65337, .adv_w = 256, .box_w = 14, .box_h = 14, .ofs_x = 1, .ofs_y = -1},
    {.bitmap_index = 65362, .adv_w = 256, .box_w = 14, .box_h = 14, .ofs_x = 1, .ofs_y = -1},
    {.bitmap_index = 65387, .adv_w = 256, .box_w = 14, .box_h = 15, .ofs_x = 1, .ofs_y = -2},
    {.bitmap_index = 65414, .adv_w = 256, .box_w = 16, .box_h = 16, .ofs_x = 0, .ofs_y = -2},
    {.bitmap_index = 65446, .adv_w = 256, .box_w = 16, .box_h = 14, .ofs_x = 0, .ofs_y = -1},
    {.bitmap_index = 65474, .adv_w = 256, .box_w = 15, .box_h = 14, .ofs_x = 1, .ofs_y = -1},
    {.bitmap_index = 65501, .adv_w = 256, .box_w = 14, .box_h = 15, .ofs_x = 1, .ofs_y = -2},
    {.bitmap_index = 65528, .adv_w = 256, .box_w = 16, .box_h = 14, .ofs_x = 0, .ofs_y = -1},
    {.bitmap_index = 65556, .adv_w = 256, .box_w = 14, .box_h = 15, .ofs_x = 1, .ofs_y = -2},
    {.bitmap_index = 65583, .adv_w = 256, .box_w = 14, .box_h = 15, .ofs_x = 1, .ofs_y = -2},
    {.bitmap_index = 65610, .adv_w = 256, .box_w = 15, .box_h = 14, .ofs_x = 1, .ofs_y = -1},
    {.bitmap_index = 65637, .adv_w = 256, .box_w = 15, .box_h = 14, .ofs_x = 1, .ofs_y = -1},
    {.bitmap_index = 65664, .adv_w = 256, .box_w = 15, .box_h = 14, .ofs_x = 1, .ofs_y = -1},
    {.bitmap_index = 65691, .adv_w = 256, .box_w = 15, .box_h = 14, .ofs_x = 0, .ofs_y = -1},
    {.bitmap_index = 65718, .adv_w = 256, .box_w = 15, .box_h = 16, .ofs_x = 0, .ofs_y = -2},
    {.bitmap_index = 65748, .adv_w = 256, .box_w = 15, .box_h = 15, .ofs_x = 0, .ofs_y = -2},
    {.bitmap_index = 65777, .adv_w = 256, .box_w = 15, .box_h = 15, .ofs_x = 0, .ofs_y = -1},
    {.bitmap_index = 65806, .adv_w = 256, .box_w = 15, .box_h = 14, .ofs_x = 0, .ofs_y = -1},
    {.bitmap_index = 65833, .adv_w = 256, .box_w = 15, .box_h = 14, .ofs_x = 0, .ofs_y = -1},
    {.bitmap_index = 65860, .adv_w = 256, .box_w = 15, .box_h = 14, .ofs_x = 0, .ofs_y = -1},
    {.bitmap_index = 65887, .adv_w = 256, .box_w = 15, .box_h = 14, .ofs_x = 0, .ofs_y = -1},
    {.bitmap_index = 65914, .adv_w = 256, .box_w = 15, .box_h = 15, .ofs_x = 0, .ofs_y = -1},
    {.bitmap_index = 65943, .adv_w = 256, .box_w = 16, .box_h = 14, .ofs_x = 0, .ofs_y = -1},
    {.bitmap_index = 65971, .adv_w = 256, .box_w = 15, .box_h = 15, .ofs_x = 0, .ofs_y = -1},
    {.bitmap_index = 66000, .adv_w = 256, .box_w = 15, .box_h = 15, .ofs_x = 0, .ofs_y = -1},
    {.bitmap_index = 66029, .adv_w = 256, .box_w = 15, .box_h = 15, .ofs_x = 0, .ofs_y = -1},
    {.bitmap_index = 66058, .adv_w = 256, .box_w = 15, .box_h = 14, .ofs_x = 0, .ofs_y = -1},
    {.bitmap_index = 66085, .adv_w = 256, .box_w = 15, .box_h = 15, .ofs_x = 0, .ofs_y = -1},
    {.bitmap_index = 66114, .adv_w = 256, .box_w = 16, .box_h = 14, .ofs_x = 0, .ofs_y = -1},
    {.bitmap_index = 66142, .adv_w = 256, .box_w = 15, .box_h = 14, .ofs_x = 0, .ofs_y = -1},
    {.bitmap_index = 66169, .adv_w = 256, .box_w = 15, .box_h = 14, .ofs_x = 0, .ofs_y = -1},
    {.bitmap_index = 66196, .adv_w = 256, .box_w = 15, .box_h = 15, .ofs_x = 0, .ofs_y = -1},
    {.bitmap_index = 66225, .adv_w = 256, .box_w = 15, .box_h = 15, .ofs_x = 0, .ofs_y = -1},
    {.bitmap_index = 66254, .adv_w = 256, .box_w = 15, .box_h = 15, .ofs_x = 0, .ofs_y = -1},
    {.bitmap_index = 66283, .adv_w = 256, .box_w = 15, .box_h = 15, .ofs_x = 0, .ofs_y = -1},
    {.bitmap_index = 66312, .adv_w = 256, .box_w = 16, .box_h = 14, .ofs_x = 0, .ofs_y = -1},
    {.bitmap_index = 66340, .adv_w = 256, .box_w = 15, .box_h = 14, .ofs_x = 0, .ofs_y = -1},
    {.bitmap_index = 66367, .adv_w = 256, .box_w = 15, .box_h = 15, .ofs_x = 0, .ofs_y = -1},
    {.bitmap_index = 66396, .adv_w = 256, .box_w = 16, .box_h = 15, .ofs_x = 0, .ofs_y = -1},
    {.bitmap_index = 66426, .adv_w = 256, .box_w = 15, .box_h = 15, .ofs_x = 0, .ofs_y = -1},
    {.bitmap_index = 66455, .adv_w = 256, .box_w = 15, .box_h = 15, .ofs_x = 0, .ofs_y = -1},
    {.bitmap_index = 66484, .adv_w = 256, .box_w = 15, .box_h = 14, .ofs_x = 0, .ofs_y = -1},
    {.bitmap_index = 66511, .adv_w = 256, .box_w = 15, .box_h = 15, .ofs_x = 0, .ofs_y = -1},
    {.bitmap_index = 66540, .adv_w = 256, .box_w = 15, .box_h = 15, .ofs_x = 1, .ofs_y = -1},
    {.bitmap_index = 66569, .adv_w = 256, .box_w = 14, .box_h = 15, .ofs_x = 1, .ofs_y = -1},
    {.bitmap_index = 66596, .adv_w = 256, .box_w = 15, .box_h = 15, .ofs_x = 1, .ofs_y = -1},
    {.bitmap_index = 66625, .adv_w = 256, .box_w = 14, .box_h = 14, .ofs_x = 1, .ofs_y = -1},
    {.bitmap_index = 66650, .adv_w = 256, .box_w = 14, .box_h = 15, .ofs_x = 1, .ofs_y = -1},
    {.bitmap_index = 66677, .adv_w = 256, .box_w = 14, .box_h = 14, .ofs_x = 1, .ofs_y = -1},
    {.bitmap_index = 66702, .adv_w = 256, .box_w = 14, .box_h = 14, .ofs_x = 1, .ofs_y = -1},
    {.bitmap_index = 66727, .adv_w = 256, .box_w = 14, .box_h = 15, .ofs_x = 1, .ofs_y = -1},
    {.bitmap_index = 66754, .adv_w = 256, .box_w = 14, .box_h = 16, .ofs_x = 1, .ofs_y = -2},
    {.bitmap_index = 66782, .adv_w = 256, .box_w = 14, .box_h = 14, .ofs_x = 1, .ofs_y = -1},
    {.bitmap_index = 66807, .adv_w = 256, .box_w = 15, .box_h = 14, .ofs_x = 1, .ofs_y = -1},
    {.bitmap_index = 66834, .adv_w = 256, .box_w = 15, .box_h = 15, .ofs_x = 1, .ofs_y = -1},
    {.bitmap_index = 66863, .adv_w = 256, .box_w = 14, .box_h = 14, .ofs_x = 1, .ofs_y = -1},
    {.bitmap_index = 66888, .adv_w = 256, .box_w = 15, .box_h = 14, .ofs_x = 1, .ofs_y = -1},
    {.bitmap_index = 66915, .adv_w = 256, .box_w = 15, .box_h = 14, .ofs_x = 1, .ofs_y = -1},
    {.bitmap_index = 66942, .adv_w = 256, .box_w = 14, .box_h = 14, .ofs_x = 1, .ofs_y = -1},
    {.bitmap_index = 66967, .adv_w = 256, .box_w = 14, .box_h = 14, .ofs_x = 1, .ofs_y = -1},
    {.bitmap_index = 66992, .adv_w = 256, .box_w = 14, .box_h = 15, .ofs_x = 1, .ofs_y = -1},
    {.bitmap_index = 67019, .adv_w = 256, .box_w = 15, .box_h = 14, .ofs_x = 1, .ofs_y = -1},
    {.bitmap_index = 67046, .adv_w = 256, .box_w = 14, .box_h = 15, .ofs_x = 1, .ofs_y = -1},
    {.bitmap_index = 67073, .adv_w = 256, .box_w = 14, .box_h = 14, .ofs_x = 1, .ofs_y = -1},
    {.bitmap_index = 67098, .adv_w = 256, .box_w = 14, .box_h = 14, .ofs_x = 1, .ofs_y = -1},
    {.bitmap_index = 67123, .adv_w = 256, .box_w = 15, .box_h = 15, .ofs_x = 0, .ofs_y = -1},
    {.bitmap_index = 67152, .adv_w = 256, .box_w = 16, .box_h = 14, .ofs_x = 0, .ofs_y = -1},
    {.bitmap_index = 67180, .adv_w = 256, .box_w = 15, .box_h = 14, .ofs_x = 1, .ofs_y = -1},
    {.bitmap_index = 67207, .adv_w = 256, .box_w = 15, .box_h = 14, .ofs_x = 1, .ofs_y = -1},
    {.bitmap_index = 67234, .adv_w = 256, .box_w = 14, .box_h = 14, .ofs_x = 1, .ofs_y = -1},
    {.bitmap_index = 67259, .adv_w = 256, .box_w = 16, .box_h = 14, .ofs_x = 0, .ofs_y = -1},
    {.bitmap_index = 67287, .adv_w = 256, .box_w = 15, .box_h = 14, .ofs_x = 0, .ofs_y = -1},
    {.bitmap_index = 67314, .adv_w = 256, .box_w = 15, .box_h = 14, .ofs_x = 0, .ofs_y = -1},
    {.bitmap_index = 67341, .adv_w = 256, .box_w = 15, .box_h = 14, .ofs_x = 0, .ofs_y = -1},
    {.bitmap_index = 67368, .adv_w = 256, .box_w = 15, .box_h = 13, .ofs_x = 1, .ofs_y = -1},
    {.bitmap_index = 67393, .adv_w = 256, .box_w = 15, .box_h = 14, .ofs_x = 0, .ofs_y = -1},
    {.bitmap_index = 67420, .adv_w = 256, .box_w = 15, .box_h = 15, .ofs_x = 0, .ofs_y = -1},
    {.bitmap_index = 67449, .adv_w = 256, .box_w = 16, .box_h = 13, .ofs_x = 0, .ofs_y = -1},
    {.bitmap_index = 67475, .adv_w = 256, .box_w = 15, .box_h = 14, .ofs_x = 1, .ofs_y = -1},
    {.bitmap_index = 67502, .adv_w = 256, .box_w = 14, .box_h = 13, .ofs_x = 1, .ofs_y = -1},
    {.bitmap_index = 67525, .adv_w = 256, .box_w = 15, .box_h = 14, .ofs_x = 0, .ofs_y = -1},
    {.bitmap_index = 67552, .adv_w = 256, .box_w = 14, .box_h = 14, .ofs_x = 1, .ofs_y = -1},
    {.bitmap_index = 67577, .adv_w = 256, .box_w = 16, .box_h = 14, .ofs_x = 0, .ofs_y = -1},
    {.bitmap_index = 67605, .adv_w = 256, .box_w = 15, .box_h = 15, .ofs_x = 1, .ofs_y = -1},
    {.bitmap_index = 67634, .adv_w = 256, .box_w = 15, .box_h = 14, .ofs_x = 0, .ofs_y = -1},
    {.bitmap_index = 67661, .adv_w = 256, .box_w = 14, .box_h = 13, .ofs_x = 1, .ofs_y = -1},
    {.bitmap_index = 67684, .adv_w = 256, .box_w = 14, .box_h = 15, .ofs_x = 1, .ofs_y = -1},
    {.bitmap_index = 67711, .adv_w = 256, .box_w = 14, .box_h = 15, .ofs_x = 1, .ofs_y = -1},
    {.bitmap_index = 67738, .adv_w = 256, .box_w = 15, .box_h = 15, .ofs_x = 0, .ofs_y = -1},
    {.bitmap_index = 67767, .adv_w = 256, .box_w = 16, .box_h = 14, .ofs_x = 0, .ofs_y = -1},
    {.bitmap_index = 67795, .adv_w = 256, .box_w = 14, .box_h = 15, .ofs_x = 1, .ofs_y = -1},
    {.bitmap_index = 67822, .adv_w = 256, .box_w = 16, .box_h = 14, .ofs_x = 0, .ofs_y = -1},
    {.bitmap_index = 67850, .adv_w = 256, .box_w = 15, .box_h = 14, .ofs_x = 0, .ofs_y = -1},
    {.bitmap_index = 67877, .adv_w = 256, .box_w = 15, .box_h = 14, .ofs_x = 0, .ofs_y = -1},
    {.bitmap_index = 67904, .adv_w = 256, .box_w = 14, .box_h = 15, .ofs_x = 1, .ofs_y = -1},
    {.bitmap_index = 67931, .adv_w = 256, .box_w = 16, .box_h = 15, .ofs_x = 0, .ofs_y = -1},
    {.bitmap_index = 67961, .adv_w = 256, .box_w = 15, .box_h = 14, .ofs_x = 0, .ofs_y = -1},
    {.bitmap_index = 67988, .adv_w = 256, .box_w = 14, .box_h = 14, .ofs_x = 1, .ofs_y = -1},
    {.bitmap_index = 68013, .adv_w = 256, .box_w = 15, .box_h = 14, .ofs_x = 1, .ofs_y = -1},
    {.bitmap_index = 68040, .adv_w = 256, .box_w = 14, .box_h = 14, .ofs_x = 1, .ofs_y = -1},
    {.bitmap_index = 68065, .adv_w = 256, .box_w = 14, .box_h = 15, .ofs_x = 1, .ofs_y = -1},
    {.bitmap_index = 68092, .adv_w = 256, .box_w = 14, .box_h = 14, .ofs_x = 1, .ofs_y = -1},
    {.bitmap_index = 68117, .adv_w = 256, .box_w = 14, .box_h = 15, .ofs_x = 1, .ofs_y = -1},
    {.bitmap_index = 68144, .adv_w = 256, .box_w = 15, .box_h = 14, .ofs_x = 1, .ofs_y = -1},
    {.bitmap_index = 68171, .adv_w = 256, .box_w = 14, .box_h = 14, .ofs_x = 1, .ofs_y = -1},
    {.bitmap_index = 68196, .adv_w = 256, .box_w = 14, .box_h = 15, .ofs_x = 1, .ofs_y = -1},
    {.bitmap_index = 68223, .adv_w = 256, .box_w = 14, .box_h = 14, .ofs_x = 1, .ofs_y = -1},
    {.bitmap_index = 68248, .adv_w = 256, .box_w = 15, .box_h = 14, .ofs_x = 0, .ofs_y = -1},
    {.bitmap_index = 68275, .adv_w = 256, .box_w = 14, .box_h = 15, .ofs_x = 1, .ofs_y = -1},
    {.bitmap_index = 68302, .adv_w = 256, .box_w = 15, .box_h = 14, .ofs_x = 1, .ofs_y = -1},
    {.bitmap_index = 68329, .adv_w = 256, .box_w = 15, .box_h = 15, .ofs_x = 0, .ofs_y = -1},
    {.bitmap_index = 68358, .adv_w = 256, .box_w = 15, .box_h = 14, .ofs_x = 1, .ofs_y = -1},
    {.bitmap_index = 68385, .adv_w = 256, .box_w = 15, .box_h = 14, .ofs_x = 0, .ofs_y = -1},
    {.bitmap_index = 68412, .adv_w = 256, .box_w = 14, .box_h = 14, .ofs_x = 1, .ofs_y = -1},
    {.bitmap_index = 68437, .adv_w = 256, .box_w = 16, .box_h = 14, .ofs_x = 0, .ofs_y = -1},
    {.bitmap_index = 68465, .adv_w = 256, .box_w = 15, .box_h = 14, .ofs_x = 0, .ofs_y = -1},
    {.bitmap_index = 68492, .adv_w = 256, .box_w = 14, .box_h = 15, .ofs_x = 1, .ofs_y = -1},
    {.bitmap_index = 68519, .adv_w = 256, .box_w = 14, .box_h = 15, .ofs_x = 1, .ofs_y = -1},
    {.bitmap_index = 68546, .adv_w = 256, .box_w = 14, .box_h = 14, .ofs_x = 1, .ofs_y = -1},
    {.bitmap_index = 68571, .adv_w = 256, .box_w = 15, .box_h = 15, .ofs_x = 0, .ofs_y = -1},
    {.bitmap_index = 68600, .adv_w = 256, .box_w = 15, .box_h = 14, .ofs_x = 0, .ofs_y = -1},
    {.bitmap_index = 68627, .adv_w = 256, .box_w = 16, .box_h = 14, .ofs_x = 0, .ofs_y = -1},
    {.bitmap_index = 68655, .adv_w = 256, .box_w = 15, .box_h = 14, .ofs_x = 0, .ofs_y = -1},
    {.bitmap_index = 68682, .adv_w = 256, .box_w = 15, .box_h = 14, .ofs_x = 0, .ofs_y = -1},
    {.bitmap_index = 68709, .adv_w = 256, .box_w = 14, .box_h = 15, .ofs_x = 1, .ofs_y = -1},
    {.bitmap_index = 68736, .adv_w = 256, .box_w = 15, .box_h = 14, .ofs_x = 1, .ofs_y = -1},
    {.bitmap_index = 68763, .adv_w = 256, .box_w = 15, .box_h = 15, .ofs_x = 0, .ofs_y = -1},
    {.bitmap_index = 68792, .adv_w = 256, .box_w = 15, .box_h = 14, .ofs_x = 1, .ofs_y = -1},
    {.bitmap_index = 68819, .adv_w = 256, .box_w = 14, .box_h = 15, .ofs_x = 1, .ofs_y = -1},
    {.bitmap_index = 68846, .adv_w = 256, .box_w = 15, .box_h = 13, .ofs_x = 0, .ofs_y = -1},
    {.bitmap_index = 68871, .adv_w = 256, .box_w = 14, .box_h = 14, .ofs_x = 1, .ofs_y = -1},
    {.bitmap_index = 68896, .adv_w = 256, .box_w = 14, .box_h = 14, .ofs_x = 1, .ofs_y = -1},
    {.bitmap_index = 68921, .adv_w = 256, .box_w = 15, .box_h = 14, .ofs_x = 0, .ofs_y = -1},
    {.bitmap_index = 68948, .adv_w = 256, .box_w = 14, .box_h = 14, .ofs_x = 1, .ofs_y = -1},
    {.bitmap_index = 68973, .adv_w = 256, .box_w = 15, .box_h = 15, .ofs_x = 0, .ofs_y = -1},
    {.bitmap_index = 69002, .adv_w = 256, .box_w = 14, .box_h = 15, .ofs_x = 1, .ofs_y = -1},
    {.bitmap_index = 69029, .adv_w = 256, .box_w = 14, .box_h = 14, .ofs_x = 1, .ofs_y = -1},
    {.bitmap_index = 69054, .adv_w = 256, .box_w = 14, .box_h = 15, .ofs_x = 1, .ofs_y = -1},
    {.bitmap_index = 69081, .adv_w = 256, .box_w = 15, .box_h = 15, .ofs_x = 1, .ofs_y = -1},
    {.bitmap_index = 69110, .adv_w = 256, .box_w = 14, .box_h = 15, .ofs_x = 1, .ofs_y = -1},
    {.bitmap_index = 69137, .adv_w = 256, .box_w = 16, .box_h = 15, .ofs_x = 0, .ofs_y = -1},
    {.bitmap_index = 69167, .adv_w = 256, .box_w = 15, .box_h = 14, .ofs_x = 1, .ofs_y = -1},
    {.bitmap_index = 69194, .adv_w = 256, .box_w = 14, .box_h = 14, .ofs_x = 1, .ofs_y = -1},
    {.bitmap_index = 69219, .adv_w = 256, .box_w = 15, .box_h = 15, .ofs_x = 0, .ofs_y = -1},
    {.bitmap_index = 69248, .adv_w = 256, .box_w = 15, .box_h = 14, .ofs_x = 1, .ofs_y = -1},
    {.bitmap_index = 69275, .adv_w = 256, .box_w = 14, .box_h = 14, .ofs_x = 1, .ofs_y = -1},
    {.bitmap_index = 69300, .adv_w = 256, .box_w = 14, .box_h = 14, .ofs_x = 1, .ofs_y = -1},
    {.bitmap_index = 69325, .adv_w = 256, .box_w = 14, .box_h = 14, .ofs_x = 1, .ofs_y = -1},
    {.bitmap_index = 69350, .adv_w = 256, .box_w = 14, .box_h = 15, .ofs_x = 1, .ofs_y = -1},
    {.bitmap_index = 69377, .adv_w = 256, .box_w = 14, .box_h = 14, .ofs_x = 1, .ofs_y = -1},
    {.bitmap_index = 69402, .adv_w = 256, .box_w = 14, .box_h = 15, .ofs_x = 1, .ofs_y = -1},
    {.bitmap_index = 69429, .adv_w = 256, .box_w = 14, .box_h = 14, .ofs_x = 1, .ofs_y = -1},
    {.bitmap_index = 69454, .adv_w = 256, .box_w = 15, .box_h = 14, .ofs_x = 1, .ofs_y = -1},
    {.bitmap_index = 69481, .adv_w = 256, .box_w = 15, .box_h = 14, .ofs_x = 0, .ofs_y = -1},
    {.bitmap_index = 69508, .adv_w = 256, .box_w = 14, .box_h = 15, .ofs_x = 1, .ofs_y = -1},
    {.bitmap_index = 69535, .adv_w = 256, .box_w = 15, .box_h = 14, .ofs_x = 0, .ofs_y = -1},
    {.bitmap_index = 69562, .adv_w = 256, .box_w = 15, .box_h = 15, .ofs_x = 0, .ofs_y = -1},
    {.bitmap_index = 69591, .adv_w = 256, .box_w = 15, .box_h = 14, .ofs_x = 0, .ofs_y = -1},
    {.bitmap_index = 69618, .adv_w = 256, .box_w = 14, .box_h = 14, .ofs_x = 1, .ofs_y = -1},
    {.bitmap_index = 69643, .adv_w = 256, .box_w = 15, .box_h = 15, .ofs_x = 0, .ofs_y = -1},
    {.bitmap_index = 69672, .adv_w = 256, .box_w = 15, .box_h = 14, .ofs_x = 1, .ofs_y = -1},
    {.bitmap_index = 69699, .adv_w = 256, .box_w = 15, .box_h = 15, .ofs_x = 0, .ofs_y = -1},
    {.bitmap_index = 69728, .adv_w = 256, .box_w = 15, .box_h = 14, .ofs_x = 1, .ofs_y = -1},
    {.bitmap_index = 69755, .adv_w = 256, .box_w = 15, .box_h = 14, .ofs_x = 0, .ofs_y = -1},
    {.bitmap_index = 69782, .adv_w = 256, .box_w = 15, .box_h = 14, .ofs_x = 0, .ofs_y = -1},
    {.bitmap_index = 69809, .adv_w = 256, .box_w = 15, .box_h = 14, .ofs_x = 0, .ofs_y = -1},
    {.bitmap_index = 69836, .adv_w = 256, .box_w = 15, .box_h = 15, .ofs_x = 0, .ofs_y = -1},
    {.bitmap_index = 69865, .adv_w = 256, .box_w = 15, .box_h = 15, .ofs_x = 0, .ofs_y = -1},
    {.bitmap_index = 69894, .adv_w = 256, .box_w = 14, .box_h = 15, .ofs_x = 0, .ofs_y = -1},
    {.bitmap_index = 69921, .adv_w = 256, .box_w = 15, .box_h = 14, .ofs_x = 0, .ofs_y = -1},
    {.bitmap_index = 69948, .adv_w = 256, .box_w = 15, .box_h = 14, .ofs_x = 0, .ofs_y = -1},
    {.bitmap_index = 69975, .adv_w = 256, .box_w = 15, .box_h = 14, .ofs_x = 0, .ofs_y = -1},
    {.bitmap_index = 70002, .adv_w = 256, .box_w = 15, .box_h = 15, .ofs_x = 0, .ofs_y = -2},
    {.bitmap_index = 70031, .adv_w = 256, .box_w = 16, .box_h = 15, .ofs_x = 0, .ofs_y = -2},
    {.bitmap_index = 70061, .adv_w = 256, .box_w = 15, .box_h = 15, .ofs_x = 0, .ofs_y = -1},
    {.bitmap_index = 70090, .adv_w = 256, .box_w = 15, .box_h = 14, .ofs_x = 0, .ofs_y = -1},
    {.bitmap_index = 70117, .adv_w = 256, .box_w = 15, .box_h = 15, .ofs_x = 0, .ofs_y = -1},
    {.bitmap_index = 70146, .adv_w = 256, .box_w = 16, .box_h = 14, .ofs_x = 0, .ofs_y = -1},
    {.bitmap_index = 70174, .adv_w = 256, .box_w = 14, .box_h = 14, .ofs_x = 0, .ofs_y = -1},
    {.bitmap_index = 70199, .adv_w = 256, .box_w = 15, .box_h = 15, .ofs_x = 0, .ofs_y = -2},
    {.bitmap_index = 70228, .adv_w = 256, .box_w = 15, .box_h = 15, .ofs_x = 0, .ofs_y = -1},
    {.bitmap_index = 70257, .adv_w = 256, .box_w = 15, .box_h = 16, .ofs_x = 0, .ofs_y = -2},
    {.bitmap_index = 70287, .adv_w = 256, .box_w = 15, .box_h = 14, .ofs_x = 0, .ofs_y = -1},
    {.bitmap_index = 70314, .adv_w = 256, .box_w = 16, .box_h = 14, .ofs_x = 1, .ofs_y = -1},
    {.bitmap_index = 70342, .adv_w = 256, .box_w = 15, .box_h = 14, .ofs_x = 0, .ofs_y = -1},
    {.bitmap_index = 70369, .adv_w = 256, .box_w = 15, .box_h = 14, .ofs_x = 0, .ofs_y = -1},
    {.bitmap_index = 70396, .adv_w = 256, .box_w = 15, .box_h = 15, .ofs_x = 0, .ofs_y = -1},
    {.bitmap_index = 70425, .adv_w = 256, .box_w = 15, .box_h = 15, .ofs_x = 0, .ofs_y = -1},
    {.bitmap_index = 70454, .adv_w = 256, .box_w = 15, .box_h = 14, .ofs_x = 0, .ofs_y = -1},
    {.bitmap_index = 70481, .adv_w = 256, .box_w = 16, .box_h = 14, .ofs_x = 0, .ofs_y = -1},
    {.bitmap_index = 70509, .adv_w = 256, .box_w = 15, .box_h = 14, .ofs_x = 0, .ofs_y = -1},
    {.bitmap_index = 70536, .adv_w = 256, .box_w = 16, .box_h = 14, .ofs_x = 0, .ofs_y = -1},
    {.bitmap_index = 70564, .adv_w = 256, .box_w = 15, .box_h = 15, .ofs_x = 0, .ofs_y = -1},
    {.bitmap_index = 70593, .adv_w = 256, .box_w = 15, .box_h = 16, .ofs_x = 0, .ofs_y = -2},
    {.bitmap_index = 70623, .adv_w = 256, .box_w = 15, .box_h = 14, .ofs_x = 0, .ofs_y = -1},
    {.bitmap_index = 70650, .adv_w = 256, .box_w = 15, .box_h = 14, .ofs_x = 1, .ofs_y = -1},
    {.bitmap_index = 70677, .adv_w = 256, .box_w = 15, .box_h = 15, .ofs_x = 0, .ofs_y = -1},
    {.bitmap_index = 70706, .adv_w = 256, .box_w = 15, .box_h = 15, .ofs_x = 0, .ofs_y = -1},
    {.bitmap_index = 70735, .adv_w = 256, .box_w = 15, .box_h = 15, .ofs_x = 0, .ofs_y = -1},
    {.bitmap_index = 70764, .adv_w = 256, .box_w = 15, .box_h = 14, .ofs_x = 0, .ofs_y = -1},
    {.bitmap_index = 70791, .adv_w = 256, .box_w = 15, .box_h = 14, .ofs_x = 0, .ofs_y = -1},
    {.bitmap_index = 70818, .adv_w = 256, .box_w = 15, .box_h = 14, .ofs_x = 0, .ofs_y = -1},
    {.bitmap_index = 70845, .adv_w = 256, .box_w = 15, .box_h = 16, .ofs_x = 0, .ofs_y = -2},
    {.bitmap_index = 70875, .adv_w = 256, .box_w = 14, .box_h = 14, .ofs_x = 1, .ofs_y = -1},
    {.bitmap_index = 70900, .adv_w = 256, .box_w = 13, .box_h = 15, .ofs_x = 1, .ofs_y = -1},
    {.bitmap_index = 70925, .adv_w = 256, .box_w = 13, .box_h = 15, .ofs_x = 1, .ofs_y = -1},
    {.bitmap_index = 70950, .adv_w = 256, .box_w = 13, .box_h = 15, .ofs_x = 2, .ofs_y = -1},
    {.bitmap_index = 70975, .adv_w = 256, .box_w = 13, .box_h = 15, .ofs_x = 2, .ofs_y = -1},
    {.bitmap_index = 71000, .adv_w = 256, .box_w = 13, .box_h = 14, .ofs_x = 1, .ofs_y = -1},
    {.bitmap_index = 71023, .adv_w = 256, .box_w = 13, .box_h = 15, .ofs_x = 1, .ofs_y = -1},
    {.bitmap_index = 71048, .adv_w = 256, .box_w = 13, .box_h = 15, .ofs_x = 2, .ofs_y = -1},
    {.bitmap_index = 71073, .adv_w = 256, .box_w = 13, .box_h = 15, .ofs_x = 1, .ofs_y = -1},
    {.bitmap_index = 71098, .adv_w = 256, .box_w = 13, .box_h = 15, .ofs_x = 1, .ofs_y = -1},
    {.bitmap_index = 71123, .adv_w = 256, .box_w = 13, .box_h = 14, .ofs_x = 1, .ofs_y = -1},
    {.bitmap_index = 71146, .adv_w = 256, .box_w = 13, .box_h = 15, .ofs_x = 2, .ofs_y = -1},
    {.bitmap_index = 71171, .adv_w = 256, .box_w = 12, .box_h = 15, .ofs_x = 2, .ofs_y = -1},
    {.bitmap_index = 71194, .adv_w = 256, .box_w = 13, .box_h = 15, .ofs_x = 1, .ofs_y = -1},
    {.bitmap_index = 71219, .adv_w = 256, .box_w = 14, .box_h = 15, .ofs_x = 2, .ofs_y = -1},
    {.bitmap_index = 71246, .adv_w = 256, .box_w = 14, .box_h = 14, .ofs_x = 1, .ofs_y = -1},
    {.bitmap_index = 71271, .adv_w = 256, .box_w = 14, .box_h = 15, .ofs_x = 1, .ofs_y = -1},
    {.bitmap_index = 71298, .adv_w = 256, .box_w = 13, .box_h = 14, .ofs_x = 1, .ofs_y = -1},
    {.bitmap_index = 71321, .adv_w = 256, .box_w = 13, .box_h = 14, .ofs_x = 1, .ofs_y = -1},
    {.bitmap_index = 71344, .adv_w = 256, .box_w = 14, .box_h = 15, .ofs_x = 1, .ofs_y = -1},
    {.bitmap_index = 71371, .adv_w = 256, .box_w = 15, .box_h = 15, .ofs_x = 1, .ofs_y = -1},
    {.bitmap_index = 71400, .adv_w = 256, .box_w = 15, .box_h = 14, .ofs_x = 1, .ofs_y = -1},
    {.bitmap_index = 71427, .adv_w = 256, .box_w = 15, .box_h = 14, .ofs_x = 1, .ofs_y = -1},
    {.bitmap_index = 71454, .adv_w = 256, .box_w = 15, .box_h = 15, .ofs_x = 1, .ofs_y = -1},
    {.bitmap_index = 71483, .adv_w = 256, .box_w = 14, .box_h = 14, .ofs_x = 1, .ofs_y = -1},
    {.bitmap_index = 71508, .adv_w = 256, .box_w = 14, .box_h = 14, .ofs_x = 1, .ofs_y = -1},
    {.bitmap_index = 71533, .adv_w = 256, .box_w = 14, .box_h = 15, .ofs_x = 1, .ofs_y = -1},
    {.bitmap_index = 71560, .adv_w = 256, .box_w = 14, .box_h = 14, .ofs_x = 1, .ofs_y = -1},
    {.bitmap_index = 71585, .adv_w = 256, .box_w = 14, .box_h = 14, .ofs_x = 1, .ofs_y = -1},
    {.bitmap_index = 71610, .adv_w = 256, .box_w = 14, .box_h = 14, .ofs_x = 1, .ofs_y = -1},
    {.bitmap_index = 71635, .adv_w = 256, .box_w = 14, .box_h = 14, .ofs_x = 1, .ofs_y = -1},
    {.bitmap_index = 71660, .adv_w = 256, .box_w = 15, .box_h = 14, .ofs_x = 1, .ofs_y = -1},
    {.bitmap_index = 71687, .adv_w = 256, .box_w = 14, .box_h = 15, .ofs_x = 1, .ofs_y = -1},
    {.bitmap_index = 71714, .adv_w = 256, .box_w = 15, .box_h = 15, .ofs_x = 1, .ofs_y = -1},
    {.bitmap_index = 71743, .adv_w = 256, .box_w = 15, .box_h = 14, .ofs_x = 1, .ofs_y = -1},
    {.bitmap_index = 71770, .adv_w = 256, .box_w = 15, .box_h = 15, .ofs_x = 1, .ofs_y = -1},
    {.bitmap_index = 71799, .adv_w = 256, .box_w = 14, .box_h = 15, .ofs_x = 1, .ofs_y = -1},
    {.bitmap_index = 71826, .adv_w = 256, .box_w = 15, .box_h = 15, .ofs_x = 1, .ofs_y = -1},
    {.bitmap_index = 71855, .adv_w = 256, .box_w = 14, .box_h = 15, .ofs_x = 1, .ofs_y = -1},
    {.bitmap_index = 71882, .adv_w = 256, .box_w = 13, .box_h = 15, .ofs_x = 1, .ofs_y = -1},
    {.bitmap_index = 71907, .adv_w = 256, .box_w = 14, .box_h = 14, .ofs_x = 1, .ofs_y = -1},
    {.bitmap_index = 71932, .adv_w = 256, .box_w = 14, .box_h = 15, .ofs_x = 1, .ofs_y = -1},
    {.bitmap_index = 71959, .adv_w = 256, .box_w = 14, .box_h = 14, .ofs_x = 1, .ofs_y = -1},
    {.bitmap_index = 71984, .adv_w = 256, .box_w = 14, .box_h = 14, .ofs_x = 1, .ofs_y = -1},
    {.bitmap_index = 72009, .adv_w = 256, .box_w = 14, .box_h = 14, .ofs_x = 1, .ofs_y = -1},
    {.bitmap_index = 72034, .adv_w = 256, .box_w = 15, .box_h = 14, .ofs_x = 1, .ofs_y = -1},
    {.bitmap_index = 72061, .adv_w = 256, .box_w = 15, .box_h = 15, .ofs_x = 0, .ofs_y = -1},
    {.bitmap_index = 72090, .adv_w = 256, .box_w = 14, .box_h = 14, .ofs_x = 1, .ofs_y = -1},
    {.bitmap_index = 72115, .adv_w = 256, .box_w = 16, .box_h = 14, .ofs_x = 0, .ofs_y = -1},
    {.bitmap_index = 72143, .adv_w = 256, .box_w = 14, .box_h = 14, .ofs_x = 1, .ofs_y = -1},
    {.bitmap_index = 72168, .adv_w = 256, .box_w = 16, .box_h = 14, .ofs_x = 0, .ofs_y = -1},
    {.bitmap_index = 72196, .adv_w = 256, .box_w = 15, .box_h = 14, .ofs_x = 1, .ofs_y = -1},
    {.bitmap_index = 72223, .adv_w = 256, .box_w = 15, .box_h = 15, .ofs_x = 1, .ofs_y = -1},
    {.bitmap_index = 72252, .adv_w = 256, .box_w = 15, .box_h = 13, .ofs_x = 1, .ofs_y = -1},
    {.bitmap_index = 72277, .adv_w = 256, .box_w = 14, .box_h = 14, .ofs_x = 1, .ofs_y = -1},
    {.bitmap_index = 72302, .adv_w = 256, .box_w = 14, .box_h = 15, .ofs_x = 1, .ofs_y = -2},
    {.bitmap_index = 72329, .adv_w = 256, .box_w = 15, .box_h = 14, .ofs_x = 0, .ofs_y = -1},
    {.bitmap_index = 72356, .adv_w = 256, .box_w = 16, .box_h = 14, .ofs_x = 0, .ofs_y = -1},
    {.bitmap_index = 72384, .adv_w = 256, .box_w = 14, .box_h = 14, .ofs_x = 1, .ofs_y = -1},
    {.bitmap_index = 72409, .adv_w = 256, .box_w = 15, .box_h = 14, .ofs_x = 1, .ofs_y = -1},
    {.bitmap_index = 72436, .adv_w = 256, .box_w = 16, .box_h = 14, .ofs_x = 0, .ofs_y = -1},
    {.bitmap_index = 72464, .adv_w = 256, .box_w = 14, .box_h = 14, .ofs_x = 1, .ofs_y = -1},
    {.bitmap_index = 72489, .adv_w = 256, .box_w = 14, .box_h = 14, .ofs_x = 1, .ofs_y = -1},
    {.bitmap_index = 72514, .adv_w = 256, .box_w = 16, .box_h = 14, .ofs_x = 0, .ofs_y = -1},
    {.bitmap_index = 72542, .adv_w = 256, .box_w = 15, .box_h = 15, .ofs_x = 0, .ofs_y = -2},
    {.bitmap_index = 72571, .adv_w = 256, .box_w = 14, .box_h = 14, .ofs_x = 1, .ofs_y = -1},
    {.bitmap_index = 72596, .adv_w = 256, .box_w = 15, .box_h = 14, .ofs_x = 0, .ofs_y = -1},
    {.bitmap_index = 72623, .adv_w = 256, .box_w = 15, .box_h = 14, .ofs_x = 0, .ofs_y = -1},
    {.bitmap_index = 72650, .adv_w = 256, .box_w = 14, .box_h = 14, .ofs_x = 1, .ofs_y = -1},
    {.bitmap_index = 72675, .adv_w = 256, .box_w = 15, .box_h = 14, .ofs_x = 0, .ofs_y = -1},
    {.bitmap_index = 72702, .adv_w = 256, .box_w = 15, .box_h = 14, .ofs_x = 0, .ofs_y = -1},
    {.bitmap_index = 72729, .adv_w = 256, .box_w = 14, .box_h = 15, .ofs_x = 1, .ofs_y = -1},
    {.bitmap_index = 72756, .adv_w = 256, .box_w = 15, .box_h = 15, .ofs_x = 1, .ofs_y = -1},
    {.bitmap_index = 72785, .adv_w = 256, .box_w = 14, .box_h = 14, .ofs_x = 1, .ofs_y = -1},
    {.bitmap_index = 72810, .adv_w = 256, .box_w = 16, .box_h = 14, .ofs_x = 0, .ofs_y = -1},
    {.bitmap_index = 72838, .adv_w = 256, .box_w = 14, .box_h = 13, .ofs_x = 1, .ofs_y = -1},
    {.bitmap_index = 72861, .adv_w = 256, .box_w = 16, .box_h = 14, .ofs_x = 0, .ofs_y = -1},
    {.bitmap_index = 72889, .adv_w = 256, .box_w = 15, .box_h = 15, .ofs_x = 1, .ofs_y = -1},
    {.bitmap_index = 72918, .adv_w = 256, .box_w = 15, .box_h = 15, .ofs_x = 0, .ofs_y = -1},
    {.bitmap_index = 72947, .adv_w = 256, .box_w = 15, .box_h = 14, .ofs_x = 1, .ofs_y = -1},
    {.bitmap_index = 72974, .adv_w = 256, .box_w = 15, .box_h = 15, .ofs_x = 0, .ofs_y = -1},
    {.bitmap_index = 73003, .adv_w = 256, .box_w = 14, .box_h = 15, .ofs_x = 1, .ofs_y = -1},
    {.bitmap_index = 73030, .adv_w = 256, .box_w = 14, .box_h = 15, .ofs_x = 1, .ofs_y = -1},
    {.bitmap_index = 73057, .adv_w = 256, .box_w = 14, .box_h = 14, .ofs_x = 1, .ofs_y = -1},
    {.bitmap_index = 73082, .adv_w = 256, .box_w = 15, .box_h = 15, .ofs_x = 1, .ofs_y = -2},
    {.bitmap_index = 73111, .adv_w = 256, .box_w = 14, .box_h = 14, .ofs_x = 1, .ofs_y = -1},
    {.bitmap_index = 73136, .adv_w = 256, .box_w = 14, .box_h = 15, .ofs_x = 1, .ofs_y = -2},
    {.bitmap_index = 73163, .adv_w = 256, .box_w = 15, .box_h = 14, .ofs_x = 1, .ofs_y = -1},
    {.bitmap_index = 73190, .adv_w = 256, .box_w = 14, .box_h = 15, .ofs_x = 1, .ofs_y = -2},
    {.bitmap_index = 73217, .adv_w = 256, .box_w = 15, .box_h = 14, .ofs_x = 1, .ofs_y = -1},
    {.bitmap_index = 73244, .adv_w = 256, .box_w = 14, .box_h = 14, .ofs_x = 1, .ofs_y = -1},
    {.bitmap_index = 73269, .adv_w = 256, .box_w = 16, .box_h = 15, .ofs_x = 0, .ofs_y = -2},
    {.bitmap_index = 73299, .adv_w = 256, .box_w = 14, .box_h = 14, .ofs_x = 1, .ofs_y = -1},
    {.bitmap_index = 73324, .adv_w = 256, .box_w = 15, .box_h = 16, .ofs_x = 0, .ofs_y = -2},
    {.bitmap_index = 73354, .adv_w = 256, .box_w = 15, .box_h = 15, .ofs_x = 1, .ofs_y = -2},
    {.bitmap_index = 73383, .adv_w = 256, .box_w = 15, .box_h = 14, .ofs_x = 1, .ofs_y = -1},
    {.bitmap_index = 73410, .adv_w = 256, .box_w = 14, .box_h = 15, .ofs_x = 1, .ofs_y = -2},
    {.bitmap_index = 73437, .adv_w = 256, .box_w = 15, .box_h = 14, .ofs_x = 0, .ofs_y = -1},
    {.bitmap_index = 73464, .adv_w = 256, .box_w = 16, .box_h = 14, .ofs_x = 0, .ofs_y = -1},
    {.bitmap_index = 73492, .adv_w = 256, .box_w = 15, .box_h = 15, .ofs_x = 1, .ofs_y = -1},
    {.bitmap_index = 73521, .adv_w = 256, .box_w = 14, .box_h = 14, .ofs_x = 1, .ofs_y = -1},
    {.bitmap_index = 73546, .adv_w = 256, .box_w = 15, .box_h = 15, .ofs_x = 1, .ofs_y = -1},
    {.bitmap_index = 73575, .adv_w = 256, .box_w = 15, .box_h = 15, .ofs_x = 1, .ofs_y = -1},
    {.bitmap_index = 73604, .adv_w = 256, .box_w = 14, .box_h = 14, .ofs_x = 1, .ofs_y = -1},
    {.bitmap_index = 73629, .adv_w = 256, .box_w = 15, .box_h = 14, .ofs_x = 1, .ofs_y = -1},
    {.bitmap_index = 73656, .adv_w = 256, .box_w = 15, .box_h = 15, .ofs_x = 1, .ofs_y = -1},
    {.bitmap_index = 73685, .adv_w = 256, .box_w = 14, .box_h = 13, .ofs_x = 1, .ofs_y = -1},
    {.bitmap_index = 73708, .adv_w = 256, .box_w = 15, .box_h = 13, .ofs_x = 0, .ofs_y = -1},
    {.bitmap_index = 73733, .adv_w = 256, .box_w = 15, .box_h = 15, .ofs_x = 1, .ofs_y = -2},
    {.bitmap_index = 73762, .adv_w = 256, .box_w = 14, .box_h = 14, .ofs_x = 1, .ofs_y = -1},
    {.bitmap_index = 73787, .adv_w = 256, .box_w = 14, .box_h = 15, .ofs_x = 1, .ofs_y = -1},
    {.bitmap_index = 73814, .adv_w = 256, .box_w = 14, .box_h = 14, .ofs_x = 1, .ofs_y = -1},
    {.bitmap_index = 73839, .adv_w = 256, .box_w = 15, .box_h = 15, .ofs_x = 0, .ofs_y = -1},
    {.bitmap_index = 73868, .adv_w = 256, .box_w = 14, .box_h = 15, .ofs_x = 1, .ofs_y = -1},
    {.bitmap_index = 73895, .adv_w = 256, .box_w = 16, .box_h = 15, .ofs_x = 0, .ofs_y = -1},
    {.bitmap_index = 73925, .adv_w = 256, .box_w = 16, .box_h = 15, .ofs_x = 0, .ofs_y = -1},
    {.bitmap_index = 73955, .adv_w = 256, .box_w = 15, .box_h = 15, .ofs_x = 0, .ofs_y = -1},
    {.bitmap_index = 73984, .adv_w = 256, .box_w = 15, .box_h = 14, .ofs_x = 0, .ofs_y = -1},
    {.bitmap_index = 74011, .adv_w = 256, .box_w = 16, .box_h = 15, .ofs_x = 0, .ofs_y = -1},
    {.bitmap_index = 74041, .adv_w = 256, .box_w = 14, .box_h = 14, .ofs_x = 1, .ofs_y = -1},
    {.bitmap_index = 74066, .adv_w = 256, .box_w = 15, .box_h = 15, .ofs_x = 0, .ofs_y = -1},
    {.bitmap_index = 74095, .adv_w = 256, .box_w = 15, .box_h = 15, .ofs_x = 0, .ofs_y = -1},
    {.bitmap_index = 74124, .adv_w = 256, .box_w = 13, .box_h = 13, .ofs_x = 1, .ofs_y = -1},
    {.bitmap_index = 74146, .adv_w = 256, .box_w = 14, .box_h = 14, .ofs_x = 0, .ofs_y = -1},
    {.bitmap_index = 74171, .adv_w = 256, .box_w = 15, .box_h = 14, .ofs_x = 1, .ofs_y = -1},
    {.bitmap_index = 74198, .adv_w = 256, .box_w = 15, .box_h = 14, .ofs_x = 0, .ofs_y = -1},
    {.bitmap_index = 74225, .adv_w = 256, .box_w = 14, .box_h = 15, .ofs_x = 1, .ofs_y = -1},
    {.bitmap_index = 74252, .adv_w = 256, .box_w = 14, .box_h = 14, .ofs_x = 0, .ofs_y = -1},
    {.bitmap_index = 74277, .adv_w = 256, .box_w = 14, .box_h = 15, .ofs_x = 1, .ofs_y = -1},
    {.bitmap_index = 74304, .adv_w = 256, .box_w = 15, .box_h = 14, .ofs_x = 0, .ofs_y = -1},
    {.bitmap_index = 74331, .adv_w = 256, .box_w = 15, .box_h = 14, .ofs_x = 0, .ofs_y = -1},
    {.bitmap_index = 74358, .adv_w = 256, .box_w = 13, .box_h = 14, .ofs_x = 1, .ofs_y = -1},
    {.bitmap_index = 74381, .adv_w = 256, .box_w = 13, .box_h = 14, .ofs_x = 1, .ofs_y = -1},
    {.bitmap_index = 74404, .adv_w = 256, .box_w = 15, .box_h = 15, .ofs_x = 0, .ofs_y = -1},
    {.bitmap_index = 74433, .adv_w = 256, .box_w = 15, .box_h = 14, .ofs_x = 0, .ofs_y = -1},
    {.bitmap_index = 74460, .adv_w = 256, .box_w = 15, .box_h = 15, .ofs_x = 0, .ofs_y = -1},
    {.bitmap_index = 74489, .adv_w = 256, .box_w = 15, .box_h = 15, .ofs_x = 0, .ofs_y = -1},
    {.bitmap_index = 74518, .adv_w = 256, .box_w = 15, .box_h = 15, .ofs_x = 0, .ofs_y = -1},
    {.bitmap_index = 74547, .adv_w = 256, .box_w = 14, .box_h = 14, .ofs_x = 1, .ofs_y = -1},
    {.bitmap_index = 74572, .adv_w = 256, .box_w = 14, .box_h = 14, .ofs_x = 1, .ofs_y = -1},
    {.bitmap_index = 74597, .adv_w = 256, .box_w = 14, .box_h = 14, .ofs_x = 0, .ofs_y = -1},
    {.bitmap_index = 74622, .adv_w = 256, .box_w = 14, .box_h = 14, .ofs_x = 1, .ofs_y = -1},
    {.bitmap_index = 74647, .adv_w = 256, .box_w = 15, .box_h = 14, .ofs_x = 1, .ofs_y = -1},
    {.bitmap_index = 74674, .adv_w = 256, .box_w = 15, .box_h = 15, .ofs_x = 1, .ofs_y = -1},
    {.bitmap_index = 74703, .adv_w = 256, .box_w = 15, .box_h = 15, .ofs_x = 1, .ofs_y = -1},
    {.bitmap_index = 74732, .adv_w = 256, .box_w = 15, .box_h = 14, .ofs_x = 1, .ofs_y = -1},
    {.bitmap_index = 74759, .adv_w = 256, .box_w = 15, .box_h = 15, .ofs_x = 1, .ofs_y = -1},
    {.bitmap_index = 74788, .adv_w = 256, .box_w = 14, .box_h = 15, .ofs_x = 1, .ofs_y = -1},
    {.bitmap_index = 74815, .adv_w = 256, .box_w = 15, .box_h = 14, .ofs_x = 1, .ofs_y = -1},
    {.bitmap_index = 74842, .adv_w = 256, .box_w = 15, .box_h = 15, .ofs_x = 0, .ofs_y = -1},
    {.bitmap_index = 74871, .adv_w = 256, .box_w = 16, .box_h = 14, .ofs_x = 0, .ofs_y = -1},
    {.bitmap_index = 74899, .adv_w = 256, .box_w = 15, .box_h = 15, .ofs_x = 1, .ofs_y = -1},
    {.bitmap_index = 74928, .adv_w = 256, .box_w = 14, .box_h = 14, .ofs_x = 1, .ofs_y = -1},
    {.bitmap_index = 74953, .adv_w = 256, .box_w = 15, .box_h = 15, .ofs_x = 1, .ofs_y = -1},
    {.bitmap_index = 74982, .adv_w = 256, .box_w = 16, .box_h = 14, .ofs_x = 0, .ofs_y = -1},
    {.bitmap_index = 75010, .adv_w = 256, .box_w = 16, .box_h = 14, .ofs_x = 0, .ofs_y = -1},
    {.bitmap_index = 75038, .adv_w = 256, .box_w = 14, .box_h = 15, .ofs_x = 1, .ofs_y = -1},
    {.bitmap_index = 75065, .adv_w = 256, .box_w = 13, .box_h = 14, .ofs_x = 1, .ofs_y = -1},
    {.bitmap_index = 75088, .adv_w = 256, .box_w = 15, .box_h = 14, .ofs_x = 0, .ofs_y = -1},
    {.bitmap_index = 75115, .adv_w = 256, .box_w = 15, .box_h = 14, .ofs_x = 0, .ofs_y = -1},
    {.bitmap_index = 75142, .adv_w = 256, .box_w = 16, .box_h = 14, .ofs_x = 0, .ofs_y = -1},
    {.bitmap_index = 75170, .adv_w = 256, .box_w = 15, .box_h = 15, .ofs_x = 0, .ofs_y = -1},
    {.bitmap_index = 75199, .adv_w = 256, .box_w = 13, .box_h = 15, .ofs_x = 1, .ofs_y = -1},
    {.bitmap_index = 75224, .adv_w = 256, .box_w = 14, .box_h = 15, .ofs_x = 0, .ofs_y = -1},
    {.bitmap_index = 75251, .adv_w = 256, .box_w = 13, .box_h = 15, .ofs_x = 1, .ofs_y = -1},
    {.bitmap_index = 75276, .adv_w = 256, .box_w = 14, .box_h = 15, .ofs_x = 1, .ofs_y = -1},
    {.bitmap_index = 75303, .adv_w = 256, .box_w = 14, .box_h = 14, .ofs_x = 1, .ofs_y = -1},
    {.bitmap_index = 75328, .adv_w = 256, .box_w = 14, .box_h = 15, .ofs_x = 1, .ofs_y = -1},
    {.bitmap_index = 75355, .adv_w = 256, .box_w = 14, .box_h = 15, .ofs_x = 1, .ofs_y = -1},
    {.bitmap_index = 75382, .adv_w = 256, .box_w = 14, .box_h = 15, .ofs_x = 1, .ofs_y = -1},
    {.bitmap_index = 75409, .adv_w = 256, .box_w = 14, .box_h = 15, .ofs_x = 1, .ofs_y = -1},
    {.bitmap_index = 75436, .adv_w = 256, .box_w = 14, .box_h = 14, .ofs_x = 1, .ofs_y = -1},
    {.bitmap_index = 75461, .adv_w = 256, .box_w = 16, .box_h = 14, .ofs_x = 0, .ofs_y = -1},
    {.bitmap_index = 75489, .adv_w = 256, .box_w = 15, .box_h = 15, .ofs_x = 1, .ofs_y = -2},
    {.bitmap_index = 75518, .adv_w = 256, .box_w = 16, .box_h = 15, .ofs_x = 0, .ofs_y = -1},
    {.bitmap_index = 75548, .adv_w = 256, .box_w = 15, .box_h = 15, .ofs_x = 1, .ofs_y = -1},
    {.bitmap_index = 75577, .adv_w = 256, .box_w = 15, .box_h = 14, .ofs_x = 0, .ofs_y = -1},
    {.bitmap_index = 75604, .adv_w = 256, .box_w = 16, .box_h = 15, .ofs_x = 0, .ofs_y = -2},
    {.bitmap_index = 75634, .adv_w = 256, .box_w = 14, .box_h = 15, .ofs_x = 1, .ofs_y = -1},
    {.bitmap_index = 75661, .adv_w = 256, .box_w = 14, .box_h = 15, .ofs_x = 1, .ofs_y = -1},
    {.bitmap_index = 75688, .adv_w = 256, .box_w = 14, .box_h = 14, .ofs_x = 1, .ofs_y = -1},
    {.bitmap_index = 75713, .adv_w = 256, .box_w = 15, .box_h = 14, .ofs_x = 1, .ofs_y = -1},
    {.bitmap_index = 75740, .adv_w = 256, .box_w = 14, .box_h = 15, .ofs_x = 1, .ofs_y = -1},
    {.bitmap_index = 75767, .adv_w = 256, .box_w = 15, .box_h = 14, .ofs_x = 1, .ofs_y = -1},
    {.bitmap_index = 75794, .adv_w = 256, .box_w = 13, .box_h = 14, .ofs_x = 1, .ofs_y = -1},
    {.bitmap_index = 75817, .adv_w = 256, .box_w = 14, .box_h = 14, .ofs_x = 1, .ofs_y = -1},
    {.bitmap_index = 75842, .adv_w = 256, .box_w = 16, .box_h = 14, .ofs_x = 0, .ofs_y = -1},
    {.bitmap_index = 75870, .adv_w = 256, .box_w = 15, .box_h = 15, .ofs_x = 0, .ofs_y = -1},
    {.bitmap_index = 75899, .adv_w = 256, .box_w = 1, .box_h = 12, .ofs_x = 4, .ofs_y = 0},
    {.bitmap_index = 75901, .adv_w = 256, .box_w = 4, .box_h = 15, .ofs_x = 11, .ofs_y = -1},
    {.bitmap_index = 75909, .adv_w = 256, .box_w = 4, .box_h = 15, .ofs_x = 1, .ofs_y = -1},
    {.bitmap_index = 75917, .adv_w = 256, .box_w = 3, .box_h = 4, .ofs_x = 2, .ofs_y = -1},
    {.bitmap_index = 75919, .adv_w = 256, .box_w = 2, .box_h = 10, .ofs_x = 3, .ofs_y = 0},
    {.bitmap_index = 75922, .adv_w = 256, .box_w = 2, .box_h = 12, .ofs_x = 3, .ofs_y = -2},
    {.bitmap_index = 75925, .adv_w = 256, .box_w = 7, .box_h = 12, .ofs_x = 0, .ofs_y = 0},
    {.bitmap_index = 75936, .adv_w = 256, .box_w = 10, .box_h = 12, .ofs_x = 3, .ofs_y = 0},
    {.bitmap_index = 75951, .adv_w = 256, .box_w = 14, .box_h = 12, .ofs_x = 1, .ofs_y = 0},
    {.bitmap_index = 75972, .adv_w = 256, .box_w = 8, .box_h = 11, .ofs_x = 4, .ofs_y = 0},
    {.bitmap_index = 75983, .adv_w = 256, .box_w = 4, .box_h = 2, .ofs_x = 6, .ofs_y = 13}
};

/*---------------------
 *  CHARACTER MAPPING
 *--------------------*/

static const uint16_t unicode_list_1[] = {
    0x0, 0x3, 0x25, 0x1c70, 0x1c74, 0x1c75, 0x1c78, 0x1c79,
    0x1ef5, 0x20c3, 0x2227, 0x2c5c, 0x2c5d, 0x2c5e, 0x2c66, 0x2c67,
    0x2c6a, 0x2c6b, 0x2d5a, 0x2e83, 0x4a5c, 0x4a5d, 0x4a5f, 0x4a63,
    0x4a64, 0x4a65, 0x4a66, 0x4a67, 0x4a69, 0x4a6a, 0x4a6d, 0x4a6f,
    0x4a70, 0x4a72, 0x4a76, 0x4a77, 0x4a78, 0x4a79, 0x4a7e, 0x4a80,
    0x4a81, 0x4a83, 0x4a86, 0x4a87, 0x4a89, 0x4a8c, 0x4a8e, 0x4a90,
    0x4a95, 0x4a96, 0x4a97, 0x4a99, 0x4a9a, 0x4a9f, 0x4aa1, 0x4aa4,
    0x4aa5, 0x4aa7, 0x4aa8, 0x4aa9, 0x4aaa, 0x4aac, 0x4aae, 0x4aaf,
    0x4ab2, 0x4ab4, 0x4ab9, 0x4abb, 0x4abc, 0x4abd, 0x4ac2, 0x4acc,
    0x4acd, 0x4acf, 0x4ada, 0x4ae2, 0x4ae4, 0x4ae5, 0x4ae7, 0x4ae8,
    0x4aea, 0x4aeb, 0x4aed, 0x4aee, 0x4af0, 0x4af1, 0x4af6, 0x4af7,
    0x4afd, 0x4afe, 0x4b00, 0x4b02, 0x4b03, 0x4b05, 0x4b07, 0x4b08,
    0x4b09, 0x4b0a, 0x4b0e, 0x4b16, 0x4b1b, 0x4b1c, 0x4b21, 0x4b22,
    0x4b23, 0x4b24, 0x4b26, 0x4b27, 0x4b29, 0x4b2a, 0x4b2d, 0x4b2f,
    0x4b30, 0x4b31, 0x4b32, 0x4b33, 0x4b34, 0x4b35, 0x4b3f, 0x4b40,
    0x4b41, 0x4b46, 0x4b48, 0x4b4c, 0x4b52, 0x4b53, 0x4b57, 0x4b59,
    0x4b5b, 0x4b66, 0x4b69, 0x4b6b, 0x4b6c, 0x4b6d, 0x4b73, 0x4b74,
    0x4b75, 0x4b76, 0x4b7b, 0x4b7c, 0x4b80, 0x4b82, 0x4b86, 0x4b8b,
    0x4b8c, 0x4b90, 0x4b92, 0x4b94, 0x4b98, 0x4b99, 0x4ba2, 0x4ba9,
    0x4baa, 0x4bab, 0x4bad, 0x4baf, 0x4bb1, 0x4bb5, 0x4bb7, 0x4bb8,
    0x4bbc, 0x4bbf, 0x4bc5, 0x4bc8, 0x4bcf, 0x4bdb, 0x4bdf, 0x4be7,
    0x4be9, 0x4bf7, 0x4bf9, 0x4bfc, 0x4bff, 0x4c01, 0x4c02, 0x4c03,
    0x4c0a, 0x4c11, 0x4c1b, 0x4c1f, 0x4c26, 0x4c2b, 0x4c2c, 0x4c33,
    0x4c34, 0x4c39, 0x4c3d, 0x4c45, 0x4c4a, 0x4c69, 0x4c6e, 0x4c70,
    0x4c75, 0x4c76, 0x4c7b, 0x4c96, 0x4c98, 0x4c9a, 0x4ca3, 0x4ca8,
    0x4cab, 0x4cb6, 0x4cb8, 0x4cc1, 0x4cd2, 0x4cd3, 0x4cdc, 0x4ce1,
    0x4d04, 0x4d08, 0x4d0e, 0x4d17, 0x4d2b, 0x4d51, 0x4d57, 0x4d7d,
    0x4d9b, 0x4d9d, 0x4d9f, 0x4da0, 0x4da1, 0x4da4, 0x4da5, 0x4da7,
    0x4da9, 0x4dad, 0x4db0, 0x4db6, 0x4db8, 0x4dc1, 0x4dc4, 0x4dc7,
    0x4dc8, 0x4dc9, 0x4dcc, 0x4dcd, 0x4dcf, 0x4dd0, 0x4dd1, 0x4dd2,
    0x4dd3, 0x4dd4, 0x4dd5, 0x4dd7, 0x4dd8, 0x4dd9, 0x4de1, 0x4de8,
    0x4de9, 0x4dee, 0x4df1, 0x4df5, 0x4df7, 0x4df8, 0x4dfc, 0x4e00,
    0x4e01, 0x4e0c, 0x4e0e, 0x4e0f, 0x4e11, 0x4e12, 0x4e13, 0x4e17,
    0x4e1c, 0x4e20, 0x4e22, 0x4e25, 0x4e28, 0x4e2b, 0x4e2d, 0x4e37,
    0x4e39, 0x4e3c, 0x4e3d, 0x4e40, 0x4e49, 0x4e4b, 0x4e4c, 0x4e52,
    0x4e54, 0x4e55, 0x4e56, 0x4e57, 0x4e59, 0x4e5c, 0x4e5d, 0x4e5f,
    0x4e62, 0x4e63, 0x4e6d, 0x4e6e, 0x4e73, 0x4e74, 0x4e75, 0x4e76,
    0x4e77, 0x4e79, 0x4e7c, 0x4e80, 0x4e85, 0x4e87, 0x4e8a, 0x4e8c,
    0x4e92, 0x4e93, 0x4e94, 0x4e95, 0x4e96, 0x4e97, 0x4e9e, 0x4ea6,
    0x4ea9, 0x4ead, 0x4eb0, 0x4ec1, 0x4ec3, 0x4ec5, 0x4ec6, 0x4ecb,
    0x4ece, 0x4edb, 0x4ee4, 0x4ef7, 0x4ef9, 0x4efa, 0x4efb, 0x4efc,
    0x4efd, 0x4f04, 0x4f05, 0x4f06, 0x4f07, 0x4f0d, 0x4f0e, 0x4f0f,
    0x4f1b, 0x4f23, 0x4f25, 0x4f27, 0x4f2e, 0x4f34, 0x4f40, 0x4f56,
    0x4f5a, 0x4f61, 0x4f62, 0x4f71, 0x4f72, 0x4f73, 0x4f75, 0x4f7c,
    0x4f86, 0x4f95, 0x4f96, 0x4f97, 0x4f9d, 0x4f9f, 0x4fa3, 0x4fa4,
    0x4fa6, 0x4faa, 0x4fab, 0x4fad, 0x4faf, 0x4fb1, 0x4fb2, 0x4fb3,
    0x4fb6, 0x4fbc, 0x4fbd, 0x4fbe, 0x4fc3, 0x4fc7, 0x4fcc, 0x4fcd,
    0x4fcf, 0x4fd0, 0x4fd3, 0x4fd4, 0x4fdb, 0x4fe1, 0x4fe2, 0x4fe5,
    0x4fe7, 0x4fe8, 0x4ff1, 0x4ff6, 0x4ffb, 0x4ffe, 0x5002, 0x500a,
    0x5017, 0x501e, 0x5024, 0x5025, 0x5026, 0x5027, 0x5028, 0x5029,
    0x502d, 0x5030, 0x5032, 0x5033, 0x5034, 0x5035, 0x5037, 0x503c,
    0x503f, 0x5040, 0x5041, 0x5042, 0x5044, 0x5046, 0x5047, 0x5048,
    0x5049, 0x504a, 0x504b, 0x504c, 0x504f, 0x5052, 0x5053, 0x5054,
    0x5055, 0x5058, 0x5059, 0x505d, 0x505f, 0x5060, 0x5062, 0x5064,
    0x5065, 0x5066, 0x5068, 0x5069, 0x506a, 0x506c, 0x506d, 0x506f,
    0x5073, 0x5077, 0x507a, 0x507b, 0x5082, 0x5083, 0x5084, 0x5087,
    0x5088, 0x5089, 0x508b, 0x5091, 0x5094, 0x5095, 0x5098, 0x509c,
    0x509f, 0x50a2, 0x50a6, 0x50ac, 0x50b3, 0x50b4, 0x50b8, 0x50be,
    0x50c2, 0x50c4, 0x50cb, 0x50cd, 0x50ce, 0x50cf, 0x50d1, 0x50d4,
    0x50d7, 0x50d8, 0x50d9, 0x50e2, 0x50e7, 0x50e8, 0x50ee, 0x50f0,
    0x50f1, 0x50f6, 0x50f9, 0x50ff, 0x5102, 0x5103, 0x5108, 0x510b,
    0x510d, 0x510f, 0x5119, 0x511c, 0x511d, 0x5120, 0x5123, 0x5124,
    0x5125, 0x5129, 0x512a, 0x512d, 0x512e, 0x5133, 0x513b, 0x5141,
    0x5142, 0x5144, 0x5146, 0x5149, 0x514a, 0x5158, 0x5159, 0x5163,
    0x5165, 0x516b, 0x516c, 0x517c, 0x5180, 0x5188, 0x518a, 0x518b,
    0x518d, 0x519a, 0x519f, 0x51a2, 0x51a6, 0x51ac, 0x51b1, 0x51c1,
    0x51c2, 0x51c3, 0x51c6, 0x51d4, 0x51d8, 0x51de, 0x51df, 0x51e0,
    0x51e3, 0x51e5, 0x51e6, 0x51e7, 0x51f4, 0x51f8, 0x51f9, 0x5203,
    0x520f, 0x5211, 0x5213, 0x5221, 0x522d, 0x522e, 0x522f, 0x5232,
    0x5235, 0x5238, 0x5239, 0x523d, 0x5240, 0x5242, 0x5244, 0x5247,
    0x524b, 0x5253, 0x5259, 0x525c, 0x5264, 0x5265, 0x526a, 0x5274,
    0x5277, 0x527b, 0x5289, 0x528d, 0x528e, 0x5290, 0x5292, 0x5297,
    0x52a8, 0x52aa, 0x52b0, 0x52b3, 0x52b8, 0x52c4, 0x52c5, 0x52c6,
    0x52d8, 0x52ea, 0x52ef, 0x52ff, 0x5326, 0x5330, 0x5337, 0x533a,
    0x533c, 0x533e, 0x5349, 0x534c, 0x5350, 0x5356, 0x5359, 0x535a,
    0x5362, 0x5364, 0x537b, 0x537f, 0x5384, 0x538c, 0x5396, 0x539a,
    0x539c, 0x53a3, 0x53aa, 0x53ab, 0x53ac, 0x53ad, 0x53b3, 0x53b6,
    0x53b7, 0x53bb, 0x53bc, 0x53bd, 0x53c0, 0x53c2, 0x53c4, 0x53cf,
    0x53de, 0x53df, 0x53e7, 0x53ee, 0x5407, 0x541f, 0x5427, 0x542a,
    0x543b, 0x5456, 0x545e, 0x5462, 0x547d, 0x5480, 0x5486, 0x5491,
    0x54a8, 0x54ad, 0x54b0, 0x54ba, 0x54df, 0x54ef, 0x54f5, 0x54fa,
    0x54fb, 0x5504, 0x551d, 0x5540, 0x5547, 0x554a, 0x554c, 0x5560,
    0x5563, 0x5569, 0x556b, 0x5571, 0x5572, 0x5576, 0x5578, 0x557b,
    0x5583, 0x5585, 0x5586, 0x5587, 0x558a, 0x558d, 0x5590, 0x5593,
    0x5594, 0x5596, 0x55a3, 0x55a4, 0x55a7, 0x55ab, 0x55ad, 0x55b0,
    0x55b2, 0x55b3, 0x55bc, 0x55be, 0x55c1, 0x55cf, 0x55d2, 0x55d4,
    0x55d5, 0x55d9, 0x55de, 0x55df, 0x55e0, 0x55e3, 0x55e4, 0x55f2,
    0x55f5, 0x55fa, 0x5601, 0x5604, 0x5605, 0x560a, 0x5615, 0x5617,
    0x5622, 0x5627, 0x562c, 0x562d, 0x562f, 0x5630, 0x5633, 0x5641,
    0x5644, 0x565b, 0x565d, 0x565f, 0x5661, 0x5663, 0x5674, 0x5678,
    0x567b, 0x56a2, 0x56a5, 0x56b1, 0x56b6, 0x56c6, 0x56d0, 0x56d3,
    0x56f6, 0x570f, 0x571d, 0x571e, 0x5728, 0x5745, 0x5765, 0x57ac,
    0x57ad, 0x57b0, 0x57b3, 0x57b4, 0x57bf, 0x57c0, 0x57c2, 0x57c5,
    0x57d9, 0x57dd, 0x57df, 0x57e1, 0x57e4, 0x57e5, 0x57e8, 0x57f3,
    0x57f4, 0x57f6, 0x57f8, 0x57f9, 0x57fa, 0x57fc, 0x57fd, 0x57fe,
    0x57ff, 0x5800, 0x5807, 0x580c, 0x580f, 0x5810, 0x5811, 0x5812,
    0x5815, 0x5819, 0x581a, 0x581e, 0x5820, 0x5822, 0x5828, 0x582e,
    0x583a, 0x583b, 0x583d, 0x5841, 0x5844, 0x5854, 0x5855, 0x5857,
    0x5858, 0x585d, 0x5860, 0x5862, 0x5866, 0x586b, 0x586d, 0x586f,
    0x5870, 0x5872, 0x5874, 0x5876, 0x5879, 0x5880, 0x5888, 0x588d,
    0x5890, 0x5894, 0x5896, 0x5898, 0x5899, 0x589a, 0x589b, 0x589c,
    0x589d, 0x589e, 0x58a1, 0x58a4, 0x58a6, 0x58a7, 0x58a8, 0x58aa,
    0x58ab, 0x58ad, 0x58b1, 0x58ba, 0x58bc, 0x58bd, 0x58c1, 0x58cd,
    0x58dd, 0x58de, 0x58f0, 0x58f7, 0x5905, 0x5914, 0x593d, 0x5949,
    0x594c, 0x5957, 0x5963, 0x5972, 0x5985, 0x5989, 0x59a8, 0x5a39,
    0x5a3d, 0x5a41, 0x5a42, 0x5a43, 0x5a44, 0x5a47, 0x5a4a, 0x5a4d,
    0x5a4e, 0x5a50, 0x5a53, 0x5a5d, 0x5a5e, 0x5a5f, 0x5a61, 0x5a64,
    0x5a68, 0x5a6c, 0x5a71, 0x5a78, 0x5a79, 0x5a82, 0x5a89, 0x5a8a,
    0x5a94, 0x5a99, 0x5aa1, 0x5ab1, 0x5ace, 0x5acf, 0x5ad0, 0x5ad2,
    0x5ad4, 0x5ad7, 0x5ad8, 0x5ad9, 0x5adb, 0x5ae0, 0x5ae2, 0x5ae6,
    0x5aeb, 0x5aef, 0x5af0, 0x5af1, 0x5af3, 0x5af8, 0x5afa, 0x5afb,
    0x5b02, 0x5b03, 0x5b09, 0x5b13, 0x5b25, 0x5b26, 0x5b52, 0x5b56,
    0x5b5c, 0x5b5e, 0x5b5f, 0x5b60, 0x5b66, 0x5b6b, 0x5b6f, 0x5b71,
    0x5b73, 0x5b7b, 0x5b7c, 0x5b81, 0x5b82, 0x5b83, 0x5b8b, 0x5b8d,
    0x5b95, 0x5b96, 0x5bae, 0x5baf, 0x5bb1, 0x5bbe, 0x5bc0, 0x5bc5,
    0x5bc6, 0x5bc8, 0x5bcd, 0x5bd7, 0x5bd8, 0x5bdc, 0x5bdd, 0x5be0,
    0x5be1, 0x5be4, 0x5be6, 0x5be7, 0x5bee, 0x5bf3, 0x5bf4, 0x5bfd,
    0x5c06, 0x5c0a, 0x5c13, 0x5c19, 0x5c1f, 0x5c21, 0x5c22, 0x5c28,
    0x5c29, 0x5c2b, 0x5c2c, 0x5c2d, 0x5c33, 0x5c34, 0x5c35, 0x5c3c,
    0x5c43, 0x5c47, 0x5c51, 0x5c59, 0x5c5c, 0x5c5d, 0x5c5e, 0x5c6a,
    0x5c6e, 0x5c71, 0x5c72, 0x5c78, 0x5c79, 0x5c7d, 0x5c81, 0x5c83,
    0x5c84, 0x5c86, 0x5c8b, 0x5c91, 0x5c97, 0x5c9f, 0x5ca7, 0x5ca9,
    0x5cac, 0x5cb1, 0x5cb5, 0x5cbe, 0x5cc0, 0x5cc4, 0x5cc5, 0x5cc9,
    0x5ccb, 0x5ccc, 0x5ccf, 0x5cd2, 0x5cd8, 0x5ce0, 0x5ce5, 0x5ce9,
    0x5cf0, 0x5cf6, 0x5cfb, 0x5cfc, 0x5cff, 0x5d02, 0x5d04, 0x5d08,
    0x5d0b, 0x5d0e, 0x5d10, 0x5d17, 0x5d21, 0x5d26, 0x5d2d, 0x5d31,
    0x5d36, 0x5d38, 0x5d3c, 0x5d42, 0x5d43, 0x5d44, 0x5d4a, 0x5d4b,
    0x5d4f, 0x5d55, 0x5d5d, 0x5d64, 0x5d65, 0x5d6b, 0x5d76, 0x5d7b,
    0x5d7f, 0x5d80, 0x5d83, 0x5d9b, 0x5da8, 0x5daa, 0x5dad, 0x5db1,
    0x5dbe, 0x5dc3, 0x5dc4, 0x5dcc, 0x5dd3, 0x5de7, 0x5df0, 0x5e1a,
    0x5e1e, 0x5e24, 0x5e26, 0x5e2e, 0x5e42, 0x5e51, 0x5e6b, 0x5e6c,
    0x5e6d, 0x5e6e, 0x5e71, 0x5e72, 0x5e74, 0x5e86, 0x5e8a, 0x5e90,
    0x5e93, 0x5e9b, 0x5e9c, 0x5e9d, 0x5ea3, 0x5ea7, 0x5ea9, 0x5eaa,
    0x5ead, 0x5eae, 0x5eaf, 0x5eb0, 0x5eb4, 0x5eb7, 0x5ebf, 0x5ec3,
    0x5ec5, 0x5ec7, 0x5ec8, 0x5ec9, 0x5eca, 0x5ecb, 0x5ecc, 0x5ed2,
    0x5ed5, 0x5eda, 0x5edb, 0x5edc, 0x5ee0, 0x5ee6, 0x5eed, 0x5eef,
    0x5ef1, 0x5ef2, 0x5ef3, 0x5ef4, 0x5ef6, 0x5ef7, 0x5efc, 0x5efd,
    0x5efe, 0x5f00, 0x5f01, 0x5f07, 0x5f08, 0x5f0d, 0x5f11, 0x5f15,
    0x5f18, 0x5f19, 0x5f1e, 0x5f20, 0x5f21, 0x5f25, 0x5f28, 0x5f29,
    0x5f2a, 0x5f2c, 0x5f2e, 0x5f2f, 0x5f30, 0x5f32, 0x5f33, 0x5f35,
    0x5f37, 0x5f38, 0x5f3b, 0x5f3e, 0x5f3f, 0x5f41, 0x5f42, 0x5f43,
    0x5f45, 0x5f48, 0x5f49, 0x5f4b, 0x5f4d, 0x5f4f, 0x5f58, 0x5f59,
    0x5f5a, 0x5f5b, 0x5f5d, 0x5f5e, 0x5f63, 0x5f65, 0x5f6d, 0x5f72,
    0x5f76, 0x5f7c, 0x5f7d, 0x5f7f, 0x5f80, 0x5f81, 0x5f84, 0x5f86,
    0x5f8b, 0x5f96, 0x5f99, 0x5f9e, 0x5fa1, 0x5fa2, 0x5fa5, 0x5fa7,
    0x5faa, 0x5fab, 0x5fb1, 0x5fba, 0x5fbb, 0x5fbd, 0x5fbe, 0x5fbf,
    0x5fc3, 0x5fca, 0x5fd2, 0x5fd3, 0x5fd7, 0x5fdc, 0x5fde, 0x5fe5,
    0x5fe8, 0x5feb, 0x5fec, 0x5fee, 0x5ff2, 0x5ff4, 0x5ffc, 0x5ffe,
    0x5fff, 0x6001, 0x6003, 0x6004, 0x6005, 0x600c, 0x6013, 0x6025,
    0x6029, 0x602b, 0x602c, 0x602e, 0x603d, 0x603f, 0x6045, 0x6046,
    0x6049, 0x6050, 0x6059, 0x605c, 0x605d, 0x6061, 0x606b, 0x606c,
    0x606f, 0x6078, 0x607a, 0x6088, 0x6089, 0x6096, 0x60a0, 0x60a2,
    0x60a3, 0x60a6, 0x60ae, 0x60b0, 0x60b4, 0x60ba, 0x60c3, 0x60c5,
    0x60d4, 0x60e1, 0x60e3, 0x60ed, 0x60ee, 0x60f1, 0x60fa, 0x6100,
    0x6109, 0x6114, 0x611e, 0x6121, 0x6129, 0x613a, 0x6142, 0x615c,
    0x616e, 0x618b, 0x6192, 0x6195, 0x6197, 0x619a, 0x619b, 0x61a1,
    0x61a4, 0x61a8, 0x61ab, 0x61ad, 0x61b5, 0x61b9, 0x61ba, 0x61be,
    0x61bf, 0x61c2, 0x61c8, 0x61cc, 0x61ce, 0x61d0, 0x61e3, 0x61f3,
    0x61f5, 0x61f8, 0x6200, 0x6201, 0x6203, 0x6205, 0x6209, 0x620b,
    0x620c, 0x6215, 0x6219, 0x621d, 0x6221, 0x6227, 0x622b, 0x6233,
    0x623c, 0x623e, 0x6241, 0x6242, 0x6243, 0x6245, 0x6252, 0x6253,
    0x625e, 0x626a, 0x626b, 0x626f, 0x627b, 0x627c, 0x6281, 0x6284,
    0x6289, 0x628b, 0x6298, 0x629a, 0x629f, 0x62a8, 0x62b1, 0x62b6,
    0x62c2, 0x62c4, 0x62ca, 0x62cb, 0x62cc, 0x62d2, 0x62d6, 0x62de,
    0x62e0, 0x62e3, 0x62f2, 0x62f3, 0x630a, 0x6310, 0x6338, 0x634c,
    0x634e, 0x6350, 0x6354, 0x6355, 0x635a, 0x635b, 0x635c, 0x6364,
    0x6365, 0x6367, 0x6369, 0x6373, 0x6377, 0x6379, 0x637b, 0x6384,
    0x6386, 0x6387, 0x6388, 0x6389, 0x638b, 0x6390, 0x6391, 0x6396,
    0x6399, 0x639c, 0x639e, 0x639f, 0x63a2, 0x63aa, 0x63ac, 0x63ad,
    0x63b2, 0x63b8, 0x63bb, 0x63bc, 0x63bd, 0x63c1, 0x63cb, 0x63cc,
    0x63da, 0x63db, 0x63dd, 0x63e0, 0x63e5, 0x63ec, 0x63f1, 0x63f3,
    0x63f6, 0x63f8, 0x63f9, 0x63fe, 0x6406, 0x6409, 0x640b, 0x6412,
    0x6420, 0x642c, 0x642f, 0x6430, 0x6441, 0x644d, 0x644f, 0x6450,
    0x645b, 0x6461, 0x6463, 0x6467, 0x646b, 0x646d, 0x646f, 0x6472,
    0x6473, 0x647d, 0x6493, 0x6494, 0x6495, 0x6498, 0x6499, 0x649c,
    0x649f, 0x64a2, 0x64a4, 0x64a8, 0x64ad, 0x64bf, 0x64c1, 0x64c4,
    0x64c5, 0x64d2, 0x64dd, 0x64e1, 0x64fe, 0x6502, 0x6503, 0x650b,
    0x650c, 0x651c, 0x6529, 0x652e, 0x6531, 0x6534, 0x6536, 0x654a,
    0x6551, 0x6556, 0x6569, 0x6589, 0x65b6, 0x65d8, 0x65de, 0x6659,
    0x666d, 0x667d, 0x6686, 0x668d, 0x66a3, 0x66b5, 0x66bd, 0x66ec,
    0x677c, 0x677d, 0x677e, 0x677f, 0x6783, 0x678e, 0x6796, 0x679a,
    0x67a3, 0x67a5, 0x67a8, 0x67be, 0x67bf, 0x67c0, 0x67c1, 0x67c2,
    0x67c6, 0x67d5, 0x67d7, 0x67e2, 0x67e5, 0x67e6, 0x67e7, 0x6811,
    0x6813, 0x681b, 0x681d, 0x6821, 0x6829, 0x682b, 0x682e, 0x6830,
    0x6831, 0x6835, 0x6837, 0x6847, 0x686d, 0x686f, 0x6870, 0x6877,
    0x6886, 0x6890, 0x6894, 0x689c, 0x689e, 0x68a3, 0x68a5, 0x68b3,
    0x68bb, 0x68bc, 0x68bd, 0x68c6, 0x68cc, 0x68ce, 0x68df, 0x68e5,
    0x68f5, 0x68fd, 0x6902, 0x6903, 0x6907, 0x690a, 0x690f, 0x6915,
    0x6917, 0x6918, 0x691a, 0x6920, 0x6925, 0x6926, 0x6931, 0x6937,
    0x693d, 0x693e, 0x693f, 0x6941, 0x6944, 0x6946, 0x694c, 0x694f,
    0x6958, 0x6959, 0x695d, 0x6967, 0x696e, 0x6973, 0x6977, 0x697a,
    0x6986, 0x698e, 0x6997, 0x699a, 0x699d, 0x69a1, 0x69a2, 0x69a7,
    0x69aa, 0x69ad, 0x69af, 0x69c6, 0x69ca, 0x69d3, 0x69de, 0x69e4,
    0x69e5, 0x69e8, 0x69ea, 0x69f1, 0x69f7, 0x69fd, 0x6a02, 0x6a04,
    0x6a0b, 0x6a0e, 0x6a1c, 0x6a27, 0x6a34, 0x6a3d, 0x6a48, 0x6a4d,
    0x6a53, 0x6a57, 0x6a61, 0x6a66, 0x6a6c, 0x6a73, 0x6a7f, 0x6a85,
    0x6a8b, 0x6a90, 0x6a94, 0x6ab2, 0x6adb, 0x6adf, 0x6ae1, 0x6aec,
    0x6af8, 0x6afe, 0x6b06, 0x6b27, 0x6b2d, 0x6b30, 0x6b36, 0x6b3a,
    0x6b3d, 0x6b45, 0x6b50, 0x6b5e, 0x6b62, 0x6b6b, 0x6b70, 0x6b7c,
    0x6b85, 0x6b87, 0x6ba3, 0x6bb8, 0x6bca, 0x6be0, 0x6bf8, 0x6bfd,
    0x6c1c, 0x6c6d, 0x6ca8, 0x6cc7, 0x6cc9, 0x6ccb, 0x6ccc, 0x6cd1,
    0x6cda, 0x6cdb, 0x6ce5, 0x6cee, 0x6d09, 0x6d0a, 0x6d0f, 0x6d14,
    0x6d15, 0x6d18, 0x6d1d, 0x6d1e, 0x6d24, 0x6d35, 0x6d3b, 0x6d40,
    0x6d42, 0x6d43, 0x6d49, 0x6d59, 0x6d61, 0x6d76, 0x6d82, 0x6d8c,
    0x6d92, 0x6dba, 0x6dc3, 0x6de0, 0x6de6, 0x6df0, 0x6dfb, 0x6e08,
    0x6e1f, 0x6e41, 0x6e62, 0x6e86, 0x6e88, 0x6e8d, 0x6e92, 0x6e93,
    0x6e94, 0x6e95, 0x6e99, 0x6ea3, 0x6ea4, 0x6ea8, 0x6eb5, 0x6eb7,
    0x6ebe, 0x6ec3, 0x6ec5, 0x6ece, 0x6ed1, 0x6ed5, 0x6ed6, 0x6edc,
    0x6ee0, 0x6efb, 0x6f08, 0x6f0b, 0x6f12, 0x6f15, 0x6f1e, 0x6f24,
    0x6f2c, 0x6f33, 0x6f35, 0x6f3a, 0x6f3c, 0x6f3d, 0x6f48, 0x6f49,
    0x6f4a, 0x6f4c, 0x6f4d, 0x6f54, 0x6f58, 0x6f6a, 0x6f77, 0x6f78,
    0x6f79, 0x6f81, 0x6f85, 0x6f86, 0x6f87, 0x6f88, 0x6f8a, 0x6f9a,
    0x6fbc, 0x6fc9, 0x6fe3, 0x6fe5, 0x6fe7, 0x6ff7, 0x7005, 0x7007,
    0x700b, 0x700c, 0x700e, 0x7017, 0x7029, 0x702d, 0x703c, 0x7049,
    0x705f, 0x7062, 0x706c, 0x707e, 0x708f, 0x70bb, 0x70cc, 0x70df,
    0x7138, 0x713e, 0x713f, 0x7142, 0x7152, 0x7153, 0x7174, 0x7176,
    0x7178, 0x717b, 0x7184, 0x7185, 0x718c, 0x718d, 0x718e, 0x718f,
    0x7191, 0x7193, 0x7194, 0x7197, 0x71a1, 0x71a8, 0x71ab, 0x71b0,
    0x71b5, 0x71b8, 0x71c1, 0x71c6, 0x71eb, 0x71ed, 0x71f3, 0x71f5,
    0x7207, 0x720a, 0x720b, 0x7218, 0x721a, 0x7221, 0x7223, 0x722e,
    0x7230, 0x7231, 0x7237, 0x7246, 0x7250, 0x7255, 0x725d, 0x7282,
    0x7285, 0x7287, 0x729a, 0x72a8, 0x72c7, 0x72d7, 0x72d9, 0x72da,
    0x72e0, 0x72e2, 0x72e3, 0x72ed, 0x730a, 0x730d, 0x7322, 0x7324,
    0x7326, 0x732a, 0x732d, 0x732e, 0x7330, 0x7332, 0x7333, 0x7334,
    0x7337, 0x733b, 0x734a, 0x734b, 0x734e, 0x7350, 0x7354, 0x7358,
    0x735a, 0x735d, 0x7365, 0x7367, 0x737b, 0x737c, 0x7384, 0x7385,
    0x7392, 0x7393, 0x7398, 0x739c, 0x739d, 0x73b7, 0x73bd, 0x73bf,
    0x73c7, 0x73c8, 0x73d9, 0x73e0, 0x73e1, 0x73e8, 0x73ea, 0x73ed,
    0x73ee, 0x73fb, 0x7403, 0x7406, 0x7408, 0x7433, 0x7437, 0x743e,
    0x7441, 0x7445, 0x7447, 0x7449, 0x744a, 0x744f, 0x745b, 0x745d,
    0x7469, 0x7470, 0x748c, 0x7490, 0x7494, 0x749c, 0x74a8, 0x74b1,
    0x74c6, 0x74c7, 0x74c8, 0x74ca, 0x74e8, 0x74e9, 0x74ea, 0x74f3,
    0x74f8, 0x74fb, 0x7503, 0x750c, 0x751a, 0x7531, 0x7544, 0x7556,
    0x755d, 0x7596, 0x7598, 0x759a, 0x759c, 0x75a4, 0x75b2, 0x75b9,
    0x75ba, 0x75bb, 0x75c1, 0x75c4, 0x75c9, 0x75d3, 0x75d4, 0x75dd,
    0x75eb, 0x7617, 0x761c, 0x761d, 0x7627, 0x7629, 0x762d, 0x762e,
    0x7634, 0x763b, 0x764b, 0x764c, 0x7657, 0x765c, 0x7667, 0x7669,
    0x766a, 0x7676, 0x768f, 0x7697, 0x7699, 0x76a2, 0x76d0, 0x76d2,
    0x76d3, 0x76d6, 0x76db, 0x76dd, 0x76e0, 0x76e9, 0x76f3, 0x76f4,
    0x76f9, 0x76fb, 0x7701, 0x771b, 0x7727, 0x7732, 0x7735, 0x773a,
    0x773b, 0x773c, 0x7741, 0x7749, 0x774b, 0x7755, 0x776d, 0x7770,
    0x7777, 0x7782, 0x7784, 0x7788, 0x7798, 0x77a5, 0x77a7, 0x77ab,
    0x77ad, 0x77b0, 0x77b2, 0x77b7, 0x77b9, 0x77d5, 0x77da, 0x77dc,
    0x77f3, 0x77fd, 0x7809, 0x780d, 0x7823, 0x7839, 0x783d, 0x7853,
    0x7863, 0x7883, 0x78a9, 0x78cf, 0x78d7, 0x78e5, 0x78ee, 0x78f3,
    0x78f4, 0x790a, 0x7915, 0x791a, 0x7926, 0x7931, 0x7932, 0x7935,
    0x793b, 0x7957, 0x7966, 0x797c, 0x797e, 0x7983, 0x7987, 0x798b,
    0x7a9d, 0x7afc, 0x7afe, 0x7b00, 0x7b02, 0x7b03, 0x7b06, 0x7b0b,
    0x7b0d, 0x7b0f, 0x7b11, 0x7b13, 0x7b14, 0x7b15, 0x7b16, 0x7b1b,
    0x7b1f, 0x7b20, 0x7b21, 0x7b22, 0x7b23, 0x7b24, 0x7b29, 0x7b2a,
    0x7b2b, 0x7b2d, 0x7b2f, 0x7b31, 0x7b35, 0x7b36, 0x7b38, 0x7b39,
    0x7b3a, 0x7b3b, 0x7b3f, 0x7b43, 0x7b45, 0x7b46, 0x7b49, 0x7b4f,
    0x7b50, 0x7b51, 0x7b53, 0x7b54, 0x7b58, 0x7b5b, 0x7b63, 0x7b6f,
    0x7b72, 0x7b74, 0x7b79, 0x7b7c, 0x7b85, 0x7b90, 0x7b96, 0x7bad,
    0x7bb1, 0x7bb3, 0x7bb6, 0x7bbe, 0x7bc5, 0x7bc6, 0x7bca, 0x7bce,
    0x7be6, 0x7bea, 0x7bfa, 0x7bfd, 0x7c00, 0x7c19, 0x7c21, 0x7c2a,
    0x7c30, 0x7c34, 0x7c3c, 0x7c3d, 0x7c45, 0x7c4d, 0x7c57, 0x7c58,
    0x7c5c, 0x7c5d, 0x7c5f, 0x7c61, 0x7c68, 0x7c69, 0x7c6c, 0x7c70,
    0x7c73, 0x7c8f, 0x7c92, 0x7c97, 0x7c99, 0x7ca6, 0x7ca7, 0x7ca8,
    0x7cb0, 0x7cb6, 0x7cc6, 0x7cdf, 0x7ce2, 0x7ce5, 0x7ce8, 0x7cf2,
    0x7cf6, 0x7cf9, 0x7cfc, 0x7cfd, 0x7cfe, 0x7d00, 0x7d01, 0x7d05,
    0x7d0a, 0x7d0b, 0x7d0e, 0x7d16, 0x7d1b, 0x7d1c, 0x7d1d, 0x7d22,
    0x7d28, 0x7d2a, 0x7d32, 0x7d38, 0x7d3d, 0x7d4f, 0x7d52, 0x7d54,
    0x7d59, 0x7d62, 0x7d65, 0x7d6b, 0x7d6d, 0x7d72, 0x7d76, 0x7d8b,
    0x7d8d, 0x7d94, 0x7d9a, 0x7dac, 0x7db0, 0x7db1, 0x7dc1, 0x7dca,
    0x7dcc, 0x7dd5, 0x7dd7, 0x7dda, 0x7ddb, 0x7ddc, 0x7de6, 0x7df7,
    0x7df8, 0x7df9, 0x7e04, 0x7e1c, 0x7e1e, 0x7e46, 0x7e49, 0x7e4f,
    0x7e50, 0x7e68, 0x7e69, 0x7e6e, 0x7e7a, 0x7e7b, 0x7e86, 0x7e88,
    0x7e8c, 0x7e8d, 0x7e91, 0x7e95, 0x7ea3, 0x7eb4, 0x7ecb, 0x7ecc,
    0x7ece, 0x7ecf, 0x7ed6, 0x7eda, 0x7ede, 0x7eee, 0x7eef, 0x7f02,
    0x7f08, 0x7f09, 0x7f0d, 0x7f29, 0x7f2b, 0x7f30, 0x7f33, 0x7f3b,
    0x7f41, 0x7f42, 0x7f4d, 0x7f55, 0x7f5f, 0x7f65, 0x7f84, 0x7f87,
    0x7f88, 0x7f92, 0x7fa5, 0x7fac, 0x7fae, 0x7fb0, 0x7fbd, 0x7fbf,
    0x7fc7, 0x7fcb, 0x7fd3, 0x7fe5, 0x7fea, 0x8007, 0x800d, 0x800e,
    0x8013, 0x8015, 0x8019, 0x8023, 0x8038, 0x804e, 0x8060, 0x8068,
    0x806a, 0x8079, 0x8081, 0x8084, 0x8099, 0x80b3, 0x80bd, 0x80c5,
    0x80c7, 0x80c8, 0x80de, 0x80f5, 0x810e, 0x8114, 0x8120, 0x8139,
    0x816d, 0x816f, 0x81a5, 0x81d0, 0x81da, 0x81e0, 0x8206, 0x8225,
    0x822b, 0x822f, 0x826d, 0x82aa, 0x82ab, 0x82ac, 0x82ad, 0x82b0,
    0x82b6, 0x82c7, 0x82d5, 0x82d9, 0x82dd, 0x82de, 0x8323, 0x8327,
    0x8337, 0x834a, 0x835a, 0x835e, 0x8371, 0x8374, 0x8378, 0x837d,
    0x8381, 0x8390, 0x83a3, 0x83b5, 0x83bc, 0x83d0, 0x83d2, 0x83d8,
    0x83df, 0x83e9, 0x8416, 0x842e, 0x8455, 0x8471, 0x847e, 0x849c,
    0x84a1, 0x84a8, 0x84b0, 0x84b3, 0x84bd, 0x84bf, 0x84c1, 0x84c4,
    0x84c5, 0x84c7, 0x84c8, 0x84cc, 0x84d3, 0x84dd, 0x84e7, 0x84e9,
    0x84f2, 0x84f8, 0x8507, 0x8509, 0x851d, 0x851e, 0x8521, 0x8531,
    0x8535, 0x8540, 0x8554, 0x8555, 0x856c, 0x8576, 0x85db, 0x85dd,
    0x85e2, 0x861d, 0x861e, 0x8620, 0x8622, 0x8625, 0x862d, 0x862e,
    0x863f, 0x8642, 0x865c, 0x86d5, 0x86e5, 0x86ef, 0x87c2, 0x87fd,
    0x87fe, 0x8800, 0x8801, 0x8804, 0x8805, 0x8806, 0x8809, 0x880a,
    0x880b, 0x880c, 0x880e, 0x880f, 0x8812, 0x8814, 0x8815, 0x8816,
    0x8819, 0x881a, 0x881b, 0x881c, 0x881d, 0x8820, 0x8821, 0x8822,
    0x8824, 0x8825, 0x8828, 0x8829, 0x8831, 0x8836, 0x8839, 0x883d,
    0x883e, 0x8841, 0x8842, 0x8843, 0x8849, 0x884b, 0x884d, 0x8850,
    0x8852, 0x8853, 0x8854, 0x8856, 0x8857, 0x885a, 0x885d, 0x885f,
    0x8860, 0x8861, 0x8864, 0x8867, 0x886a, 0x886f, 0x8871, 0x887e,
    0x8882, 0x8884, 0x888d, 0x8893, 0x889d, 0x88a2, 0x88bd, 0x88c6,
    0x88c7, 0x88d5, 0x88e8, 0x8979, 0x897b, 0x897d, 0x897e, 0x897f,
    0x8981, 0x8982, 0x8983, 0x8984, 0x8986, 0x8987, 0x8989, 0x898b,
    0x898d, 0x8990, 0x8991, 0x8994, 0x8995, 0x8996, 0x8998, 0x899f,
    0x89a0, 0x89a7, 0x89aa, 0x89ab, 0x89ac, 0x89b0, 0x89b2, 0x89b6,
    0x89b7, 0x89ba, 0x89bc, 0x89be, 0x89c0, 0x89c2, 0x89c7, 0x89cc,
    0x89d0, 0x89d2, 0x89d3, 0x89dd, 0x89e0, 0x89e1, 0x89e6, 0x89e7,
    0x89f0, 0x89fb, 0x89ff, 0x8a0f, 0x8a10, 0x8a1f, 0x8a28, 0x8a2d,
    0x8a36, 0x8a39, 0x8a3b, 0x8a40, 0x8a44, 0x8a46, 0x8a4b, 0x8a4f,
    0x8a51, 0x8a56, 0x8a6b, 0x8a7a, 0x8a7e, 0x8a85, 0x8a86, 0x8a8d,
    0x8a95, 0x8aa0, 0x8aad, 0x8aae, 0x8ac2, 0x8ac8, 0x8ace, 0x8adb,
    0x8add, 0x8b07, 0x8b0b, 0x8b0e, 0x8b16, 0x8bc2, 0x8bc4, 0x8bc8,
    0x8bca, 0x8bcb, 0x8bcc, 0x8bd0, 0x8bd7, 0x8bd9, 0x8bdf, 0x8be0,
    0x8be1, 0x8be2, 0x8be4, 0x8bed, 0x8bef, 0x8bf3, 0x8bf7, 0x8bf8,
    0x8bfa, 0x8bfb, 0x8bff, 0x8c04, 0x8c0d, 0x8c15, 0x8c19, 0x8c1a,
    0x8c1d, 0x8c1e, 0x8c21, 0x8c23, 0x8c24, 0x8c2a, 0x8c2c, 0x8c2d,
    0x8c30, 0x8c34, 0x8c35, 0x8c37, 0x8c38, 0x8c39, 0x8c3a, 0x8c3b,
    0x8c42, 0x8c46, 0x8c47, 0x8c4c, 0x8c53, 0x8c55, 0x8c59, 0x8c5c,
    0x8c5d, 0x8c5e, 0x8c5f, 0x8c62, 0x8c65, 0x8c6b, 0x8c6c, 0x8c6e,
    0x8c70, 0x8c73, 0x8c76, 0x8c77, 0x8c79, 0x8c7b, 0x8c7c, 0x8c7e,
    0x8c94, 0x8c97, 0x8c98, 0x8c9a, 0x8c9d, 0x8ca3, 0x8ca9, 0x8cab,
    0x8caf, 0x8cb3, 0x8cbf, 0x8cc1, 0x8cc9, 0x8cca, 0x8cdb, 0x8cdc,
    0x8cef, 0x8cff, 0x8d02, 0x8d06, 0x8d0a, 0x8d17, 0x8d1d, 0x8d26,
    0x8d2a, 0x8d2d, 0x8d44, 0x8d59, 0x8d75, 0x8da9, 0x8dae, 0x8db9,
    0x8dc8, 0x8dcd, 0x8dd3, 0x8dd4, 0x8ddb, 0x8de5, 0x8de7, 0x8dee,
    0x8e23, 0x8e26, 0x8e28, 0x8e29, 0x8e2a, 0x8e2b, 0x8e2d, 0x8ed0,
    0x90e4, 0x90e5, 0x90f9, 0x90fb, 0x90fe, 0x9101, 0x9103, 0x9105,
    0x910a, 0x910d, 0x9117, 0x911d, 0x911f, 0x9121, 0x912c, 0x9138,
    0x913c, 0x9149, 0x914e, 0x914f, 0x9152, 0x9156, 0x915a, 0x915c,
    0x915d, 0x915f, 0x9161, 0x9164, 0x9167, 0x916c, 0x9175, 0x917e,
    0x917f, 0x9180, 0x918a, 0x9197, 0x91a3, 0x91b2, 0x91b8, 0x91bf,
    0x91cc, 0x91d2, 0x91db, 0x9244, 0x9246, 0x9249, 0x924a, 0x924b,
    0x924e, 0x9250, 0x9253, 0x9255, 0x9256, 0x9257, 0x9261, 0x9270,
    0x927b, 0x928d, 0x928e, 0x928f, 0x9290, 0x9291, 0x9292, 0x9297,
    0x929b, 0x92a0, 0x92a1, 0x92a2, 0x92a7, 0x92a8, 0x92a9, 0x92ac,
    0x92b7, 0x92bd, 0x92be, 0x92c0, 0x92c4, 0x92c5, 0x92c6, 0x92d1,
    0x92d2, 0x92d3, 0x92e2, 0x92eb, 0x92ec, 0x92f0, 0x92f5, 0x92f8,
    0x931a, 0x931c, 0x931d, 0x9320, 0x9321, 0x9322, 0x9331, 0x9344,
    0x9346, 0x934b, 0x934f, 0x9352, 0x9353, 0x9357, 0x935a, 0x935c,
    0x9360, 0x9362, 0x9363, 0x9365, 0x9378, 0x938e, 0x9394, 0x9395,
    0x93ae, 0x93b5, 0x93ba, 0x93bc, 0x93bd, 0x93be, 0x93c1, 0x93c5,
    0x93d0, 0x93e7, 0x9409, 0x944f, 0x9451, 0x94d1, 0x94d2, 0x94d3,
    0x94d5, 0x94d6, 0x94d7, 0x94da, 0x94db, 0x94dd, 0x94e0, 0x94e2,
    0x94e3, 0x94e6, 0x94ed, 0x94f3, 0x94f4, 0x94f8, 0x94f9, 0x94fc,
    0x9500, 0x9502, 0x952a, 0x952e, 0x9534, 0x953a, 0x953b, 0x95c1,
    0x95c9, 0x95cc, 0x95cd, 0x95ce, 0x95d2, 0x95db, 0x95e2, 0x95e4,
    0x95e7, 0x95f2, 0x95f5, 0x9604, 0x96c8, 0x96cb, 0x96cc, 0x96cd,
    0x96cf, 0x96d0, 0x96d2, 0x96d7, 0x96d8, 0x96da, 0x96de, 0x96e0,
    0x96e3, 0x96e8, 0x96ed, 0x96f3, 0x96f6, 0x96f8, 0x9700, 0x9704,
    0x9713, 0x9714, 0x9718, 0x9721, 0x972f, 0x9734, 0x976f, 0x9798,
    0x979d, 0x979e, 0x97a0, 0x97a1, 0x97a3, 0x97b0, 0x98d8, 0x98dd,
    0x98f8, 0x9920, 0x993a, 0x993b, 0x9a7b, 0x9a7d, 0x9a7f, 0x9a81,
    0x9a8b, 0x9a8f, 0x9a91, 0x9a99, 0x9aa4, 0x9ab1, 0x9acc, 0x9b02,
    0x9b17, 0x9b20, 0x9b2d, 0x9b34, 0x9b6f, 0x9b7c, 0x9b88, 0x9b97,
    0x9bac, 0x9bdb, 0x9be0, 0x9be3, 0x9bf5, 0x9bfb, 0xfb5d, 0xfb64,
    0xfb65, 0xfb68, 0xfb76, 0xfb77, 0xfb7b, 0xfb90, 0xfb93, 0xfb94,
    0xfb9a
};

/*Collect the unicode lists and glyph_id offsets*/
static const lv_font_fmt_txt_cmap_t cmaps[] =
{
    {
        .range_start = 32, .range_length = 95, .glyph_id_start = 1,
        .unicode_list = NULL, .glyph_id_ofs_list = NULL, .list_length = 0, .type = LV_FONT_FMT_TXT_CMAP_FORMAT0_TINY
    },
    {
        .range_start = 932, .range_length = 64411, .glyph_id_start = 96,
        .unicode_list = unicode_list_1, .glyph_id_ofs_list = NULL, .list_length = 2817, .type = LV_FONT_FMT_TXT_CMAP_SPARSE_TINY
    }
};

/*-----------------
 *    KERNING
 *----------------*/


/*Pair left and right glyphs for kerning*/
static const uint16_t kern_pair_glyph_ids[] =
{
    3, 13,
    3, 15,
    3, 34,
    3, 43,
    3, 52,
    3, 57,
    3, 68,
    3, 69,
    3, 70,
    3, 80,
    3, 82,
    3, 84,
    3, 97,
    3, 98,
    8, 13,
    8, 15,
    8, 34,
    8, 43,
    8, 52,
    8, 57,
    8, 68,
    8, 69,
    8, 70,
    8, 80,
    8, 82,
    8, 84,
    8, 97,
    8, 98,
    9, 43,
    9, 75,
    13, 3,
    13, 8,
    13, 11,
    13, 53,
    13, 54,
    13, 55,
    13, 56,
    13, 58,
    13, 68,
    13, 69,
    13, 70,
    13, 75,
    13, 80,
    13, 82,
    13, 85,
    13, 87,
    13, 88,
    13, 90,
    13, 96,
    13, 98,
    14, 43,
    14, 52,
    14, 53,
    14, 55,
    14, 56,
    14, 57,
    14, 58,
    14, 59,
    14, 85,
    14, 89,
    14, 96,
    14, 97,
    15, 3,
    15, 8,
    15, 11,
    15, 53,
    15, 54,
    15, 55,
    15, 56,
    15, 58,
    15, 68,
    15, 69,
    15, 70,
    15, 75,
    15, 80,
    15, 82,
    15, 85,
    15, 87,
    15, 88,
    15, 90,
    15, 96,
    15, 98,
    16, 34,
    16, 36,
    16, 40,
    16, 43,
    16, 48,
    16, 50,
    16, 66,
    16, 68,
    16, 69,
    16, 70,
    16, 72,
    16, 74,
    16, 75,
    16, 80,
    16, 82,
    16, 85,
    16, 86,
    16, 98,
    27, 11,
    27, 58,
    27, 75,
    28, 11,
    28, 58,
    28, 75,
    34, 3,
    34, 8,
    34, 11,
    34, 32,
    34, 34,
    34, 36,
    34, 40,
    34, 48,
    34, 50,
    34, 53,
    34, 54,
    34, 55,
    34, 57,
    34, 58,
    34, 59,
    34, 61,
    34, 66,
    34, 71,
    34, 84,
    34, 85,
    34, 86,
    35, 11,
    35, 43,
    35, 52,
    35, 53,
    35, 58,
    35, 85,
    35, 87,
    35, 88,
    35, 89,
    35, 90,
    36, 14,
    36, 36,
    36, 40,
    36, 43,
    36, 48,
    36, 50,
    36, 52,
    36, 53,
    36, 54,
    36, 59,
    36, 72,
    36, 85,
    36, 86,
    36, 87,
    36, 88,
    36, 90,
    36, 99,
    37, 11,
    37, 16,
    37, 34,
    37, 43,
    37, 53,
    37, 55,
    37, 56,
    37, 57,
    37, 58,
    37, 59,
    37, 89,
    38, 68,
    38, 69,
    38, 70,
    38, 80,
    38, 82,
    38, 85,
    38, 87,
    38, 89,
    38, 90,
    39, 13,
    39, 15,
    39, 16,
    39, 34,
    39, 36,
    39, 40,
    39, 43,
    39, 48,
    39, 50,
    39, 52,
    39, 55,
    39, 56,
    39, 57,
    39, 58,
    39, 59,
    39, 66,
    39, 68,
    39, 69,
    39, 70,
    39, 72,
    39, 78,
    39, 79,
    39, 80,
    39, 81,
    39, 82,
    39, 83,
    39, 84,
    39, 85,
    39, 86,
    39, 87,
    39, 88,
    39, 89,
    39, 90,
    39, 91,
    40, 11,
    40, 53,
    40, 55,
    43, 13,
    43, 15,
    43, 43,
    44, 3,
    44, 8,
    44, 11,
    44, 14,
    44, 34,
    44, 36,
    44, 40,
    44, 48,
    44, 50,
    44, 53,
    44, 54,
    44, 55,
    44, 56,
    44, 58,
    44, 75,
    44, 85,
    44, 86,
    44, 87,
    44, 88,
    44, 89,
    44, 90,
    44, 91,
    44, 99,
    45, 3,
    45, 8,
    45, 11,
    45, 14,
    45, 32,
    45, 34,
    45, 36,
    45, 40,
    45, 48,
    45, 50,
    45, 52,
    45, 53,
    45, 54,
    45, 55,
    45, 56,
    45, 58,
    45, 61,
    45, 68,
    45, 69,
    45, 70,
    45, 71,
    45, 80,
    45, 82,
    45, 85,
    45, 86,
    45, 87,
    45, 88,
    45, 90,
    45, 99,
    48, 11,
    48, 16,
    48, 34,
    48, 43,
    48, 53,
    48, 55,
    48, 56,
    48, 57,
    48, 58,
    48, 59,
    48, 89,
    49, 13,
    49, 14,
    49, 15,
    49, 16,
    49, 34,
    49, 43,
    49, 52,
    49, 53,
    49, 57,
    49, 58,
    49, 59,
    49, 66,
    49, 68,
    49, 69,
    49, 70,
    49, 72,
    49, 80,
    49, 82,
    49, 84,
    49, 89,
    49, 91,
    49, 99,
    50, 11,
    50, 16,
    50, 34,
    50, 43,
    50, 53,
    50, 55,
    50, 56,
    50, 57,
    50, 58,
    50, 59,
    50, 89,
    51, 11,
    51, 14,
    51, 43,
    51, 52,
    51, 53,
    51, 55,
    51, 56,
    51, 58,
    51, 59,
    51, 68,
    51, 69,
    51, 70,
    51, 80,
    51, 82,
    51, 99,
    52, 11,
    52, 14,
    52, 43,
    52, 52,
    52, 53,
    52, 58,
    52, 85,
    52, 91,
    52, 99,
    53, 13,
    53, 14,
    53, 15,
    53, 16,
    53, 27,
    53, 28,
    53, 34,
    53, 36,
    53, 40,
    53, 43,
    53, 48,
    53, 50,
    53, 52,
    53, 57,
    53, 58,
    53, 59,
    53, 66,
    53, 68,
    53, 69,
    53, 70,
    53, 71,
    53, 72,
    53, 78,
    53, 79,
    53, 80,
    53, 81,
    53, 82,
    53, 83,
    53, 84,
    53, 85,
    53, 86,
    53, 87,
    53, 88,
    53, 89,
    53, 90,
    53, 91,
    53, 99,
    54, 13,
    54, 15,
    54, 16,
    54, 34,
    54, 43,
    54, 52,
    54, 57,
    54, 58,
    54, 72,
    55, 13,
    55, 14,
    55, 15,
    55, 16,
    55, 34,
    55, 36,
    55, 40,
    55, 43,
    55, 48,
    55, 50,
    55, 52,
    55, 54,
    55, 55,
    55, 59,
    55, 66,
    55, 68,
    55, 69,
    55, 70,
    55, 72,
    55, 78,
    55, 79,
    55, 80,
    55, 81,
    55, 82,
    55, 83,
    55, 84,
    55, 86,
    55, 87,
    55, 88,
    55, 89,
    55, 90,
    55, 91,
    55, 99,
    56, 13,
    56, 14,
    56, 15,
    56, 16,
    56, 36,
    56, 40,
    56, 43,
    56, 48,
    56, 50,
    56, 52,
    56, 59,
    56, 66,
    56, 72,
    56, 91,
    56, 99,
    57, 3,
    57, 8,
    57, 11,
    57, 14,
    57, 34,
    57, 36,
    57, 40,
    57, 43,
    57, 48,
    57, 50,
    57, 52,
    57, 53,
    57, 54,
    57, 66,
    57, 71,
    57, 85,
    57, 86,
    57, 87,
    57, 88,
    57, 89,
    57, 90,
    57, 91,
    57, 99,
    58, 13,
    58, 14,
    58, 15,
    58, 16,
    58, 27,
    58, 28,
    58, 34,
    58, 36,
    58, 40,
    58, 43,
    58, 48,
    58, 50,
    58, 52,
    58, 53,
    58, 54,
    58, 59,
    58, 66,
    58, 68,
    58, 69,
    58, 70,
    58, 72,
    58, 78,
    58, 79,
    58, 80,
    58, 81,
    58, 82,
    58, 83,
    58, 84,
    58, 85,
    58, 86,
    58, 87,
    58, 88,
    58, 89,
    58, 90,
    58, 91,
    58, 99,
    59, 14,
    59, 34,
    59, 36,
    59, 40,
    59, 43,
    59, 48,
    59, 50,
    59, 52,
    59, 54,
    59, 55,
    59, 56,
    59, 58,
    59, 59,
    59, 66,
    59, 68,
    59, 69,
    59, 70,
    59, 71,
    59, 72,
    59, 80,
    59, 82,
    59, 85,
    59, 86,
    59, 87,
    59, 88,
    59, 89,
    59, 90,
    59, 99,
    60, 43,
    60, 75,
    61, 53,
    61, 54,
    61, 55,
    61, 56,
    61, 58,
    61, 72,
    61, 75,
    61, 87,
    61, 88,
    61, 90,
    61, 96,
    66, 11,
    66, 32,
    66, 53,
    66, 55,
    66, 58,
    66, 85,
    67, 3,
    67, 8,
    67, 11,
    67, 13,
    67, 14,
    67, 15,
    67, 32,
    67, 53,
    67, 55,
    67, 58,
    67, 61,
    67, 66,
    67, 85,
    67, 89,
    67, 99,
    68, 14,
    68, 53,
    68, 55,
    68, 58,
    68, 66,
    68, 68,
    68, 69,
    68, 70,
    68, 72,
    68, 80,
    68, 82,
    68, 85,
    68, 87,
    68, 88,
    68, 89,
    68, 90,
    68, 99,
    70, 11,
    70, 14,
    70, 43,
    70, 52,
    70, 53,
    70, 55,
    70, 56,
    70, 58,
    70, 61,
    70, 66,
    70, 72,
    70, 85,
    70, 87,
    70, 88,
    70, 90,
    70, 91,
    70, 99,
    71, 2,
    71, 3,
    71, 8,
    71, 10,
    71, 13,
    71, 14,
    71, 15,
    71, 16,
    71, 32,
    71, 53,
    71, 55,
    71, 56,
    71, 57,
    71, 58,
    71, 61,
    71, 62,
    71, 66,
    71, 68,
    71, 69,
    71, 70,
    71, 72,
    71, 75,
    71, 80,
    71, 82,
    71, 87,
    71, 91,
    71, 94,
    71, 99,
    72, 10,
    72, 11,
    72, 16,
    72, 32,
    72, 53,
    72, 58,
    72, 62,
    72, 66,
    72, 68,
    72, 69,
    72, 70,
    72, 75,
    72, 80,
    72, 82,
    72, 90,
    72, 91,
    72, 94,
    73, 11,
    73, 53,
    73, 55,
    73, 58,
    76, 11,
    76, 13,
    76, 14,
    76, 15,
    76, 27,
    76, 28,
    76, 32,
    76, 53,
    76, 58,
    76, 66,
    76, 68,
    76, 69,
    76, 70,
    76, 72,
    76, 75,
    76, 80,
    76, 82,
    76, 85,
    76, 86,
    76, 99,
    77, 75,
    78, 11,
    78, 53,
    78, 55,
    78, 58,
    79, 11,
    79, 53,
    79, 55,
    79, 58,
    80, 3,
    80, 8,
    80, 11,
    80, 13,
    80, 14,
    80, 15,
    80, 32,
    80, 53,
    80, 55,
    80, 58,
    80, 61,
    80, 66,
    80, 85,
    80, 89,
    80, 99,
    81, 3,
    81, 8,
    81, 11,
    81, 13,
    81, 14,
    81, 15,
    81, 32,
    81, 53,
    81, 55,
    81, 58,
    81, 61,
    81, 66,
    81, 85,
    81, 89,
    81, 99,
    82, 11,
    82, 53,
    82, 55,
    82, 58,
    83, 13,
    83, 14,
    83, 15,
    83, 16,
    83, 27,
    83, 28,
    83, 34,
    83, 43,
    83, 59,
    83, 61,
    83, 66,
    83, 68,
    83, 69,
    83, 70,
    83, 72,
    83, 80,
    83, 82,
    83, 87,
    83, 88,
    83, 90,
    83, 99,
    84, 11,
    84, 14,
    84, 53,
    84, 55,
    84, 58,
    84, 85,
    84, 99,
    85, 13,
    85, 14,
    85, 15,
    85, 16,
    85, 27,
    85, 28,
    85, 32,
    85, 53,
    85, 66,
    85, 68,
    85, 69,
    85, 70,
    85, 72,
    85, 80,
    85, 82,
    85, 84,
    85, 85,
    85, 89,
    85, 99,
    86, 11,
    86, 53,
    86, 55,
    86, 58,
    87, 11,
    87, 13,
    87, 15,
    87, 16,
    87, 34,
    87, 43,
    87, 53,
    87, 55,
    87, 58,
    87, 59,
    87, 66,
    87, 75,
    87, 91,
    88, 11,
    88, 13,
    88, 15,
    88, 16,
    88, 43,
    88, 53,
    88, 55,
    88, 57,
    88, 58,
    88, 66,
    88, 75,
    88, 91,
    89, 2,
    89, 11,
    89, 14,
    89, 36,
    89, 40,
    89, 48,
    89, 50,
    89, 53,
    89, 55,
    89, 57,
    89, 58,
    89, 66,
    89, 68,
    89, 69,
    89, 70,
    89, 80,
    89, 82,
    89, 85,
    89, 90,
    89, 99,
    90, 13,
    90, 15,
    90, 16,
    90, 43,
    90, 53,
    90, 66,
    90, 75,
    90, 89,
    90, 91,
    91, 14,
    91, 53,
    91, 58,
    91, 66,
    91, 68,
    91, 69,
    91, 70,
    91, 72,
    91, 80,
    91, 82,
    91, 86,
    91, 99,
    92, 43,
    92, 75,
    96, 13,
    96, 14,
    96, 15,
    96, 16,
    96, 27,
    96, 28,
    96, 97,
    96, 98,
    96, 99,
    97, 3,
    97, 8,
    97, 11,
    97, 14,
    97, 96,
    97, 99,
    98, 3,
    98, 8,
    98, 11,
    98, 13,
    98, 14,
    98, 15,
    98, 32,
    98, 61,
    98, 96,
    98, 99,
    99, 43,
    99, 52,
    99, 53,
    99, 55,
    99, 56,
    99, 57,
    99, 58,
    99, 59,
    99, 85,
    99, 89,
    99, 96,
    99, 97
};

/* Kerning between the respective left and right glyphs
 * 4.4 format which needs to scaled with `kern_scale`*/
static const int8_t kern_pair_values[] =
{
    -28, -28, -12, -23, -3, -3, -11, -11,
    -11, -11, -11, -6, -3, -11, -28, -28,
    -12, -23, -3, -3, -11, -11, -11, -11,
    -11, -6, -3, -11, -6, 23, -20, -20,
    -32, -28, -4, -16, -8, -22, -3, -3,
    -3, 5, -3, -3, -9, -4, -3, -6,
    -28, -3, -6, -3, -11, -5, -3, -6,
    -16, -6, -8, -3, -11, -6, -20, -20,
    -32, -28, -4, -16, -8, -22, -3, -3,
    -3, 5, -3, -3, -9, -4, -3, -6,
    -28, -3, -11, -3, -3, -23, -3, -3,
    -6, -12, -12, -12, -3, 11, 11, -12,
    -12, 5, -6, -12, -18, -5, 1, -18,
    -5, 1, -12, -12, -29, -5, -3, -3,
    -3, -3, -3, -12, -5, -3, 3, -3,
    -3, -11, 8, -3, 8, -3, -3, -8,
    -4, -3, -6, -3, -3, -3, -3, -3,
    -3, -5, -6, -6, -3, -6, -6, -6,
    -6, -3, -3, -6, -6, -3, -3, -3,
    -3, -5, -12, -6, -3, -8, -6, -3,
    -3, -3, -6, -6, -3, -3, -3, -3,
    -3, -3, -6, -3, -6, -3, -16, -16,
    -24, -10, -3, -3, -40, -3, -3, -4,
    3, 3, -6, 4, -8, -8, -3, -3,
    -3, -6, -6, -6, -3, -6, -3, -6,
    -4, -3, -4, -3, -2, -5, -2, -4,
    -9, -6, -3, -6, -6, -11, -3, -3,
    -11, -4, -3, -4, -4, -4, -4, -3,
    -3, -2, -3, -2, -3, -5, -5, -3,
    -2, -2, -3, -3, -4, -14, -14, -39,
    -17, -5, 3, -5, -5, -5, -5, -5,
    -34, -6, -21, -15, -19, -23, -3, -3,
    -3, -3, -3, -3, -4, -3, -6, -8,
    -6, -17, -12, -6, -3, -8, -6, -3,
    -3, -3, -6, -6, -3, -27, -11, -27,
    -27, -14, -42, -3, -9, -6, -3, -28,
    -14, -7, -7, -7, -12, -7, -7, -3,
    -3, -6, -11, -12, -6, -3, -8, -6,
    -3, -3, -3, -6, -6, -3, -3, -9,
    -6, -4, -3, 5, 3, 3, -3, -3,
    -3, -3, -3, -3, -9, -6, 3, -3,
    -3, -6, -3, -6, 3, 3, -28, -23,
    -28, -30, -6, -6, -11, -6, -6, -37,
    -6, -6, -14, -6, -3, -17, -23, -16,
    -16, -16, -6, -23, -14, -14, -16, -14,
    -16, -14, -16, -6, -14, -11, -12, -14,
    -11, -24, -23, -2, -2, -12, -6, -11,
    -3, -3, -3, -3, -16, -5, -16, -17,
    -3, -3, -3, -23, -3, -3, -3, -3,
    3, -5, -3, -3, -3, -3, -6, -6,
    -6, -3, -6, -3, -6, -2, -8, -2,
    -2, -3, -2, -8, -5, -8, -3, -8,
    -13, -3, -3, -22, -3, -3, -3, -3,
    -6, -6, -3, -3, -3, -3, -3, -6,
    3, -3, -3, 3, -3, -3, -3, -6,
    -3, -3, -2, -2, -3, -2, -3, -3,
    -2, -3, -6, -21, -16, -21, -23, -5,
    -5, -3, -3, -3, -28, -3, -3, -4,
    -3, -3, -8, -17, -9, -9, -9, -17,
    -11, -11, -9, -11, -9, -11, -9, -3,
    -8, -3, -6, -8, -3, -11, -16, -12,
    -3, -6, -6, -11, -6, -6, -8, -3,
    -3, -3, -3, -6, -6, -8, -8, -8,
    -6, -5, -8, -8, -3, -8, -6, -6,
    -6, -6, -12, -6, 23, -28, -11, -17,
    -11, -23, 11, 23, -6, -3, 6, -28,
    -17, 1, -6, -2, -6, -3, -11, -11,
    -11, -3, 3, -3, 1, -16, -5, -11,
    -5, -5, -3, -3, 3, -3, -6, -3,
    -6, -3, -5, -5, -5, -3, -5, -5,
    -3, 3, 3, 5, 3, -3, -12, 3,
    -6, -6, -6, -2, -3, -5, -3, -5,
    -3, -3, 4, 4, 4, 2, 3, 6,
    11, 11, 17, -11, -3, -11, -6, 8,
    14, 20, 14, 11, 20, 24, 17, -6,
    -3, -3, -3, -5, -3, -3, -3, 6,
    -3, 17, -3, 6, -11, 18, -8, -5,
    -3, 6, -4, -3, -3, -3, 8, -3,
    -3, 7, -3, 6, -12, -6, -3, -2,
    -6, 6, -4, 6, 6, 6, 1, -6,
    -2, -3, -3, -3, -3, -3, -3, -3,
    -3, -3, -3, -4, 2, -12, -6, -3,
    -2, -12, -6, -3, -2, -11, -11, -11,
    -3, 3, -3, 1, -16, -5, -11, -5,
    -5, -3, -3, 3, -11, -11, -11, -3,
    3, -3, 1, -16, -5, -11, -5, -5,
    -3, -3, 3, -9, -6, -3, -8, -9,
    -6, -9, -12, 11, 11, -3, -12, -3,
    6, -6, -3, -3, -3, -3, -3, -3,
    11, 8, 11, -6, -18, 3, -6, -3,
    -6, -6, 3, 6, -5, 6, 6, 6,
    6, -5, -3, -6, -3, -3, -3, -3,
    -3, -3, -3, -6, -6, -5, -9, -6,
    -3, -8, -3, -4, -4, -6, -3, -11,
    -6, -2, -3, -3, -6, -3, -6, -3,
    -2, -2, -3, -8, -6, -2, -3, -6,
    -3, -3, -3, -3, -7, -3, -3, -3,
    -3, -3, -11, -3, -3, -8, -3, -3,
    -3, -3, -3, -3, -6, 3, -3, -4,
    -4, -6, -11, -6, -6, -3, -3, -6,
    -2, -8, -11, -8, -3, -3, -3, -3,
    -3, -3, -3, -2, -6, 23, -28, -23,
    -28, -30, -6, -6, -6, -16, -23, -3,
    -3, -3, -6, -6, -6, -11, -11, -11,
    -3, 3, -3, 1, -5, -16, 3, -6,
    -3, -11, -5, -3, -6, -16, -6, -8,
    -3, -11, -6
};

/*Collect the kern pair's data in one place*/
static const lv_font_fmt_txt_kern_pair_t kern_pairs =
{
    .glyph_ids = kern_pair_glyph_ids,
    .values = kern_pair_values,
    .pair_cnt = 851,
    .glyph_ids_size = 1
};

/*--------------------
 *  ALL CUSTOM DATA
 *--------------------*/

#if LVGL_VERSION_MAJOR == 8
/*Store all the custom data of the font*/
static  lv_font_fmt_txt_glyph_cache_t cache;
#endif

#if LVGL_VERSION_MAJOR >= 8
static const lv_font_fmt_txt_dsc_t font_dsc = {
#else
static lv_font_fmt_txt_dsc_t font_dsc = {
#endif
    .glyph_bitmap = glyph_bitmap,
    .glyph_dsc = glyph_dsc,
    .cmaps = cmaps,
    .kern_dsc = &kern_pairs,
    .kern_scale = 16,
    .cmap_num = 2,
    .bpp = 1,
    .kern_classes = 0,
    .bitmap_format = 0,
#if LVGL_VERSION_MAJOR == 8
    .cache = &cache
#endif
};



/*-----------------
 *  PUBLIC FONT
 *----------------*/

/*Initialize a public general font descriptor*/
#if LVGL_VERSION_MAJOR >= 8
const lv_font_t notosanssc_16 = {
#else
lv_font_t notosanssc_16 = {
#endif
    .get_glyph_dsc = lv_font_get_glyph_dsc_fmt_txt,    /*Function pointer to get glyph's data*/
    .get_glyph_bitmap = lv_font_get_bitmap_fmt_txt,    /*Function pointer to get glyph's bitmap*/
    .line_height = 20,          /*The maximum line height required by the font*/
    .base_line = 5,             /*Baseline measured from the bottom of the line*/
#if !(LVGL_VERSION_MAJOR == 6 && LVGL_VERSION_MINOR == 0)
    .subpx = LV_FONT_SUBPX_NONE,
#endif
#if LV_VERSION_CHECK(7, 4, 0) || LVGL_VERSION_MAJOR >= 8
    .underline_position = -2,
    .underline_thickness = 1,
#endif
    .dsc = &font_dsc,          /*The custom font data. Will be accessed by `get_glyph_bitmap/dsc` */
#if LV_VERSION_CHECK(8, 2, 0) || LVGL_VERSION_MAJOR >= 9
    .fallback = NULL,
#endif
    .user_data = NULL,
};



#endif /*#if NOTOSANSSC_16*/

